z,dz,inst_src,inst_tgt,c_src,c_tgt,label_same,overlap_px,IoU,area_src,area_tgt,area_ratio,dy,dx,d_centroid
0,1,1,1,1,1,1,133062,0.9230481079393709,140860.0,136357.0,0.9680320885986086,-4.191452563668861,7.498833172917784,8.590737660337352
0,1,2,2,2,2,1,82445,0.9194062806673209,85921.0,86196.0,0.996809596733027,-0.7267789304822259,-2.3791450690910096,2.4876774054472883
0,1,3,3,3,3,1,77079,0.900035030359645,81598.0,81121.0,0.9941542684869727,-2.609091135005656,4.63957642812511,5.322877603625623
0,1,3,3,3,4,1,421,0.005156975391060426,81598.0,460.0,0.005637393073359641,90.8017395993295,-219.39189014649764,237.44000795215058
0,1,3,54,3,55,0,91,0.0008821334057135102,81598.0,21652.0,0.26534964092257163,-144.7096440262418,289.75371865357283,323.87975939810667
0,1,3,3,4,3,1,683,0.008415682988738018,720.0,81121.0,0.008875630231382749,-147.71185730438344,57.79016222679684,158.61429834195286
0,1,4,4,5,5,1,112945,0.9759606660502735,114348.0,114324.0,0.9997901143876587,-1.4831879465514248,3.8851256722691687,4.158611303562812
0,1,4,4,6,6,1,2348,0.5077854671280276,4494.0,2478.0,0.5514018691588785,-22.63947787256825,0.9123992064749018,22.65785582650052
0,1,4,4,6,7,1,1080,0.23751924345722455,4494.0,1133.0,0.25211392968402313,34.79050580729199,1.7621695063851348,34.8351049330478
0,1,5,5,7,8,1,78096,0.9575047203354503,80159.0,79499.0,0.9917663643508526,1.8683639199769004,-2.8160812807907973,3.379511431774094
0,1,5,5,8,9,1,596,0.7710219922380336,651.0,718.0,0.9066852367688022,1.5394550487999368,-2.2165406552593083,2.698698635211605
0,1,6,6,9,10,1,89947,0.9541524785454392,93069.0,91147.0,0.9793486552987568,-0.4581539034115849,5.57306838898819,5.5918687634413144
0,1,8,8,10,11,1,666,0.017157431022490146,776.0,38707.0,0.020048053323688222,104.98902197157122,-65.90107206427137,123.95824310535929
0,1,8,8,11,11,1,36326,0.924466839721077,36913.0,38707.0,0.9536517942491022,-1.4769911406199299,4.597444439148063,4.828871317453304
0,1,10,10,12,12,1,31991,0.958445682785068,32425.0,32944.0,0.9842459932005828,1.3806621699195603,-0.7044553098775026,1.5499952616255306
0,1,12,12,13,13,1,650,0.7222222222222222,704.0,846.0,0.8321513002364066,-1.9683033795399751,-0.9041680098862344,2.1660420088285735
0,1,12,12,14,14,1,133067,0.9698619553650821,134421.0,135848.0,0.9894956127436547,0.4363530906662163,-1.1417428254533206,1.2222850319005345
0,1,13,13,15,16,1,150065,0.9619242972981635,152562.0,153508.0,0.9938374547254866,3.7683093525879485,-2.34643606199279,4.4391347771634555
0,1,13,13,16,16,1,1374,0.008941412274593764,1533.0,153508.0,0.009986450217578238,-424.40199401206246,410.4536014755995,590.414440444765
0,1,14,14,17,18,1,66681,0.9504946261082761,68568.0,68267.0,0.9956101971765255,0.4484645789066235,1.4283067673995902,1.4970573470423107
0,1,14,15,17,19,0,9,8.512248179324696e-05,68568.0,37171.0,0.5421041885427604,121.4549618285123,88.19378156085531,150.0981374260495
0,1,15,14,18,18,0,86,0.0008202584767990844,36664.0,68267.0,0.5370676900991694,-117.66093639308747,-91.61563079341397,149.12249916955295
0,1,15,15,18,19,1,35914,0.9470741805332138,36664.0,37171.0,0.9863603346695005,3.3455608565182047,-4.850155999958247,5.89209560925464
0,1,15,48,18,48,0,124,0.0028015001581492027,36664.0,7722.0,0.21061531747763473,-61.084136888277044,134.3844815259008,147.61592276706108
0,1,16,16,19,20,1,76636,0.9269325205317077,80857.0,78456.0,0.9703056012466453,-0.18143598756705615,8.867261908182627,8.869117924906119
0,1,16,16,19,23,1,197,0.0024325792749185023,80857.0,324.0,0.004007074217445614,135.25044137516352,-31.567708011262766,138.8855718973749
0,1,16,16,20,24,1,399,0.7348066298342542,419.0,523.0,0.8011472275334608,0.9712371712671484,-1.2337487507813876,1.5701712081507693
0,1,17,17,21,25,1,46117,0.921179314064279,48840.0,47340.0,0.9692874692874693,0.3428507923754296,2.487725264151095,2.511239466026308
0,1,17,55,21,65,0,226,0.004514672686230248,48840.0,1445.0,0.029586404586404585,-193.25267089203066,129.7183502943019,232.75189625431352
0,1,17,55,21,66,0,32,0.00014089282018994113,48840.0,178315.0,0.27389731654656085,114.83383953763814,-555.9052850883221,567.6420497920187
0,1,17,17,22,26,1,2780,0.7119078104993598,2874.0,3811.0,0.7541327735502493,2.578835448132395,-4.572997770253323,5.25001913094477
0,1,17,17,23,27,1,453,0.7306451612903225,539.0,534.0,0.9907235621521335,1.5186779512623616,-2.769277271684814,3.158366559967435
0,1,23,23,24,28,1,425,0.6381381381381381,539.0,552.0,0.9764492753623188,3.177179962894229,-1.8757629534029547,3.6895743892725013
0,1,23,23,25,29,1,353,0.6086206896551725,412.0,521.0,0.7907869481765835,-1.6870376236886386,-3.3038732459981475,3.7096730811977685
0,1,23,23,26,30,1,45604,0.9542382456947961,46680.0,46715.0,0.9992507759820186,-2.5857799248683477,0.4848461302613032,2.6308427527850307
0,1,24,24,27,31,1,26034,0.9054989391673333,27356.0,27429.0,0.9973385832513033,2.292105333286827,-4.580927046298257,5.122366588051737
0,1,24,24,28,34,1,479,0.7904290429042904,536.0,549.0,0.97632058287796,-0.7698495228773936,-1.9700541010793131,2.1151315441489618
0,1,26,26,29,36,1,19110,0.8745595167269232,21292.0,19669.0,0.9237741874882585,2.9272449003769907,-3.477069404334088,4.545192443597885
0,1,29,29,30,37,1,2083,0.888272921108742,2166.0,2262.0,0.9575596816976127,-0.00904746859464467,-1.057689246150403,1.0577279414434408
0,1,29,29,31,38,1,449,0.7093206951026856,483.0,599.0,0.8063439065108514,-1.2745016711774042,-1.3567367282254281,1.8614749688217231
0,1,29,29,32,39,1,109,0.0005092625037961081,149.0,213995.0,0.0006962779504194023,194.5407973685642,-285.2255501484934,345.25314813670775
0,1,29,29,33,39,1,208,0.0009716266337808421,287.0,213995.0,0.0013411528306736138,181.06943193583038,-513.655992353203,544.6362250731382
0,1,29,29,34,39,1,209464,0.9712785985217335,211127.0,213995.0,0.9865978177060212,-0.6134005102976516,1.9570839052551605,2.0509601649574303
0,1,43,43,35,41,1,7277,0.8821675354588435,7802.0,7724.0,0.9900025634452705,3.1418883883097806,-1.2599010584465304,3.38508690016527
0,1,43,43,36,42,1,5769,0.8073047858942065,6275.0,6640.0,0.9450301204819277,-5.738687058993037,-5.915748451975105,8.241881393717092
0,1,46,46,37,43,1,12046,0.8694961743900679,12581.0,13319.0,0.9445904347173211,2.4626715810745736,-3.6418934055723184,4.396377928907327
0,1,46,46,38,44,1,214,0.7353951890034365,256.0,249.0,0.97265625,1.7396147088352336,-0.46518888052196417,1.8007387455589368
0,1,46,46,39,45,1,565,0.6873479318734793,651.0,736.0,0.8845108695652174,1.9312909069658417,-2.3422180758698232,3.035765155979672
0,1,46,46,40,46,1,850,0.6843800322061192,874.0,1218.0,0.7175697865353038,-0.3776100671466338,0.1944647976761189,0.42474218102950306
0,1,46,46,41,47,1,455,0.7446808510638298,477.0,589.0,0.8098471986417657,-1.8049246671153014,0.5262659590748626,1.880082156088469
0,1,48,48,42,48,1,7247,0.876723929349141,7791.0,7722.0,0.9911436272622256,3.2074237532460756,-3.645919120312783,4.855954423668892
0,1,48,15,43,19,0,84,0.001628380343123001,14498.0,37171.0,0.39003524252777705,-116.06068112266985,139.08198950472843,181.14602260952748
0,1,48,48,43,49,1,13825,0.8824280334460969,14498.0,14994.0,0.9669201013738828,-0.003912486040917429,-6.1981973917999085,6.198198626638405
0,1,49,49,44,50,1,12087,0.8341614906832299,14304.0,12273.0,0.858011744966443,8.25453674979235,-12.067511905464926,14.620609444965355
0,1,53,53,45,51,1,1469,0.7510224948875256,1523.0,1902.0,0.8007360672975815,0.8225284508893935,-2.263518789703994,2.4083335242165984
0,1,53,53,46,52,1,2617,0.5153603781016148,2975.0,4720.0,0.6302966101694916,-11.516210297678413,-5.5231092436974905,12.772150771822691
0,1,53,53,47,53,1,7488,0.6370597243491577,10705.0,8537.0,0.7974778141055582,-31.967918848946056,22.115858298932835,38.87234265941888
0,1,53,53,47,54,1,1652,0.1508675799086758,10705.0,1897.0,0.1772069126576366,115.8629324258145,-91.82930786017005,147.84059284373404
0,1,54,54,48,55,1,21024,0.927802294792586,22032.0,21652.0,0.9827523602033406,-1.4497104861061416,-0.5268865426719458,1.5424882243877591
0,1,55,55,49,56,1,6961,0.8691472093894369,7684.0,7286.0,0.948204060385216,0.3174220224821056,-1.3896467421707257,1.4254384618012599
0,1,55,55,50,57,1,3876,0.7713432835820896,4009.0,4892.0,0.8195012264922322,-2.305609751321981,-2.275961670052766,3.239728051695139
0,1,55,55,51,58,1,18408,0.8628884826325411,19570.0,20171.0,0.9702047493926925,1.120883198778074,-12.854202394767526,12.902980211987856
0,1,55,55,52,59,1,894,0.43398058252427185,903.0,2051.0,0.4402730375426621,1.028301565883794,10.299169624195656,10.350376759246668
0,1,55,55,53,59,1,396,0.19056785370548604,423.0,2051.0,0.20624085811799123,-2.6501147453875546,-34.12967669579393,34.23241065895214
0,1,55,55,54,60,1,347,0.7024291497975709,411.0,430.0,0.9558139534883721,-0.4899337973179172,-2.7138686131388567,2.757737836549112
0,1,55,55,55,61,1,304,0.769620253164557,358.0,341.0,0.952513966480447,-0.11563099002273702,-1.8613673225313505,1.864955451275222
0,1,55,55,56,62,1,459,0.8010471204188482,497.0,535.0,0.9289719626168225,-0.7756407604506421,-1.154809229206876,1.3911157195337236
0,1,55,55,57,65,1,1065,0.6884292178409825,1167.0,1445.0,0.8076124567474049,2.3171465592135974,-6.0340292294145,6.463642697295694
0,1,55,55,58,66,1,175665,0.9726205636454238,177960.0,178315.0,0.9980091411266578,-0.7259506148020591,0.9596227423307937,1.2032788964865795
0,1,55,55,59,67,1,831,0.7680221811460258,918.0,995.0,0.9226130653266331,1.7057663042883178,-2.8809713053283303,3.3480792026131416
0,1,55,55,60,68,1,957,0.7305343511450382,1084.0,1183.0,0.9163144547759933,-0.8587079256253674,-3.033215010932963,3.152423290752826
0,1,55,55,61,70,1,1791,0.8178082191780822,1992.0,1989.0,0.9984939759036144,1.138659464403645,-2.80524208447666,3.0275284521198067
0,1,999,999,62,71,1,27539,0.9551208684493462,28379.0,27993.0,0.9863983931780542,-1.2384469152178212,0.22081859609033927,1.2579791787592693
1,1,1,1,1,1,1,104709,0.7619633241158492,136357.0,105772.0,0.7756990840220891,-36.21640955826521,107.38188502044113,113.32474377573172
1,1,1,1,1,2,1,2066,0.015138192795802925,136357.0,2185.0,0.016024113173507777,-48.770730752222306,-117.54304991797949,127.2593916460643
1,1,1,1,1,3,1,18181,0.13173873978320097,136357.0,19832.0,0.14544174483158182,170.88997316526124,-462.13300930682294,492.71726296061905
1,1,2,2,2,4,1,81879,0.9318197336975077,86196.0,83553.0,0.9693373242377836,-5.923587093640151,2.51435322212501,6.4351267416850915
1,1,3,3,3,5,1,74663,0.9014766429614962,81121.0,76365.0,0.9413715314160328,-11.102205911749593,14.561147273628649,18.31081609407922
1,1,3,3,3,6,1,146,0.0017996696496807435,81121.0,151.0,0.0018614168957483265,-75.77402385823609,-71.31168540560475,104.05315548822378
1,1,3,3,3,8,1,579,0.0071351111549268,81121.0,606.0,0.007470322111413814,253.48860372902595,-215.8454427548495,332.93501975389756
1,1,3,3,4,7,1,432,0.8981288981288982,460.0,453.0,0.9847826086956522,-0.8073711488626714,0.4019003743160283,0.9018714336817601
1,1,4,4,5,9,1,113085,0.9698791564105423,114324.0,115358.0,0.9910365991088611,-1.9323638611657543,5.848660154586014,6.159614898334272
1,1,4,4,6,10,1,2233,0.7569491525423728,2478.0,2705.0,0.9160813308687615,-4.154547597415558,3.1082419934984955,5.18858690101061
1,1,4,4,7,11,1,647,0.5650655021834061,1133.0,659.0,0.5816416593115622,5.036710788364644,2.4891802953736715,5.61822695416493
1,1,5,5,8,12,1,77922,0.9600798403193613,79499.0,79585.0,0.9989193943582333,1.1049313431287828,-1.5349601758501876,1.8912895110147507
1,1,5,5,9,14,1,684,0.8290909090909091,718.0,791.0,0.9077117572692794,0.6736140212487953,1.2713236303962674,1.438756276381416
1,1,6,6,10,15,1,87947,0.9426865607648938,91147.0,90094.0,0.9884472335896958,-1.7467433060221538,10.844016071219812,10.983797008776463
1,1,8,8,11,16,1,38202,0.9609599034059466,38707.0,39249.0,0.9861907309740375,0.001597889253844187,2.82357117318557,2.8235716253168794
1,1,10,10,12,17,1,32313,0.9574222222222222,32944.0,33119.0,0.9947160240345421,-0.6866120891181708,2.2952841918631464,2.395780808492312
1,1,12,12,13,18,1,825,0.6892230576441103,846.0,1176.0,0.7193877551020408,-1.1796268152652374,0.4657210401892371,1.2682332240434926
1,1,12,12,14,19,1,135117,0.9735636159266785,135848.0,138055.0,0.9840136177610372,0.5275701996961288,-1.7850133647208963,1.8613444140834412
1,1,12,12,15,20,1,1710,0.7606761565836299,1733.0,2225.0,0.778876404494382,3.2292637953278245,-1.3243911642472312,3.4902946316537813
1,1,13,13,16,21,1,149121,0.9601073932666739,153508.0,150930.0,0.9832060869791802,-5.904283687206771,9.632558591605175,11.29808616004156
1,1,13,13,16,24,1,1427,0.009287220472235961,153508.0,1571.0,0.010233994319514293,424.3488882044594,-414.69351082406047,593.3318522040984
1,1,13,13,17,23,1,506,0.8547297297297297,589.0,509.0,0.8641765704584041,1.0234455522163444,-0.1063772302295547,1.0289591408130498
1,1,14,14,18,25,1,67217,0.9641545699695909,68267.0,68666.0,0.9941892639734367,-1.3822826222008189,4.853603492760612,5.046600054747393
1,1,15,14,19,25,0,273,0.0025861089007616234,37171.0,68666.0,0.541330498354353,-122.38877987180649,-81.91187130069511,147.27039111271193
1,1,15,15,19,26,1,36240,0.9614772365488697,37171.0,36761.0,0.9889698958865782,1.149783784891497,-1.5896039796477908,1.9618469777511982
1,1,15,48,19,52,0,8,0.00017855947146396448,37171.0,7640.0,0.20553657421107852,-62.77495885366898,138.24562625595775,151.83065776707215
1,1,15,48,19,53,0,13,0.000249961544377788,37171.0,14850.0,0.399504990449544,115.048245793148,-146.0564632252416,185.92630074829904
1,1,16,16,20,27,1,75256,0.9389746341098232,78456.0,76947.0,0.9807662893851331,-0.8380727568564907,8.485293378668985,8.526580185975426
1,1,16,16,21,28,1,1568,0.46680559690384044,1732.0,3195.0,0.5420970266040689,-10.526015497655862,-10.425202485118689,14.814919814586114
1,1,16,16,22,29,1,326,0.8380462724935732,354.0,361.0,0.9806094182825484,-0.9591999624394703,-0.5138112900449414,1.0881482480441385
1,1,16,16,23,30,1,318,0.8174807197943444,324.0,383.0,0.8459530026109661,1.039390129903495,0.0047867711052731465,1.0394011522595203
1,1,16,16,24,31,1,513,0.8814432989690721,523.0,572.0,0.9143356643356644,-0.18318870422126565,-0.24505943387384832,0.30596115355521425
1,1,17,17,25,32,1,46840,0.827123432809465,47340.0,56130.0,0.843399251737039,-13.056568673076072,39.88060927951756,41.96351965720098
1,1,17,55,25,70,0,15,0.0003066481314907188,47340.0,1591.0,0.03360794254330376,-192.89015999375442,125.06591262320785,229.8871382280706
1,1,17,17,26,32,1,3756,0.0668505828957907,3811.0,56130.0,0.06789595581685373,94.21560055954023,-291.11200267793083,305.9783938319019
1,1,17,17,27,33,1,477,0.8517857142857143,534.0,503.0,0.9419475655430711,0.07578126745147529,1.1046306431076118,1.1072270129421915
1,1,23,23,28,34,1,431,0.008948034961695767,552.0,48046.0,0.011488989718186737,218.69837239312324,-144.9775164139196,262.38799201363906
1,1,23,23,29,34,1,519,0.010801698301698302,521.0,48046.0,0.010843774715897266,197.97764302652058,-189.68859321716855,274.1840796527852
1,1,23,23,30,34,1,45496,0.9234953821171217,46715.0,48046.0,0.972297381675894,-9.721824545761592,9.719832605031115,13.747327680985805
1,1,24,24,31,35,1,26265,0.9109037941319276,27429.0,27670.0,0.9912902059992772,4.509238962563359,-5.0974486522309235,6.805675483273525
1,1,24,24,32,37,1,661,0.8409669211195929,694.0,753.0,0.9216467463479415,1.0805959638871627,1.4458132886320527,1.8050107209527197
1,1,24,24,33,38,1,1188,0.481947261663286,1261.0,2392.0,0.5271739130434783,0.8007749198359306,-18.83673240699227,18.853745735128363
1,1,24,24,34,35,1,461,0.01660782477123712,549.0,27670.0,0.019840983014094687,-152.45546872685713,183.8347397081002,238.82604855473923
1,1,24,24,35,38,1,559,0.2315658657829329,581.0,2392.0,0.24289297658862877,-8.055420679373128,38.88106798910894,39.70676579999162
1,1,26,26,36,39,1,16636,0.8282798108040826,19669.0,17052.0,0.8669479892216178,3.4178623555044396,-2.9133813123496566,4.491054859642951
1,1,26,26,36,40,1,411,0.020791177660866047,19669.0,510.0,0.02592912705272256,135.89203823275193,-42.74650973613279,142.45669569968626
1,1,29,29,37,41,1,2157,0.8155009451795842,2262.0,2540.0,0.8905511811023622,-3.1657476833963756,4.31341263045033,5.350466046566219
1,1,29,29,38,42,1,580,0.8708708708708709,599.0,647.0,0.9258114374034003,0.1673500140627766,0.5578720845923044,0.5824322192102483
1,1,29,29,39,43,1,212684,0.9696499970365777,213995.0,218030.0,0.9814933724716782,-0.836819651071437,6.571444546992211,6.624511345194676
1,1,29,29,40,43,1,253,0.0011601672841997138,295.0,218030.0,0.0013530248130991147,20.80849369974726,-474.4592244730744,474.9153072892509
1,1,43,43,41,44,1,7416,0.9288577154308617,7724.0,7676.0,0.9937856033143448,2.181946783628746,0.8150580784861177,2.329208328572889
1,1,43,43,42,45,1,5977,0.8339612111064602,6640.0,6504.0,0.9795180722891567,-10.075473665881418,-4.5868457223730275,11.070425613892255
1,1,46,46,43,46,1,12757,0.9062300206009803,13319.0,13515.0,0.9854975952645209,0.8407537492371375,-3.449276929413827,3.5502645257280174
1,1,46,46,44,47,1,222,0.6548672566371682,249.0,312.0,0.7980769230769231,0.9164349706520625,2.464087117701638,2.6289880903224367
1,1,46,46,45,48,1,658,0.7642276422764228,736.0,783.0,0.9399744572158365,1.2205650646901631,-0.26756586984265596,1.2495481470702756
1,1,46,46,46,50,1,1218,0.6710743801652893,1218.0,1815.0,0.6710743801652893,1.6107315881608884,0.542873427512859,1.69975521984751
1,1,46,46,47,50,1,22,0.009235936188077247,589.0,1815.0,0.3245179063360882,-11.700184746056038,-29.332382008072727,31.579787164567005
1,1,46,46,47,51,1,314,0.46795827123695977,589.0,396.0,0.6723259762308998,-7.055281164788994,6.924229562175242,9.885441181046392
1,1,48,14,48,25,0,33,0.0004321917359701395,7722.0,68666.0,0.1124574024990534,-57.95908212701124,-221.14650882655417,228.61547097075217
1,1,48,48,48,52,1,7390,0.9269944806823883,7722.0,7640.0,0.9893809893809894,1.6547388911262715,-0.9890112699013116,1.9277717940144283
1,1,48,48,49,53,1,14350,0.9261649670840325,14994.0,14850.0,0.9903961584633854,-1.0085228434809324,-0.7762763287132657,1.2726834894597365
1,1,49,49,50,54,1,10613,0.8543025034210738,12273.0,10763.0,0.8769656970585838,1.7979255864784136,-1.2055070749116794,2.1646671157884443
1,1,53,53,51,55,1,1850,0.8061002178649237,1902.0,2243.0,0.847971466785555,3.136235504030992,0.8189410869567837,3.241394397578069
1,1,53,53,52,56,1,4606,0.7380227527639801,4720.0,6127.0,0.7703606985474131,0.6027442094314779,0.35228496817353516,0.6981441690683995
1,1,53,53,53,57,1,7809,0.7889472620731461,8537.0,9170.0,0.9309705561613959,-1.7787758182388416,2.0950077595389303,2.7482905457901623
1,1,53,53,54,58,1,1652,0.7498865183840218,1897.0,1958.0,0.9688457609805925,-6.422489571459323,7.966183366780115,10.232714680311766
1,1,54,3,55,5,0,242,0.002475070314497571,21652.0,76365.0,0.28353303214823544,130.99834697948654,-270.5529949518191,300.5985528720273
1,1,54,54,55,59,1,19704,0.8895711060948082,21652.0,20202.0,0.9330315906151857,-6.868522797813398,7.8132235152834255,10.403031631397662
1,1,54,54,55,60,1,923,0.04262688772918302,21652.0,924.0,0.04267504156659893,104.26091308162256,-89.58504038298042,137.4620582452987
1,1,55,55,56,61,1,6906,0.8194114855244423,7286.0,8048.0,0.9053180914512923,-5.013746030542052,3.2148736731408007,5.955926627572741
1,1,55,55,57,62,1,4727,0.8438057836486968,4892.0,5437.0,0.8997608975537981,-1.5023845201656059,0.9091627263665032,1.756056977847647
1,1,55,55,58,63,1,19093,0.9018894662257912,20171.0,20092.0,0.9960834861930494,0.39250346477683706,-7.08581817082495,7.096680781876473
1,1,55,55,59,64,1,1916,0.6423064029500503,2051.0,2848.0,0.7201544943820225,-1.0231128690306832,-3.6152224661582295,3.757205533716699
1,1,55,55,60,65,1,404,0.6699834162520729,430.0,577.0,0.7452339688041595,3.542066019104368,2.5230502599652027,4.348794579881227
1,1,55,55,61,66,1,298,0.83008356545961,341.0,316.0,0.9266862170087976,1.0093266268233947,0.1574390289169969,1.0215318337873858
1,1,55,55,62,67,1,417,0.7380530973451327,535.0,447.0,0.8355140186915888,1.2312153714274245,2.638098224926125,2.911263219840752
1,1,55,55,63,68,1,128,0.7191011235955056,128.0,178.0,0.7191011235955056,-0.3790379213482993,-0.2588658707863942,0.45900031032455485
1,1,55,55,64,69,1,549,0.6203389830508474,558.0,876.0,0.636986301369863,5.073685373398121,-1.4243138410172378,5.269815289547377
1,1,55,55,65,70,1,1392,0.8467153284671532,1445.0,1591.0,0.9082338152105593,0.7053616906516709,-2.1647124069429537,2.2767333878633527
1,1,55,55,66,71,1,175907,0.9603902556207073,178315.0,180754.0,0.9865065226772298,-3.9114823877716844,9.609123173807689,10.374726147675226
1,1,55,55,66,73,1,161,0.0009028813692392243,178315.0,164.0,0.0009197207189524157,-146.99263330923668,44.34225298748515,153.53523910552212
1,1,55,55,66,75,1,309,0.0017318297986817918,178315.0,418.0,0.002344166222695791,218.34319934334826,-175.98578995801608,280.436714726578
1,1,55,55,67,72,1,908,0.8269581056466302,995.0,1011.0,0.9841740850642928,1.911612463901747,-1.0184940528557718,2.166008390530167
1,1,55,55,68,71,1,1059,0.005854775041740842,1183.0,180754.0,0.006544806753930757,174.60685551705728,-567.0550583541801,593.3287395690664
1,1,55,55,69,71,1,160,0.0008851319953088004,170.0,180754.0,0.0009405047744448255,184.79198305919817,-170.06641532300318,251.13873182718592
1,1,55,55,70,74,1,1934,0.8219294517637059,1989.0,2298.0,0.8655352480417755,1.505833651663579,3.281266285720278,3.61029686096407
1,1,999,999,71,76,1,27246,0.941139896373057,27993.0,28203.0,0.992553983618764,-1.9038233124923067,1.8352637037037312,2.644378200507922
2,1,1,1,1,1,1,103218,0.9630611045280237,105772.0,104623.0,0.9891370116855123,-1.5261092972201311,2.3837255192834164,2.8303987242692
2,1,1,1,2,2,1,2119,0.8680868496517821,2185.0,2375.0,0.92,0.019313501144154088,-0.9337665903890411,0.9339663038103787
2,1,1,1,3,3,1,1583,0.07982049213392498,19832.0,1583.0,0.07982049213392498,-20.096098000207462,42.57119682146208,47.07610809790467
2,1,1,1,3,4,1,6916,0.34872932634126663,19832.0,6916.0,0.34872932634126663,44.2467067496525,-64.40742663474384,78.14145931513984
2,1,2,2,4,5,1,79746,0.9328763277338449,83553.0,81677.0,0.9775471856187091,-4.439454106828521,1.1320291515621648,4.581510969824603
2,1,3,3,5,6,1,72368,0.9235677731408808,76365.0,74360.0,0.9737445164669678,-4.007452981344613,7.2486232591227235,8.282645625063454
2,1,3,3,5,7,1,247,0.0032328573485334348,76365.0,285.0,0.0037320762129247694,59.279779590402086,-201.54867792147797,210.08560598047245
2,1,3,54,5,65,0,32,0.0003314722547364278,76365.0,20206.0,0.2645976559942382,-139.8369734671403,279.3859715052163,312.4274319299815
2,1,3,3,7,8,1,382,0.8179871520342612,453.0,396.0,0.8741721854304636,-1.70031440230116,-0.6732222891164383,1.8287420040114812
2,1,3,3,8,9,1,474,0.6510989010989011,606.0,596.0,0.9834983498349835,2.224605178638626,-3.0336456464438015,3.761897673915816
2,1,4,4,9,10,1,114060,0.9744054127938764,115358.0,115758.0,0.9965445152818811,-1.9222844144769624,4.599469263991068,4.9850070090762735
2,1,4,4,10,11,1,2247,0.7257751937984496,2705.0,2638.0,0.9752310536044362,-5.9334816467412566,2.4549335112158133,6.4212851514868685
2,1,4,4,11,12,1,431,0.5912208504801097,659.0,501.0,0.7602427921092565,4.925211791894071,3.43129825326605,6.002626000166848
2,1,5,5,12,13,1,74510,0.910390498998094,79585.0,76769.0,0.9646164478230822,5.268697036099752,-2.831657152053765,5.9814254726598035
2,1,5,5,12,14,1,2226,0.027821522309711286,79585.0,2651.0,0.033310297166551484,-185.94190615894638,45.606904802063184,191.4533421793594
2,1,5,5,13,13,1,102,0.0013286266949759675,104.0,76769.0,0.001354713491122719,-43.40610530392382,219.82611320474908,224.07054698099543
2,1,5,5,14,15,1,749,0.9190184049079755,791.0,773.0,0.97724399494311,-0.021740374818136843,-0.0968577610668433,0.09926766732483837
2,1,6,6,15,16,1,86578,0.9448858427554896,90094.0,88112.0,0.9780007547672431,-1.6499866074143483,8.316827276548338,8.47891925616615
2,1,8,8,16,17,1,38387,0.9438420496176637,39249.0,39809.0,0.9859328292597151,1.0253218212740194,4.669268397941352,4.780517985448279
2,1,10,10,17,18,1,32623,0.971096029052807,33119.0,33098.0,0.999365922884145,0.7189706278227277,-0.8615354731406342,1.1221239393005853
2,1,12,12,18,19,1,1175,0.4246476328153235,1176.0,2766.0,0.42516268980477223,15.394987604586277,-0.30657989877090586,15.39803995902386
2,1,12,12,19,20,1,137380,0.9807603069784044,138055.0,139400.0,0.990351506456241,-0.764572319205854,-0.7970590430684865,1.104479039834197
2,1,12,12,20,21,1,2174,0.8734431498593813,2225.0,2438.0,0.9126333059885152,-2.4739958153209045,0.9481630734345572,2.649465702372879
2,1,13,13,21,23,1,148578,0.9750108277663302,150930.0,150034.0,0.9940634731332406,-0.9490325278252385,2.557336795837273,2.7277525962252533
2,1,13,13,22,24,1,124,0.47876447876447875,125.0,258.0,0.4844961240310077,-2.1700155038761295,0.39916279069757366,2.206422040440189
2,1,13,13,23,25,1,490,0.7644305772230889,509.0,622.0,0.8183279742765274,-1.6424329907326864,-1.6311063241082593,2.3147557040847904
2,1,13,13,24,26,1,1466,0.8689982216953172,1571.0,1582.0,0.993046776232617,-0.9564595654001096,-1.3948631203520563,1.6912888649676734
2,1,14,14,25,27,1,67438,0.9755243743671344,68666.0,67902.0,0.988873678385227,0.054054972491940134,1.4217736129527339,1.4228008105633672
2,1,14,15,25,28,0,10,9.448402275175268e-05,68666.0,37182.0,0.5414906940844086,124.81993497971462,78.28493673301512,147.33820783365178
2,1,15,14,26,27,0,61,0.0005831628458346877,36761.0,67902.0,0.5413831698624488,-123.48450868420605,-78.90049370809459,146.53911352386717
2,1,15,15,26,28,1,36398,0.9694499933413238,36761.0,37182.0,0.9886773169813351,1.2813713230166286,-2.037330588032205,2.4067879824324026
2,1,16,16,27,30,1,74000,0.9427832490349212,76947.0,75544.0,0.9817666705654542,0.390971406503013,7.530568887984828,7.5407112673399705
2,1,16,16,28,31,1,2700,0.7823819182845552,3195.0,2956.0,0.9251956181533646,-1.2896473261462233,-6.463025786654953,6.590439480399086
2,1,16,16,29,33,1,331,0.7995169082125604,361.0,384.0,0.9401041666666666,-1.734302862419554,-0.7434715489382597,1.8869436564660096
2,1,16,16,30,34,1,345,0.7949308755760369,383.0,396.0,0.9671717171717171,0.7243584671782628,-1.3608473771657827,1.5416227725717575
2,1,16,16,31,35,1,530,0.8359621451104101,572.0,592.0,0.9662162162162162,-0.019620582120296604,-1.2901034776036795,1.290252669118668
2,1,17,17,32,36,1,54878,0.9404808829325976,56130.0,57099.0,0.9830294751221562,-1.372811693370295,5.112433832116267,5.293542446530606
2,1,17,17,33,37,1,432,0.8291746641074856,503.0,450.0,0.8946322067594433,-0.024819969074542314,-1.2454296443561361,1.2456769364108469
2,1,23,23,34,38,1,46803,0.9507394165921833,48046.0,47985.0,0.9987303833825917,-2.6574741957699644,1.8209905974281355,3.221517632592579
2,1,24,24,35,39,1,25949,0.9030450669914738,27670.0,27014.0,0.9762920130104806,0.2746529507021478,-1.3458087173153217,1.3735484508859919
2,1,24,24,36,39,1,206,0.007602317599734288,289.0,27014.0,0.010698156511438513,144.6330704340669,-270.7324529662051,306.9442720629988
2,1,24,24,37,40,1,730,0.8859223300970874,753.0,801.0,0.9400749063670412,0.7230752396158096,-0.6053041268132802,0.9429903966014966
2,1,24,24,38,41,1,2212,0.7827317763623496,2392.0,2646.0,0.9040060468631897,-2.1799197754166926,-5.966548232076093,6.352302577250482
2,1,26,26,39,42,1,1208,0.07083382197724875,17052.0,1210.0,0.07095941825005865,-142.22412261570344,113.34961343329019,181.86763296222603
2,1,26,26,39,43,1,13818,0.780413419179939,17052.0,14472.0,0.848698099929627,15.275361940396124,-13.687721471615987,20.510738687200902
2,1,26,26,40,44,1,451,0.8414179104477612,510.0,477.0,0.9352941176470588,-0.6900357627328049,-0.3731532864719611,0.7844697120061865
2,1,29,29,41,45,1,2446,0.8664541268154445,2540.0,2729.0,0.9307438622205936,-2.518186119919392,0.07626787811250324,2.5193408113604767
2,1,29,29,42,46,1,573,0.8463810930576071,647.0,603.0,0.9319938176197836,-0.5375441186649823,-0.46805129427571046,0.7127592115044745
2,1,29,29,43,47,1,216391,0.9818593486970766,218030.0,218750.0,0.9967085714285714,-0.3711046053163045,0.7652367539460556,0.8504739370944098
2,1,29,29,43,48,1,201,0.0009216758910679977,218030.0,252.0,0.0011558042471219558,-182.53371565293537,503.63090862696185,535.6889484341505
2,1,43,43,44,49,1,6882,0.8730178865913992,7676.0,7089.0,0.9235278791036998,-0.7340112215777026,-1.7862341093007217,1.9311666853566354
2,1,43,43,45,50,1,6400,0.9337613072658302,6504.0,6750.0,0.9635555555555556,-2.2412726527263658,-1.1648439251057425,2.5258987457368187
2,1,46,46,46,51,1,12973,0.7954015941140404,13515.0,15768.0,0.8571156773211568,4.851890410395754,-26.865879700721507,27.30048227867285
2,1,46,46,47,52,1,278,0.6219239373601789,312.0,413.0,0.7554479418886199,4.245452287825174,0.044902837275458296,4.245689742903429
2,1,46,46,48,51,1,778,0.0493247955366766,783.0,15768.0,0.04965753424657534,-26.23637791074043,133.09235203555,135.6536829438477
2,1,46,46,49,51,1,504,0.03192500158358143,523.0,15768.0,0.033168442415017756,-33.12253670090104,176.40163949931775,179.48437496213924
2,1,46,46,50,53,1,1735,0.8852040816326531,1815.0,1880.0,0.9654255319148937,-1.5730686946835704,0.28404548385196904,1.598507727566611
2,1,46,46,51,54,1,240,0.5783132530120482,396.0,259.0,0.6540404040404041,-3.434128934128694,0.7881420381422686,3.523408776810736
2,1,48,48,52,55,1,7305,0.9322358346094947,7640.0,7501.0,0.9818062827225131,1.1799275977859907,-1.2415891842692872,1.712825980218508
2,1,48,15,53,28,0,13,0.0002499086872104423,14850.0,37182.0,0.39938680006454735,-112.61709068523987,142.4295286575616,181.5730699966895
2,1,48,48,53,56,1,14378,0.9260595130748422,14850.0,15054.0,0.9864487843762455,0.5108302098979038,-1.5797446767395513,1.660283333359486
2,1,49,49,54,57,1,8561,0.7888141527688197,10763.0,8651.0,0.8037721824770045,5.308947693269147,-9.059598802556707,10.500535989803316
2,1,53,53,55,58,1,2203,0.7724403927068724,2243.0,2812.0,0.7976529160739687,-4.100332217380583,0.5105133467227461,4.1319908240545775
2,1,53,53,56,59,1,5959,0.8239767699115044,6127.0,7064.0,0.8673556058890147,3.334208734116146,-2.9491988979584676,4.451373049113704
2,1,53,53,57,60,1,6071,0.6179763843648208,9170.0,6725.0,0.7333696837513631,-19.051506569425896,35.73916861594125,40.49997624596289
2,1,53,53,57,61,1,1334,0.14282655246252676,9170.0,1504.0,0.16401308615049073,3.087807576741966,-106.17809360425963,106.22298299834131
2,1,53,53,57,62,1,368,0.03959543791693566,9170.0,492.0,0.05365321701199564,93.01065288897166,5.830485145091643,93.19321921609912
2,1,53,53,58,63,1,321,0.15689149560117302,1958.0,409.0,0.20888661899897856,-32.69354488263309,35.99641618237274,48.627254240470236
2,1,53,53,58,64,1,1018,0.4901299951853635,1958.0,1137.0,0.5806945863125639,26.895264943766392,-23.620466920546733,35.794995934348584
2,1,54,3,59,6,0,116,0.001228215064693052,20202.0,74360.0,0.2716783216783217,133.85941679595533,-271.1175952079798,302.3625206541169
2,1,54,54,59,65,1,19669,0.9484063841072375,20202.0,20206.0,0.9998020389983173,-1.9701036898403572,1.0197530381137767,2.2183788692342135
2,1,54,3,60,6,0,80,0.0010637732035530024,924.0,74360.0,0.01242603550295858,22.729980916519366,-173.71933130971593,175.2000516642623
2,1,55,55,61,66,1,7666,0.8953515533753796,8048.0,8180.0,0.9838630806845966,0.3036671171018952,-1.0115862283510069,1.0561819991830914
2,1,55,55,62,67,1,5083,0.8254303345241961,5437.0,5804.0,0.9367677463818056,-2.4641999764992306,1.1654335286198148,2.725897436406961
2,1,55,55,63,68,1,18294,0.88732599311248,20092.0,18819.0,0.9366414493330679,-0.6494610920801733,-2.1929848611684974,2.2871340825234068
2,1,55,55,64,69,1,2715,0.7757142857142857,2848.0,3367.0,0.8458568458568458,-1.8869963926142646,-6.044088797248605,6.331805806779401
2,1,55,55,65,70,1,478,0.7747163695299838,577.0,518.0,0.8977469670710572,0.5651352020502145,0.15494201802721363,0.5859904654059502
2,1,55,55,66,71,1,303,0.8681948424068768,316.0,336.0,0.9404761904761905,0.025165762507640466,-0.36294454490644057,0.36381596759891427
2,1,55,55,67,73,1,386,0.7735470941883767,447.0,438.0,0.9798657718120806,-1.1361741901871483,-0.8076369096870621,1.3939760286089176
2,1,55,55,68,74,1,146,0.6266094420600858,178.0,201.0,0.8855721393034826,-1.4940186706915028,0.9160098384481898,1.7524741973874205
2,1,55,55,69,75,1,806,0.8520084566596194,876.0,876.0,1.0,0.25570776255699457,-1.3892694063927138,1.4126060821653954
2,1,55,17,70,36,0,14,0.0002385984047992365,1591.0,57099.0,0.027863885532145923,178.46077962730806,-80.07286951157403,195.60141690950036
2,1,55,55,70,77,1,1490,0.8764705882352941,1591.0,1599.0,0.9949968730456535,0.6291345667409587,-1.1613854353504394,1.3208430764146297
2,1,55,55,71,79,1,178362,0.9767907995618839,180754.0,180208.0,0.9969793199597242,-0.6611921691937823,1.1836421484754283,1.3557963786095266
2,1,55,55,71,81,1,293,0.001620584184647039,180754.0,338.0,0.001869944786837359,-156.98766701325303,82.15945395857568,177.18719894234835
2,1,55,55,72,80,1,880,0.8163265306122449,1011.0,947.0,0.9366963402571711,-1.6074103551532062,-1.0922847620212224,1.9434129903850892
2,1,55,55,74,82,1,2126,0.8500599760095962,2298.0,2329.0,0.986689566337484,0.9184855051589693,2.1807859504839513,2.366314219417049
2,1,999,999,76,83,1,27014,0.9350316707625212,28203.0,27702.0,0.9822359323476226,-2.4434871954775303,3.574759607222859,4.330073431697755
3,1,1,1,1,1,1,97877,0.9252358535155881,104623.0,99040.0,0.9466369727497778,-3.4991698435989065,14.873530289718474,15.27959727458564
3,1,1,1,2,2,1,2308,0.8411078717201166,2375.0,2677.0,0.8871871497945462,-2.835372667754541,-0.8019946916226672,2.9466139296556038
3,1,1,1,3,3,1,1089,0.6797752808988764,1583.0,1108.0,0.6999368288060644,4.141709293919405,2.235403349213584,4.706461941736455
3,1,1,1,4,4,1,4714,0.6785662876061609,6916.0,4745.0,0.6860902255639098,4.426753923797946,-0.550127558094573,4.460806051829155
3,1,2,2,5,5,1,79282,0.921508688324519,81677.0,83640.0,0.976530368244859,2.645277071696853,1.2368768767096299,2.920163556067373
3,1,3,3,6,6,1,70180,0.9257720263300223,74360.0,71627.0,0.9632463690155998,-6.307857832023956,6.375540874696071,8.968644929639387
3,1,3,3,6,9,1,1306,0.017537498825014434,74360.0,1415.0,0.01902904787520172,156.25596358656287,-75.22166420831127,173.419217281803
3,1,3,54,6,69,0,13,0.00013749484394335213,74360.0,20202.0,0.2716783216783217,-136.45653589307437,273.4695900599745,305.6239566452676
3,1,3,3,7,7,1,265,0.7340720221606648,285.0,341.0,0.8357771260997068,1.727200699696482,-1.0702268868653846,2.0318975974201035
3,1,3,3,8,8,1,305,0.7702020202020202,396.0,305.0,0.7702020202020202,0.33833416128504723,-0.4455704586853244,0.5594667446287641
3,1,3,3,9,10,1,502,0.7526236881559221,596.0,573.0,0.9614093959731543,4.010392143083095,0.7045457207441359,4.071809157355179
3,1,4,4,10,11,1,114231,0.9729653762616584,115758.0,115878.0,0.9989644281054212,-1.5749112484299985,4.403160846809897,4.676341613196258
3,1,4,4,11,12,1,1995,0.7109764789736279,2638.0,2163.0,0.8199393479909022,-6.413647648420238,-1.3874269759132858,6.561998915847086
3,1,4,4,12,13,1,397,0.6117103235747303,501.0,545.0,0.9192660550458716,4.596963870424361,5.41126554230982,7.100272642326949
3,1,5,5,13,14,1,73494,0.9415065334358186,76769.0,74785.0,0.9741562349385819,-0.4512250687856749,-4.604663510497346,4.626719151580997
3,1,5,5,13,16,1,1178,0.015328562134027326,76769.0,1259.0,0.016399848897341376,56.99572924233644,157.9314782903325,167.9013549285279
3,1,5,5,14,15,1,2416,0.8807874589865111,2651.0,2508.0,0.946058091286307,0.8570317721879519,1.0495807606530434,1.3550362473648603
3,1,5,5,15,17,1,685,0.8573216520650814,773.0,711.0,0.9197930142302717,0.03483423489319648,0.7591734397373955,0.7599721939145558
3,1,6,6,16,18,1,85743,0.9535794121245148,88112.0,87548.0,0.9935990557472308,-0.2605480085742329,6.063277540725835,6.068873025582454
3,1,8,8,17,19,1,310,0.00778190581383673,39809.0,337.0,0.008465422391921424,-110.76584608419148,82.71228737399124,138.24035279680282
3,1,8,8,17,20,1,38367,0.9478482138445575,39809.0,39036.0,0.9805822803888568,2.358237505391571,1.5876505402445105,2.842871500749576
3,1,10,10,18,21,1,32383,0.9628627497621313,33098.0,32917.0,0.9945313916248716,-0.06794510820691357,1.7416373452637828,1.7429621855182993
3,1,12,12,19,22,1,2703,0.4496755947429712,2766.0,5948.0,0.46503026227303296,-9.334475067359108,-3.623368543282595,10.013052700530377
3,1,12,12,20,23,1,138710,0.9662162162162162,139400.0,142870.0,0.9757121859032687,0.48296691898895006,-5.1236422176093015,5.1463546922949295
3,1,12,12,21,24,1,2438,0.7081033981992448,2438.0,3443.0,0.7081033981992448,-1.1158939789856959,1.1152370838622119,1.5776479726345858
3,1,12,12,22,23,1,495,0.0034628703347441324,570.0,142870.0,0.0039896409323160915,-7.215574826335796,432.8153614069471,432.87550356875204
3,1,13,13,23,25,1,145432,0.9476866936009384,150034.0,148858.0,0.9921617766639562,-6.414408810711393,10.856533027494606,12.609875089310487
3,1,13,13,24,27,1,242,0.711764705882353,258.0,324.0,0.7962962962962963,-1.2157622739018734,0.9630347401666768,1.55097189446197
3,1,13,13,25,25,1,473,0.003174347513875187,622.0,148858.0,0.0041784788187400074,-402.62347698462645,237.45638032041506,467.4304191792225
3,1,13,13,26,28,1,1477,0.854251012145749,1582.0,1624.0,0.9741379310344828,-0.4866275774884343,0.5690854004096764,0.7487753949828372
3,1,14,14,27,30,1,66589,0.9627557290537121,67902.0,67852.0,0.9992636446643692,-1.267592513929685,4.671504961394021,4.840428636567172
3,1,15,14,28,30,0,218,0.0020798351396733323,37182.0,67852.0,0.5479867947886576,-126.03347252115236,-72.19165815866836,145.2448680795232
3,1,15,15,28,31,1,36291,0.9601047646763142,37182.0,36908.0,0.9926308428809639,2.6926120343473485,-1.925179957599994,3.310057014109709
3,1,16,16,29,33,1,303,0.5941176470588235,304.0,509.0,0.5972495088408645,3.7661565505118233,-2.2126395925963607,4.368032638349685
3,1,16,16,30,32,1,72598,0.9406079137622761,75544.0,74236.0,0.9826855872074552,-1.682109913844215,8.094195383633405,8.26713328008478
3,1,16,16,31,34,1,2653,0.6785166240409207,2956.0,3607.0,0.8195176046576103,-2.0098895246910615,5.477102484156376,5.834235813147665
3,1,16,16,32,35,1,244,0.8299319727891157,249.0,289.0,0.8615916955017301,-0.2219952474256388,0.4431983991328252,0.4956881185518467
3,1,16,16,33,36,1,326,0.7931873479318735,384.0,353.0,0.9192708333333334,-1.97049102927258,0.19475182955625314,1.9800917078658804
3,1,16,16,34,37,1,366,0.7973856209150327,396.0,429.0,0.9230769230769231,1.3826728826729777,0.4924242424242493,1.4677417807660507
3,1,16,16,35,38,1,546,0.8722044728434505,592.0,580.0,0.9797297297297297,0.023334109971983708,0.5771784715750528,0.5776499534648113
3,1,17,17,36,39,1,54263,0.8843959840928353,57099.0,58520.0,0.9757177033492823,-7.880570300923864,21.290699298314394,22.70236253959152
3,1,17,17,36,41,1,1386,0.024269804580794283,57099.0,1395.0,0.02443125098513109,143.5401800720765,-288.60644581275267,322.33129519144353
3,1,17,55,36,80,0,97,0.001642314139139563,57099.0,2061.0,0.03609520306835496,-176.63754449006865,75.27750341327305,192.00917854002793
3,1,17,55,36,81,0,12,4.939653894917096e-05,57099.0,185845.0,0.30723990422125963,120.18252539568812,-587.6669239292237,599.8301867119736
3,1,17,17,37,40,1,358,0.69921875,450.0,420.0,0.9333333333333333,-1.1192063492062516,2.3022222222223263,2.5598535138944754
3,1,23,23,38,43,1,46665,0.9451522086970612,47985.0,48053.0,0.9985848958441721,-0.9442236921195217,1.4104264763004721,1.6973099969684935
3,1,24,24,39,44,1,25247,0.9043269575184468,27014.0,26151.0,0.968053601836085,2.5535313604882504,-4.055849306501841,4.792748272760467
3,1,24,24,40,46,1,748,0.8529076396807298,801.0,824.0,0.9720873786407767,1.2750793910524862,1.0457559119058715,1.6490703080138398
3,1,24,24,41,47,1,2477,0.8129307515589104,2646.0,2878.0,0.9193884642112579,-1.9932277443444946,-2.594203846313576,3.2715211197626086
3,1,26,26,42,48,1,821,0.6620967741935484,1210.0,851.0,0.7033057851239669,0.1963630536756682,3.974256829592832,3.979104898895492
3,1,26,26,43,49,1,7929,0.5449484536082474,14472.0,8007.0,0.5532752902155887,-53.379242763535785,39.681407085549836,66.51283805625506
3,1,26,26,43,50,1,2762,0.19081174438687393,14472.0,2765.0,0.19105859590934218,122.22643865762575,-89.34711953593501,151.40082587718936
3,1,26,26,44,51,1,407,0.7509225092250923,477.0,472.0,0.989517819706499,0.1044176171694744,2.56590004619261,2.5680237704948503
3,1,29,29,45,52,1,2512,0.7717357910906298,2729.0,3038.0,0.8982883475971034,-5.423836968208434,7.758316364525399,9.466228407859544
3,1,29,29,46,53,1,516,0.80248833592535,603.0,556.0,0.9220563847429519,2.7576774401375133,-0.6392647076368121,2.8308027536854925
3,1,29,29,47,55,1,217647,0.9673157008191074,218750.0,223898.0,0.9770073872924278,-1.1710356959176806,7.241791448156846,7.335861774850385
3,1,29,29,48,54,1,247,0.7791798107255521,252.0,312.0,0.8076923076923077,-1.5082417582418657,-0.6179792429792315,1.6299360558186624
3,1,43,43,49,56,1,6395,0.845340383344349,7089.0,6871.0,0.9692481309070391,1.6946803083869781,0.42520412086423676,1.7472091723759098
3,1,43,43,50,57,1,6602,0.9227113906359189,6750.0,7007.0,0.9633223918938205,-1.6891760937473919,-0.48820705220714444,1.758312259387532
3,1,46,46,51,58,1,14158,0.7359775432759785,15768.0,17627.0,0.8945367901514721,8.463957567833404,-47.98252212104762,48.72331071270619
3,1,46,46,51,60,1,1098,0.06847094038413569,15768.0,1366.0,0.08663115169964485,34.47951398870737,101.3116026082439,107.01811859656382
3,1,46,46,52,59,1,388,0.749034749034749,413.0,493.0,0.8377281947261663,1.0831741229512772,1.4187290345712427,1.7849532918725686
3,1,46,46,53,58,1,1860,0.10540035133450446,1880.0,17627.0,0.10665456402110399,-55.06094986656126,204.6806486422547,211.9572507106612
3,1,46,46,54,58,1,198,0.011194029850746268,259.0,17627.0,0.014693368128439325,-57.84479320838318,167.91994051771644,177.603847156513
3,1,48,14,55,30,0,11,0.00014600090255103396,7501.0,67852.0,0.11054943111477923,-62.00728615736125,-212.82262979803681,221.67177377995853
3,1,48,48,55,61,1,7240,0.9261865165664577,7501.0,7556.0,0.9927210164107994,3.0448349431298993,-0.83160766494575,3.156357257868852
3,1,48,48,56,62,1,14589,0.9247591277890467,15054.0,15311.0,0.9832146822545882,-0.5741489347774404,-2.074738196536373,2.1527158622245226
3,1,49,49,57,63,1,7499,0.8406008295034189,8651.0,7769.0,0.898046468616345,1.4679791593521259,-3.9463748336380604,4.210562568097522
3,1,53,53,58,64,1,2781,0.4327731092436975,2812.0,6395.0,0.4397185301016419,-30.905082595866915,7.2301179353094085,31.73954529629936
3,1,53,53,59,65,1,7003,0.7325313807531381,7064.0,9499.0,0.7436572270765344,2.6774472564734424,-4.016240086427388,4.826894264744509
3,1,53,53,60,66,1,5785,0.8222001137009665,6725.0,6096.0,0.9064684014869888,-9.99038199221377,10.182375840333862,14.264939891361754
3,1,53,53,61,67,1,1470,0.8571428571428571,1504.0,1681.0,0.8947055324211779,-1.1020902420038965,-0.46747716974459763,1.1971373378825951
3,1,53,53,62,68,1,408,0.783109404990403,492.0,437.0,0.8882113821138211,1.376574389313646,1.1755176647875487,1.810193036541078
3,1,54,3,65,6,0,34,0.00037037440494994497,20206.0,71627.0,0.2821003252963268,129.52166265377173,-265.7618073713975,295.64370338958554
3,1,54,54,65,69,1,19746,0.9556674087697222,20206.0,20202.0,0.9998020389983173,-0.6270154072786909,1.3322418138809553,1.4724186129011276
3,1,55,55,66,70,1,7809,0.921307220386975,8180.0,8105.0,0.9908312958435208,1.9442857272140373,1.149745244641963,2.258796386712407
3,1,55,55,67,71,1,5774,0.6359731247934794,5804.0,9049.0,0.6413968394297712,6.392084705530351,-13.075266721141816,14.554083506414056
3,1,55,55,68,72,1,9960,0.501485322994814,18819.0,11002.0,0.584621924650619,-12.919395943053132,-102.69581828225569,103.50527466847021
3,1,55,55,68,73,1,6267,0.32790916701548767,18819.0,6560.0,0.3485838779956427,21.64405188904834,140.06949459323027,141.7318887822313
3,1,55,55,69,74,1,3337,0.7887024344126684,3367.0,4201.0,0.8014758390859319,0.6889055153753816,-4.586134928910724,4.637588208895825
3,1,55,55,70,75,1,481,0.24730077120822622,518.0,1908.0,0.27148846960167716,26.364518831499936,18.18269954590687,32.02652675507034
3,1,55,55,71,77,1,320,0.8719346049046321,336.0,351.0,0.9572649572649573,0.24989824989825138,0.8724562474562845,0.9075401032613988
3,1,55,55,72,75,1,577,0.30241090146750527,577.0,1908.0,0.30241090146750527,-7.886637127628319,-9.970850637106196,12.71286386344031
3,1,55,55,73,76,1,346,0.6975806451612904,438.0,404.0,0.9223744292237442,-1.6313463538135693,1.8598829060988464,2.4739554059237845
3,1,55,55,74,75,1,159,0.08153846153846153,201.0,1908.0,0.10534591194968554,-39.92971463437539,-0.798014643762599,39.937688192411834
3,1,55,55,75,78,1,817,0.8997797356828194,876.0,849.0,0.9691780821917808,-0.07400729302798936,-0.05062765219349785,0.08966737750127675
3,1,55,55,76,79,1,671,0.7138297872340426,718.0,893.0,0.8040313549832027,6.137868971605258,3.167452204861661,6.906966699114568
3,1,55,55,77,80,1,1550,0.7345971563981043,1599.0,2061.0,0.7758369723435226,1.194100570498449,-3.6339806629505347,3.825139426369074
3,1,55,55,78,82,1,710,0.7388137356919875,732.0,939.0,0.7795527156549521,-0.13006075525072447,-2.2818441313570474,2.285547733009527
3,1,55,55,79,81,1,178049,0.947048998957469,180208.0,185845.0,0.9696682719470526,-4.165169159055495,4.9263642126002765,6.45117806906117
3,1,55,55,79,84,1,575,0.0031893768789589875,180208.0,653.0,0.003623590517624079,-174.5479515061652,584.8812958301444,610.3712948582588
3,1,55,55,80,83,1,930,0.843155031731641,947.0,1086.0,0.8720073664825047,2.0524541004742787,-0.9146281462639081,2.2470230262486925
3,1,55,55,82,81,1,2044,0.010981572019556225,2329.0,185845.0,0.012531948666899835,-67.09917002516977,407.15247897280847,412.644447135509
3,1,999,999,83,85,1,26504,0.9306506548684996,27702.0,27281.0,0.9848025413327558,-5.249899731820108,4.040213837949068,6.624558479666398
4,1,1,1,1,1,1,95785,0.9462302920140673,99040.0,97973.0,0.9892265751211632,-3.1359421328569397,7.3743945453870765,8.013477894875733
4,1,1,1,2,2,1,2420,0.8470423521176059,2677.0,2600.0,0.9712364587224505,-0.4675423120025357,-1.2671105715351132,1.35061653107339
4,1,1,1,3,3,1,605,0.5445544554455446,1108.0,608.0,0.5487364620938628,-2.506014867946078,3.944500522515682,4.673242438660045
4,1,2,2,5,4,1,78272,0.9023229004553577,83640.0,81377.0,0.9729435676709708,-10.80286143061221,2.1108853831310626,11.00716367597599
4,1,3,3,6,5,1,67617,0.9251703472621295,71627.0,69076.0,0.9643849386404568,-8.101487227986127,10.266071909794391,13.07770345902872
4,1,3,54,6,73,0,24,0.00026205736872563683,71627.0,19980.0,0.2789450905384841,-129.91628412865646,269.3859377771673,299.07695389963044
4,1,3,3,7,6,1,222,0.5736434108527132,341.0,268.0,0.7859237536656891,2.5913905545585294,-3.527180811485323,4.376792145300645
4,1,3,3,8,7,1,233,0.6563380281690141,305.0,283.0,0.9278688524590164,-3.5241499160052854,-0.16812836702774803,3.528158128298599
4,1,3,3,9,8,1,470,0.30739045127534337,1415.0,584.0,0.4127208480565371,-9.705470981170379,23.74501911999596,25.651941446512662
4,1,3,3,9,9,1,578,0.4067558057705841,1415.0,584.0,0.4127208480565371,10.52740573115841,-15.707035674524832,18.90865519039423
4,1,3,3,10,10,1,455,0.7844827586206896,573.0,462.0,0.806282722513089,-1.2851023322227775,0.3941207134926117,1.344179727971058
4,1,4,4,11,11,1,113811,0.9674350997092875,115878.0,115575.0,0.9973851809661886,-2.270160457306588,5.591283706725562,6.034573886449084
4,1,4,4,12,12,1,1799,0.7298174442190669,2163.0,2101.0,0.9713361072584373,-7.364989658844024,-0.9484927041985429,7.425813833163155
4,1,4,4,13,13,1,440,0.7482993197278912,545.0,483.0,0.8862385321100917,2.8272684103558277,2.4463236271772075,3.7387091292425274
4,1,5,5,14,14,1,72403,0.9424528793085494,74785.0,74442.0,0.9954135187537608,1.9357582349790619,-3.7850242272386936,4.251301958820747
4,1,5,5,14,16,1,248,0.0033098882912701694,74785.0,390.0,0.005214949521962961,-86.14843885805976,-18.395808668610698,88.09063113778329
4,1,5,5,15,15,1,2271,0.8674560733384262,2508.0,2381.0,0.9493620414673046,-2.603337359090233,-1.7887656600934747,3.158646544323146
4,1,5,5,16,17,1,1075,0.8040388930441287,1259.0,1153.0,0.9158061953931692,0.7230803780861379,2.468874580040165,2.5725837061486825
4,1,5,5,17,18,1,662,0.8487179487179487,711.0,731.0,0.9726402188782489,0.1961842533107756,1.109818159429409,1.1270246706467377
4,1,6,6,18,19,1,83926,0.946872003159023,87548.0,85013.0,0.971044455612921,-1.7308543787867166,7.448012050899479,7.64648549275476
4,1,8,8,19,20,1,234,0.6206896551724138,337.0,274.0,0.8130563798219584,-1.5467413199332896,4.836719443782613,5.078017692825987
4,1,8,8,20,21,1,169,0.004327230828319037,39036.0,188.0,0.004816067220002049,-96.43227855138639,19.3648350785854,98.35741550199957
4,1,8,8,20,22,1,37112,0.9233448610454557,39036.0,38269.0,0.9803514704375448,0.8562153298341855,6.59677243358027,6.652105774225753
4,1,10,10,21,23,1,32425,0.9605984298622426,32917.0,33263.0,0.9895980518894868,0.6447492266524932,2.002796124021941,2.104018507443863
4,1,12,12,22,24,1,5930,0.6978112497058131,5948.0,8480.0,0.7014150943396227,-6.84036428924901,-0.566317281216925,6.863767105069783
4,1,12,12,23,25,1,141788,0.9769319810384742,142870.0,144054.0,0.9917808599552945,-1.155670240390009,1.6314132309262845,1.9992705756261306
4,1,12,12,24,26,1,3365,0.9060312331717825,3443.0,3636.0,0.9469196919691969,-2.249050144630928,0.4529440164463949,2.294206798677702
4,1,13,13,25,27,1,147248,0.9571005147938225,148858.0,152238.0,0.9777979216752716,-0.41219290000890396,3.589247085885745,3.6128378915136867
4,1,13,13,26,27,1,128,0.0008407887649601282,128.0,152238.0,0.0008407887649601282,209.52889000282448,-268.19836877537136,340.3420643405482
4,1,13,13,27,27,1,324,0.0021282465613053246,324.0,152238.0,0.0021282465613053246,-173.2402072193977,261.36712119376443,313.56808102633113
4,1,13,13,28,28,1,1483,0.8572254335260115,1624.0,1589.0,0.978448275862069,-1.8654054816515782,-0.10986632234562421,1.8686380654801797
4,1,13,13,29,29,1,294,0.7676240208877284,334.0,343.0,0.9737609329446064,-0.17230844433561288,0.8581903248896197,0.8753175616446353
4,1,14,14,30,30,1,65313,0.9349260653602256,67852.0,67320.0,0.9921594057654896,-4.904137724484826,7.838805080429324,9.24648213699025
4,1,15,14,31,30,0,57,0.000547177237426923,36908.0,67320.0,0.5482471776589424,-133.63022227998454,-62.42767312063904,147.49322248108703
4,1,15,15,31,31,1,36392,0.9632354887377254,36908.0,37265.0,0.9904199651147189,1.2056515589165429,-1.8333459310948683,2.1942545396056494
4,1,15,48,31,63,0,69,0.001544972123329079,36908.0,7822.0,0.2119323723853907,-61.2013974113579,138.64927023032828,151.55603313793077
4,1,16,16,32,32,1,69669,0.806886487613356,74236.0,81776.0,0.9077969086284484,-6.19347653873956,51.55101935520065,51.921736760206606
4,1,16,16,33,32,1,492,0.0060151846735050675,509.0,81776.0,0.006224320093915085,123.6602399472381,3.1847830087576767,123.70124407871317
4,1,16,16,34,32,1,3134,0.038103806733212564,3607.0,81776.0,0.044108295832518095,42.75836066099964,-276.21145700261513,279.50142465812877
4,1,16,16,35,34,1,289,0.6963855421686747,289.0,415.0,0.6963855421686747,0.4894651269437418,1.3230666611079869,1.4107024846612732
4,1,16,16,36,32,1,317,0.003874737202366401,353.0,81776.0,0.004316669927607122,-106.65135808701234,16.06535759537701,107.85456826890307
4,1,16,16,37,35,1,400,0.89086859688196,429.0,420.0,0.9790209790209791,-0.5624708624709456,-0.1839826839827765,0.5917965014549474
4,1,16,16,38,36,1,514,0.8171701112877583,580.0,563.0,0.9706896551724138,-0.7700067373061756,-0.9252924603417796,1.2037759395594536
4,1,17,17,39,37,1,57619,0.945395179418183,58520.0,60046.0,0.9745861506178597,-0.8656952516626006,4.0938953660247535,4.1844243972988835
4,1,17,55,39,82,0,82,0.001350172064610673,58520.0,2295.0,0.03921736158578264,-169.56374607790985,53.64802320715626,177.84817788779694
4,1,17,17,40,38,1,282,0.6482758620689655,420.0,297.0,0.7071428571428572,-3.1132515632516515,2.228619528619447,3.828717840143462
4,1,17,17,41,39,1,1194,0.8456090651558074,1395.0,1211.0,0.8681003584229391,-0.09207710680811942,0.7533262891830645,0.7589326001513441
4,1,23,23,42,40,1,565,0.7991513437057991,565.0,707.0,0.7991513437057991,-0.7414552327545607,-0.4465509256365294,0.8655423683251797
4,1,23,23,43,41,1,47122,0.9533077078697147,48053.0,48499.0,0.9908039341017341,-2.581230887839638,1.2673706587988818,2.875583642171049
4,1,24,24,44,42,1,23391,0.8614517732847199,26151.0,24393.0,0.9327750372834691,3.5999136233201625,-6.325478029288206,7.2781213506215945
4,1,24,24,44,43,1,308,0.011694574173216388,26151.0,494.0,0.01889029100225613,-112.42189591220222,87.76517351656094,142.6233093252505
4,1,24,24,45,44,1,365,0.7199211045364892,383.0,489.0,0.7832310838445807,0.523891140335536,3.5900195955937306,3.6280439114857805
4,1,24,24,46,45,1,713,0.8074745186862967,824.0,772.0,0.9368932038834952,2.2830813924240374,0.32975753307528066,2.306772783577259
4,1,24,24,47,46,1,2699,0.7711428571428571,2878.0,3321.0,0.8666064438422162,-2.637203832080104,-1.743354302510852,3.1613491227672217
4,1,26,26,48,47,1,281,0.3211428571428571,851.0,305.0,0.3584018801410106,-13.484467646549092,2.6947853056192344,13.751099430744095
4,1,26,26,48,48,1,188,0.2175925925925926,851.0,201.0,0.23619271445358403,17.48920497395511,-0.02375314964547215,17.489221104244017
4,1,26,16,49,32,0,8,8.911166805903648e-05,8007.0,81776.0,0.09791381334376835,-167.27418457276053,-228.2915514265094,283.01534459672774
4,1,26,26,49,49,1,4867,0.6022769459225343,8007.0,4941.0,0.6170850505807418,-24.8023556952935,26.18708288717312,36.068270795472486
4,1,26,26,49,50,1,1585,0.19775421085464753,8007.0,1593.0,0.19895091794679656,65.3481353533175,-67.60636796851736,94.02659083498708
4,1,26,26,50,51,1,2580,0.9036777583187391,2765.0,2670.0,0.9656419529837251,0.6110842459584092,-0.45607547527606584,0.7625147833365901
4,1,26,26,51,52,1,435,0.9043659043659044,472.0,444.0,0.940677966101695,-0.07945869598415811,0.21493739502216158,0.2291544635096938
4,1,29,29,52,53,1,2942,0.7828632251197446,3038.0,3662.0,0.829601310759148,-7.047823688944277,8.174069649000558,10.792925153875395
4,1,29,29,53,54,1,500,0.8291873963515755,556.0,547.0,0.9838129496402878,-0.4131659937131644,-0.2789019241645292,0.4984901419924605
4,1,29,29,54,55,1,294,0.7903225806451613,312.0,354.0,0.8813559322033898,-1.5173837461973108,-1.5655693176879595,2.180243271222211
4,1,29,29,55,56,1,221437,0.9813381904559314,223898.0,223187.0,0.9968244468463318,-0.5250358152418357,-0.20496348857653857,0.5636245549442678
4,1,29,29,55,57,1,272,0.0012147683677889876,223898.0,285.0,0.0012729010531581345,-9.526537757716369,467.87003748417396,467.9670147532746
4,1,43,43,56,58,1,6144,0.8530963621216329,6871.0,6475.0,0.9423664677630621,4.878705768579266,0.09393483551548343,4.879609997703907
4,1,43,43,57,59,1,6753,0.9002799626716438,7007.0,7247.0,0.9668828480750655,-5.014078157053518,-1.6385513203506434,5.275019449676375
4,1,46,46,58,60,1,17447,0.8926122991916504,17627.0,19366.0,0.9102034493442115,0.8597886408110753,-5.497952493487446,5.564774759818459
4,1,46,46,59,61,1,434,0.8443579766536965,493.0,455.0,0.922920892494929,1.5039743218239892,-0.1788333370482178,1.5145692863470226
4,1,46,46,60,62,1,1304,0.8039457459926017,1366.0,1560.0,0.8756410256410256,0.11342399669638326,3.5233171903742004,3.525142412302364
4,1,48,48,61,63,1,7262,0.8947757516017742,7556.0,7822.0,0.965993352083866,2.4725660436506587,-3.075273701694414,3.945996855111207
4,1,48,15,62,31,0,22,0.0004186170415191993,15311.0,37265.0,0.4108681068026298,-108.65550836709644,142.32548564214267,179.06022272348466
4,1,48,48,62,64,1,15004,0.935644799201796,15311.0,15729.0,0.9734248839722806,-0.856554712270281,-1.4080810069915515,1.648143833942525
4,1,49,49,63,65,1,6497,0.8178499496475328,7769.0,6672.0,0.8587977860728536,-0.3381808133103732,-1.0957543978975082,1.1467536627379902
4,1,53,53,64,66,1,5681,0.7595935285465971,6395.0,6765.0,0.9453067257945307,15.076362318815441,-2.7654508817463466,15.327896768557313
4,1,53,53,65,67,1,9305,0.7262722447705277,9499.0,12618.0,0.7528134411158662,0.6300674491000677,-4.839033335190379,4.879879979005548
4,1,53,53,66,69,1,5512,0.820726622989875,6096.0,6132.0,0.9941291585127201,-2.67170798855625,3.2604354464256176,4.215265457408809
4,1,53,53,67,70,1,1555,0.8785310734463276,1681.0,1644.0,0.9779892920880429,-2.356911220438519,-1.403150062745226,2.74296565775274
4,1,53,53,68,71,1,366,0.7334669338677354,437.0,428.0,0.9794050343249427,-1.6715177826728222,0.8937209948885538,1.8954442525424098
4,1,54,3,69,5,0,269,0.0030221662977901113,20202.0,69076.0,0.2924604783137414,122.04719083306429,-256.82797727548405,284.35211745590885
4,1,54,54,69,73,1,19366,0.9303420445810915,20202.0,19980.0,0.989010989010989,0.23239393239396122,2.291888591888892,2.303640652845833
4,1,55,55,70,74,1,7529,0.40225463482395685,8105.0,18141.0,0.4467780166473734,39.1116331352041,76.13864800443685,85.59680815571531
4,1,55,55,71,74,1,8800,0.478520935290919,9049.0,18141.0,0.4988148393142605,-27.43826211261012,-59.25925997875629,65.3032780263757
4,1,55,55,72,75,1,9942,0.8724879333040807,11002.0,10335.0,0.9393746591528813,-3.105053855273809,-4.503780646998621,5.470411278910395
4,1,55,55,73,77,1,5095,0.7199378267627525,6560.0,5612.0,0.8554878048780488,10.395246032021987,21.765764672391924,24.12073074847056
4,1,55,55,74,76,1,4167,0.7234375,4201.0,5726.0,0.7336709745022704,3.1600248115501017,-10.802142854232898,11.254867704814087
4,1,55,55,75,78,1,1774,0.7504230118443317,1908.0,2230.0,0.8556053811659193,1.9010195448008744,1.1590391178046957,2.226487589526699
4,1,55,55,76,76,1,348,0.06018678657903839,404.0,5726.0,0.07055536150890675,-46.30008075030332,44.15586278327419,63.97997886542279
4,1,55,55,77,79,1,290,0.7631578947368421,351.0,319.0,0.9088319088319088,-1.556511177200946,0.4163741749948713,1.6112400498852224
4,1,55,55,78,80,1,815,0.8744635193133047,849.0,898.0,0.9454342984409799,0.2295508143997722,-0.4554919845436416,0.5100652158058846
4,1,55,55,79,81,1,788,0.7840796019900498,893.0,900.0,0.9922222222222222,-0.7283115590396392,1.634810252581815,1.7897045256067738
4,1,55,55,80,82,1,2009,0.8559863655730721,2061.0,2295.0,0.8980392156862745,-0.8067718887650699,-0.338780907802402,0.8750162192742361
4,1,55,55,81,83,1,183743,0.9748414993235536,185845.0,186383.0,0.9971134706491472,-1.8068468048086288,2.778962079148755,3.314713503968921
4,1,55,55,82,84,1,880,0.8585365853658536,939.0,966.0,0.9720496894409938,-0.12969724631057034,-0.6426289365585944,0.6555862458921593
4,1,55,55,83,85,1,1038,0.8425324675324676,1086.0,1184.0,0.9172297297297297,-0.5911368896522617,-0.6060238415210506,0.8465859193251928
4,1,55,55,84,86,1,594,0.7664516129032258,653.0,716.0,0.9120111731843575,-1.5136477965897939,2.047501005244385,2.546250187746268
4,1,999,999,85,87,1,26046,0.9171449698933061,27281.0,27164.0,0.9957113009053921,-5.189197638396024,5.873224380515694,7.837253138327155
5,1,1,1,1,1,1,94904,0.9527174895095067,97973.0,96545.0,0.9854245557449501,-0.30035166959282833,7.058986843492676,7.065373760957724
5,1,1,1,2,2,1,2395,0.7668908101184758,2600.0,2918.0,0.8910212474297464,1.6478873833500245,-3.5026148046608796,3.8708969629833554
5,1,1,1,3,3,1,463,0.7372611464968153,608.0,483.0,0.7944078947368421,2.788475945298046,-0.29373365478909363,2.803903985064679
5,1,2,2,4,4,1,75599,0.8937425372693203,81377.0,78809.0,0.9684431719036092,-12.29823029562084,-1.4994038179602285,12.389297002390409
5,1,3,3,5,5,1,66225,0.9387092659002962,69076.0,67698.0,0.9800509583646998,0.34984003086367466,2.42028346124971,2.445436582697162
5,1,3,54,5,77,0,13,0.00014669871469356896,69076.0,19554.0,0.2830795066303781,-118.35596027945269,259.8265990811019,285.51356346717233
5,1,3,3,6,6,1,217,0.5961538461538461,268.0,313.0,0.8562300319488818,4.328334366506169,-0.9568213246861887,4.432830409078673
5,1,3,3,7,7,1,221,0.7594501718213058,283.0,229.0,0.8091872791519434,1.7572947366795688,0.059731201876729756,1.7583095882236877
5,1,3,3,8,9,1,511,0.7615499254843517,584.0,598.0,0.9765886287625418,2.2910672561506544,0.29560864983750434,2.31005922999053
5,1,3,3,9,10,1,441,0.7033492822966507,584.0,484.0,0.8287671232876712,4.574705649269731,-0.7125551907615773,4.62986680989223
5,1,3,3,10,11,1,365,0.6848030018761726,462.0,436.0,0.9437229437229437,4.07005838198495,-0.31249255331840686,4.082037093002145
5,1,4,4,11,12,1,113393,0.9650796622863758,115575.0,115314.0,0.9977417261518494,-0.04402768472243679,5.666710651863923,5.666881686515969
5,1,4,4,12,13,1,1988,0.8746150461944566,2101.0,2160.0,0.9726851851851852,-1.7754563523542402,1.4930540130801546,2.3197964447532415
5,1,4,4,13,14,1,337,0.546191247974068,483.0,471.0,0.9751552795031055,5.2130790837520635,3.631496353733837,6.35326367315535
5,1,5,5,14,16,1,71332,0.9281132492811325,74442.0,73747.0,0.9906638725450686,6.094587128692183,-5.420929139131147,8.156620930305735
5,1,5,5,14,17,1,503,0.006747783158713763,74442.0,604.0,0.008113699255796459,-153.43254146389972,107.97264228642558,187.6156610264285
5,1,5,5,15,15,1,2175,0.8371824480369515,2381.0,2392.0,0.9954013377926422,-1.366500964295028,-2.3231491223018566,2.695245207744766
5,1,5,5,16,18,1,343,0.7376344086021506,390.0,418.0,0.9330143540669856,1.7349282296650017,-1.1636977058029743,2.0890591931727647
5,1,5,5,17,19,1,1067,0.8474980142970612,1153.0,1173.0,0.9829497016197783,1.9348938866620529,0.744581206667192,2.0732138157855684
5,1,5,5,18,20,1,625,0.7921419518377694,731.0,683.0,0.9343365253077975,2.547922679576004,0.5350018927520637,2.6034855494790166
5,1,6,6,19,21,1,79964,0.9286908854408622,85013.0,81055.0,0.9534424146895181,-1.9700809595724422,12.84492798872293,12.99512962700825
5,1,6,6,19,22,1,514,0.006038604776841833,85013.0,620.0,0.007293002246715208,126.98013315231105,-278.1473160271882,305.76115454469874
5,1,6,6,19,23,1,502,0.005900537160454647,85013.0,566.0,0.006657805276840013,118.96385023882658,-180.74214105853434,216.37957209050276
5,1,8,8,20,24,1,163,0.5174603174603175,274.0,204.0,0.7445255474452555,2.2567983397736953,-0.03717618434234282,2.257104520195634
5,1,8,8,21,25,1,108,0.574468085106383,188.0,108.0,0.574468085106383,0.6887312844760345,-0.6530732860520061,0.9491340786057435
5,1,8,8,22,26,1,37153,0.9509098820096747,38269.0,37955.0,0.991794925396535,2.1859080561241626,1.7932450418524581,2.8273524382285524
5,1,10,10,23,28,1,32785,0.9462579732732993,33263.0,34169.0,0.9734847376276742,2.433731765966513,1.758942692796282,3.0028202918616222
5,1,12,12,24,29,1,8412,0.7463401650252861,8480.0,11203.0,0.7569401053289297,1.8151085709860126,-1.3688299356306288,2.2733927327114944
5,1,12,12,25,31,1,141065,0.9361519981949219,144054.0,147697.0,0.975334637805778,-0.7251535820491881,17.039121594206335,17.054545212925127
5,1,12,12,26,31,1,3363,0.022727579914847605,3636.0,147697.0,0.024617967866645902,77.48132701852865,-483.43798194521173,489.6076372196527
5,1,13,13,27,32,1,144181,0.9339478423091373,152238.0,146321.0,0.9611332256072728,-5.368671736991018,9.809596455010706,11.18261234371132
5,1,13,13,28,33,1,1236,0.7006802721088435,1589.0,1411.0,0.8879798615481435,-2.718629004597915,-3.2384585913341652,4.228304354280462
5,1,13,13,29,32,1,285,0.0019470005943475499,343.0,146321.0,0.00234416112519734,-435.44788122396267,159.13931168109684,463.6164123332689
5,1,14,14,30,34,1,64611,0.9408227156898434,67320.0,65966.0,0.9798871063576946,0.024808331373606052,5.162097617889231,5.162157230259769
5,1,15,14,31,34,0,182,0.0017661500839406495,37265.0,65966.0,0.5649122275111421,-134.81106550752747,-55.43222957165494,145.76266826097662
5,1,15,15,31,35,1,36287,0.9503692839557907,37265.0,37204.0,0.9983630752717026,4.105981461894771,-2.360965822692833,4.736374497582214
5,1,15,48,31,67,0,8,0.00017900295354873356,37265.0,7435.0,0.19951697303099422,-59.54778921681918,140.0070298777066,152.1443643904951
5,1,16,16,32,36,1,73443,0.8435131161850508,81776.0,78735.0,0.9628130502837018,1.049895728338015,42.52948809761074,42.54244514464579
5,1,16,16,32,37,1,4481,0.05471373276840987,81776.0,4604.0,0.05630013695949912,-4.5741398787918115,-333.0219084945827,333.05332049539004
5,1,16,16,33,36,1,1179,0.014971618687221425,1193.0,78735.0,0.015152092462056265,38.57019525692567,-394.96694891151583,396.8457517658836
5,1,16,16,34,38,1,377,0.7208413001912046,415.0,485.0,0.8556701030927835,3.177841261955109,0.49022481679298835,3.2154308353911394
5,1,16,16,36,39,1,474,0.8345070422535211,563.0,479.0,0.8507992895204263,0.20462627513643383,-0.2043778297741028,0.2892096294720901
5,1,17,17,37,40,1,58391,0.9043334159335894,60046.0,62913.0,0.9544291322938026,-1.5262301493066843,10.375239805168576,10.486895607538353
5,1,17,55,37,85,0,245,0.003882110600538742,60046.0,3309.0,0.05510775072444459,-161.87361637633148,40.066975946022694,166.75859869947004
5,1,17,17,38,40,1,297,0.0047208049210814935,297.0,62913.0,0.0047208049210814935,27.408025866086973,-205.16807401338428,206.99067243776378
5,1,17,17,39,41,1,736,0.5964343598055105,1211.0,759.0,0.6267547481420314,2.842682742406396,0.060050111570603804,2.843316934475436
5,1,23,23,40,42,1,663,0.8510911424903723,707.0,735.0,0.9619047619047619,1.4833973193236716,-0.8286522529801914,1.6991563092740474
5,1,23,23,41,43,1,47098,0.9457619630916283,48499.0,48398.0,0.9979174828346976,0.5937551098261338,1.0332389587961188,1.1916911833267592
5,1,24,24,42,44,1,20799,0.6963640016070711,24393.0,26274.0,0.9284083124000914,19.579088690861226,-51.3820691345918,54.98597768992183
5,1,24,24,42,46,1,324,0.013245033112582781,24393.0,393.0,0.01611117943672365,1.822974179490302,91.87048280338195,91.88856754452964
5,1,24,24,43,45,1,440,0.7177814029363785,494.0,559.0,0.8837209302325582,4.542039355992756,-0.659448262875685,4.589661591315513
5,1,24,24,44,44,1,414,0.015712171239895253,489.0,26274.0,0.01861155514957753,101.60703319570871,-43.67700439586406,110.5968801903118
5,1,24,24,45,47,1,687,0.7727784026996626,772.0,804.0,0.9601990049751243,2.866238754414553,1.9773477173716856,3.4821298931405336
5,1,24,24,46,44,1,3103,0.11712969953193417,3321.0,26274.0,0.12639872116921672,-114.76224540505268,270.9044802260714,294.21014662476796
5,1,26,26,47,48,1,179,0.5249266862170088,305.0,215.0,0.7049180327868853,1.778879146016152,3.042470453679016,3.524349227537043
5,1,26,26,48,49,1,130,0.593607305936073,201.0,148.0,0.736318407960199,2.703509479628792,-0.0003361570525157731,2.7035095005278427
5,1,26,26,49,50,1,2105,0.41790748461385746,4941.0,2201.0,0.44545638534709575,-17.417259785413535,24.791440221326866,30.298126124897674
5,1,26,26,49,51,1,977,0.19614535233888777,4941.0,1017.0,0.2058287795992714,35.660098901551464,-47.408014571949025,59.32252944137297
5,1,26,26,50,52,1,1233,0.756441717791411,1593.0,1270.0,0.7972379158819837,3.088374334563923,-2.475193637518487,3.9578579526816213
5,1,26,26,51,53,1,1179,0.42966472303207,2670.0,1253.0,0.46928838951310864,-9.84163371204977,-5.217574599986165,11.139157904822756
5,1,26,26,52,54,1,319,0.6354581673306773,444.0,377.0,0.8490990990990991,2.7089994503789967,0.028436924988682222,2.709148700395849
5,1,29,29,53,55,1,3553,0.8249361504527514,3662.0,4198.0,0.8723201524535493,-2.335163632834451,4.704233947714783,5.251933570309586
5,1,29,29,54,56,1,380,0.0016555714335505908,547.0,229361.0,0.0023848867069815706,190.72693604751203,-145.41249836093783,239.83652518672272
5,1,29,29,55,57,1,328,0.8888888888888888,354.0,343.0,0.9689265536723164,-0.090749617038,-0.3549192073924132,0.3663374629608641
5,1,29,29,56,56,1,222396,0.9663005318224478,223187.0,229361.0,0.9730817357789685,0.7319513121319687,5.817356840620505,5.863223800474095
5,1,29,29,57,56,1,8,3.483743979654935e-05,285.0,229361.0,0.0012425826535461565,9.733453254606502,-462.25764413213,462.360108217444
5,1,29,29,57,58,1,198,0.5577464788732395,285.0,268.0,0.9403508771929825,4.505289342759852,0.22144540455610695,4.510728336885798
5,1,43,43,58,60,1,4634,0.690199582960977,6475.0,4873.0,0.7525868725868726,-28.269655869114104,-6.842378815742222,29.085934587292453
5,1,43,43,58,61,1,1005,0.14986579182821355,6475.0,1236.0,0.19088803088803089,105.34513838387625,26.67154790018867,108.66908322292085
5,1,43,43,59,62,1,6931,0.9049484266875572,7247.0,7343.0,0.986926324390576,-1.2577227643455444,-1.7397700722701757,2.1467804862910347
5,1,46,46,60,63,1,17805,0.8553105634817697,19366.0,19256.0,0.9943199421666838,4.977888899467416,-11.895879329030322,12.895399292239532
5,1,46,46,61,64,1,371,0.6204013377926422,455.0,514.0,0.8852140077821011,5.332270064565819,0.8943643904731289,5.406754267063664
5,1,46,46,62,65,1,1372,0.7436314363143631,1560.0,1657.0,0.9414604707302353,3.687669637744875,2.916672082695186,4.701689419253349
5,1,48,14,63,34,0,27,0.0003660470980599504,7822.0,65966.0,0.11857623624291301,-72.40401653725303,-195.9148457330781,208.86591006993604
5,1,48,15,63,35,0,11,0.0002443629901144063,7822.0,37204.0,0.2102462100849371,66.51303043216922,-142.84358198411599,157.56989601863526
5,1,48,48,63,67,1,7167,0.8859085290482077,7822.0,7435.0,0.9505241626182562,2.8592597534552624,-0.4755862837165523,2.8985425046026787
5,1,48,15,64,35,0,307,0.005833618363546536,15729.0,37204.0,0.4227771207397054,-103.69297219293139,141.37260082644138,175.32382823403205
5,1,48,48,64,68,1,14463,0.8686486486486487,15729.0,15384.0,0.978065992752241,2.891817894726046,-0.8839569442018274,3.0239032086792084
5,1,49,49,65,69,1,3839,0.5670605612998523,6672.0,3937.0,0.5900779376498801,-6.006768321690288,21.32753422611154,22.15727830389872
5,1,49,49,65,70,1,675,0.09796806966618288,6672.0,893.0,0.13384292565947242,21.154651418842604,-91.97360314436025,94.37511828871534
5,1,53,53,66,71,1,6390,0.2901907356948229,6765.0,21645.0,0.3125433125433125,183.75540384320874,-16.532497839814823,184.49762038141364
5,1,53,53,67,71,1,12098,0.545815474847733,12618.0,21645.0,0.582952182952183,-91.86297629792637,6.964441913657083,92.12659694942653
5,1,53,53,68,72,1,351,0.8032036613272311,373.0,415.0,0.8987951807228916,1.3432927420136593,1.336548338124885,1.8949398013897347
5,1,53,53,69,73,1,5802,0.8509826928718099,6132.0,6488.0,0.9451294697903823,3.5863450653642985,-2.4819720364880595,4.361428219949463
5,1,53,53,70,74,1,1490,0.8356702187324734,1644.0,1629.0,0.9908759124087592,-1.4348633123182708,-2.3079393564630664,2.7176123340440066
5,1,53,53,71,75,1,328,0.623574144486692,428.0,426.0,0.9953271028037384,3.1411302707208506,-0.01796761879677433,3.141181658701717
5,1,54,54,72,76,1,4519,0.8486384976525821,4652.0,5192.0,0.8959938366718028,2.3603718665000883,-2.515664518599351,3.449626547657705
5,1,54,3,73,5,0,111,0.001267600808523759,19980.0,67698.0,0.29513427279978727,122.164636931534,-256.6995824061232,284.2866056009174
5,1,54,54,73,77,1,19019,0.9270777479892761,19980.0,19554.0,0.9786786786786786,3.4588366212176425,0.7067332137289668,3.5303006398413084
5,1,55,55,74,78,1,17397,0.8361128466381507,18141.0,20063.0,0.9042017644420077,6.088270382779683,11.200002089223972,12.747826601129056
5,1,55,55,75,79,1,8591,0.8081083623365629,10335.0,8887.0,0.8598935655539429,-5.288966641260458,0.17616553024049608,5.291899699201681
5,1,55,55,76,80,1,5633,0.5272369898914264,5726.0,10591.0,0.5406477197620622,16.779355840025573,-34.27703586035932,38.16362102550751
5,1,55,55,77,81,1,4661,0.7535974130962004,5612.0,5234.0,0.9326443335709195,8.004334221852787,13.639985663125344,15.815137534191368
5,1,55,55,78,80,1,2104,0.19632359802183447,2230.0,10591.0,0.21055613256538572,-21.067457139554563,58.89523459507245,62.54987136945677
5,1,55,55,79,82,1,279,0.7793296089385475,319.0,318.0,0.9968652037617555,1.4234143648588997,0.2876520573331618,1.452188748122869
5,1,55,55,80,83,1,770,0.787321063394683,898.0,850.0,0.9465478841870824,3.549396043495335,-1.3052770863355363,3.781793297589508
5,1,55,55,81,84,1,819,0.0043030525928650235,900.0,190249.0,0.004730642473810638,319.88001333924376,-382.6324560678082,498.72920444906566
5,1,55,55,82,85,1,2224,0.6579881656804734,2295.0,3309.0,0.6935630099728014,6.8244344499157705,-9.48715189510881,11.686699989392379
5,1,55,55,83,84,1,183301,0.9481200635180079,186383.0,190249.0,0.9796792624402756,-3.9392844627136583,10.909239180983548,11.598683614362615
5,1,55,55,84,86,1,941,0.7802653399668324,966.0,1181.0,0.8179508890770534,2.2189629450426764,-0.8277085601387171,2.36831121519098
5,1,55,55,85,87,1,1119,0.8477272727272728,1184.0,1255.0,0.9434262948207172,2.144961370733199,-0.7509071820825284,2.27260222609254
5,1,55,55,86,88,1,628,0.7260115606936416,716.0,777.0,0.9214929214929215,-0.31327516662713606,3.946663143590513,3.9590770766683754
5,1,999,999,87,89,1,26360,0.9263424233904977,27164.0,27652.0,0.9823520902647186,0.640308973575145,-2.1751039323048644,2.2673933708046645
6,1,1,1,1,1,1,93538,0.9589706786959197,96545.0,94533.0,0.9791599772126988,-2.789287938099278,6.6670869358595155,7.2270447218717795
6,1,1,1,2,2,1,2766,0.8945666235446313,2918.0,2940.0,0.992517006802721,-0.5206294032348922,-0.6293239708493275,0.8167641249456817
6,1,1,1,3,3,1,315,0.6494845360824743,483.0,317.0,0.6563146997929606,0.3516795004931055,1.7627015694495185,1.7974413186546245
6,1,2,2,4,4,1,72306,0.8798276994962401,78809.0,75679.0,0.9602837239401592,-20.130427357469586,-3.081359106288346,20.364893310210736
6,1,3,3,5,5,1,64911,0.9463762410882212,67698.0,65802.0,0.971993264202783,-4.996133596430923,5.3618556851465655,7.32876847101369
6,1,3,54,5,84,0,53,0.0006106975779503606,67698.0,19141.0,0.28274099677981623,-116.45715300959944,257.2783909414229,282.40828410744064
6,1,3,3,8,7,1,316,0.7053571428571429,324.0,440.0,0.7363636363636363,0.36170033670032353,0.7739057239055,0.8542582765550613
6,1,3,3,9,8,1,513,0.8129952456418383,598.0,546.0,0.9130434782608695,-0.27408823061000476,1.0032648510909894,1.0400311147237606
6,1,3,3,10,9,1,367,0.7296222664015904,484.0,386.0,0.7975206611570248,1.0744443968654878,-0.24235644242708076,1.1014387895573465
6,1,3,3,11,10,1,352,0.7804878048780488,436.0,367.0,0.841743119266055,0.9366297527685674,-0.764686398520098,1.2091404309892817
6,1,4,4,12,11,1,113091,0.9639122096739825,115314.0,115102.0,0.9981615415300831,-2.439988790495363,7.882929314565672,8.251916133612959
6,1,4,4,13,12,1,1970,0.6868898186889819,2160.0,2678.0,0.806572068707991,-7.733447085995749,1.8645748623905547,7.955051429711495
6,1,4,4,14,13,1,457,0.7975567190226877,471.0,559.0,0.8425760286225402,1.2551113035485741,1.5031125493280797,1.9582266774413424
6,1,5,5,15,14,1,1988,0.7983935742971887,2392.0,2086.0,0.8720735785953178,-5.479322253468695,-1.954461499982358,5.817464405758796
6,1,5,5,16,15,1,70845,0.9320238909645845,73747.0,73110.0,0.9913623605028001,4.153509582126162,-6.129129104625065,7.4039087940071155
6,1,5,5,16,18,1,409,0.005529418126757517,73747.0,630.0,0.008542720381846041,-77.98195882490563,-65.36775518014076,101.75524222102808
6,1,5,5,17,16,1,531,0.8057663125948407,604.0,586.0,0.9701986754966887,-0.458140270777335,-1.426395135953726,1.498164073651607
6,1,5,5,18,17,1,347,0.7096114519427403,418.0,418.0,1.0,-2.449760765550195,-0.3971291866028537,2.481741203123509
6,1,5,5,19,19,1,1021,0.862331081081081,1173.0,1032.0,0.8797953964194374,0.24546977537227122,1.1977809829695616,1.2226752200747517
6,1,5,5,20,20,1,645,0.9135977337110481,683.0,668.0,0.9780380673499268,-0.022674270784818873,0.15825523184963686,0.15987132627024023
6,1,6,6,21,21,1,72301,0.8830440783125908,81055.0,73123.0,0.9021405218678675,-5.468278878054434,29.251988349087583,29.758711266843058
6,1,6,6,22,23,1,490,0.7132459970887919,620.0,557.0,0.8983870967741936,1.9747118781490371,2.4854288527248514,3.174404445507861
6,1,6,6,23,22,1,445,0.7725694444444444,566.0,455.0,0.803886925795053,0.819349202034573,-0.06596901331886329,0.8220006238397608
6,1,8,8,24,24,1,66,0.3235294117647059,204.0,66.0,0.3235294117647059,1.6519607843138147,0.7598039215686185,1.8183169229102403
6,1,8,8,26,25,1,36835,0.9484023790519839,37955.0,37719.0,0.9937821103938875,0.5752747592578089,4.565089845879271,4.601194013469673
6,1,8,8,27,26,1,343,0.5944540727902946,389.0,531.0,0.7325800376647834,-4.673647722926717,3.2253738641259986,5.678557880431013
6,1,10,10,28,28,1,33191,0.9556316941149372,34169.0,33754.0,0.9878544879861864,0.3872499523395163,1.2933221166739912,1.3500535630355748
6,1,12,12,29,29,1,11149,0.6845336771658378,11203.0,16233.0,0.6901373744840756,2.58504595932709,-11.64503801940873,11.928510933276966
6,1,12,12,30,29,1,1499,0.0923427585782049,1499.0,16233.0,0.0923427585782049,-7.526068612159634,56.936386223847194,57.43164445657142
6,1,12,12,31,31,1,146523,0.9660390047074647,147697.0,150500.0,0.981375415282392,-0.22980721472094956,-2.463081404312561,2.4737787613705753
6,1,13,13,32,32,1,132743,0.897925361725731,146321.0,134255.0,0.9175374689894137,-28.195079514017834,26.54635717520796,38.72559345026882
6,1,13,13,32,33,1,8723,0.059584147324417,146321.0,8800.0,0.060141743153751,325.4414294614394,-293.59659699782105,438.30478639709827
6,1,13,13,32,35,1,792,0.00540832144003387,146321.0,912.0,0.006232871563206922,428.0588058569738,-188.59902921472712,467.7648288322198
6,1,13,13,33,34,1,1315,0.8527885862516212,1411.0,1446.0,0.9757952973720608,-0.45188760901555725,-0.3971169030528472,0.6015847786239954
6,1,14,14,34,36,1,64652,0.9627280172734718,65966.0,65841.0,0.9981050844374375,-1.3806227635709547,3.301596840247612,3.5786395335131638
6,1,14,15,34,37,0,17,0.00016488046166529267,65966.0,37156.0,0.5632598611405876,139.63999847760488,49.82123825328188,148.2615424036718
6,1,15,14,35,36,0,26,0.00025238062881604363,37204.0,65841.0,0.5650582463814341,-140.2976697329932,-49.7696669087145,148.86388372171547
6,1,15,15,35,37,1,36402,0.9590073238842932,37204.0,37156.0,0.9987098161488012,0.7229515081826321,-3.2500254956802337,3.329463110736488
6,1,15,48,35,72,0,64,0.0014296883726125321,37204.0,7625.0,0.20495108052897537,-58.33047831980002,137.31920299421358,149.1945314412787
6,1,16,16,36,38,1,77106,0.8934025444349176,78735.0,84677.0,0.929827462002669,-1.6195694970551813,25.008826531754494,25.061213255769943
6,1,16,16,37,39,1,2171,0.44423981993042766,4604.0,2454.0,0.5330147697654214,-15.288322333366523,26.091713240391073,30.240871343063386
6,1,16,16,37,40,1,1139,0.24712518984595358,4604.0,1144.0,0.24847958297132927,15.01446218855017,-51.563940295152406,53.70543746748037
6,1,16,16,38,41,1,477,0.7976588628762542,485.0,590.0,0.8220338983050848,0.42068845011317535,-0.31327974838382033,0.5245216609502942
6,1,16,16,39,42,1,392,0.7641325536062378,479.0,426.0,0.8893528183716075,-2.7864731884696994,0.6226685093160995,2.855196823785433
6,1,17,17,40,43,1,62114,0.9464557810690559,62913.0,64829.0,0.9704453253944993,-0.29025688742240163,3.7002503220187464,3.7116171012506096
6,1,17,17,41,45,1,615,0.7935483870967742,759.0,631.0,0.8313570487483531,-0.9644665493215143,-1.217044697648248,1.5528662276042533
6,1,23,23,42,46,1,708,0.9076923076923077,735.0,753.0,0.9760956175298805,-0.08813724693061431,-0.569883730384845,0.57665903309829
6,1,23,23,43,47,1,47312,0.9628785411917942,48398.0,48050.0,0.992809620232241,-2.0969822860131444,1.6677150615396386,2.679292487642787
6,1,24,24,44,48,1,22898,0.8290969657469766,26274.0,24242.0,0.9226611859633097,1.7968824847787346,-6.908965735913625,7.138809018606191
6,1,24,24,45,49,1,456,0.628099173553719,559.0,623.0,0.8972712680577849,3.801459841439055,1.1880450357066366,3.9827814317309738
6,1,24,24,47,50,1,530,0.6393244873341375,804.0,555.0,0.6902985074626866,4.399361301600038,2.0283447626729867,4.844436225019265
6,1,26,26,48,51,1,167,0.7522522522522522,215.0,174.0,0.8093023255813954,0.4512697139798547,0.6196738839880709,0.7665768567158293
6,1,26,26,49,52,1,104,0.7027027027027027,148.0,104.0,0.7027027027027027,1.2967775467773208,0.04028066528053387,1.2974029974611778
6,1,26,26,50,53,1,1340,0.6079854809437386,2201.0,1343.0,0.6101771921853703,-2.2570560393078267,-5.937355016656284,6.351888424585988
6,1,26,16,51,38,0,21,0.0002451180652014053,1017.0,84677.0,0.012010345194090485,-178.70160154773566,-139.53230511236825,226.72345834892496
6,1,26,26,51,54,1,145,0.1407766990291262,1017.0,158.0,0.1553588987217306,-13.129276974969798,14.981012658227883,19.920056580026476
6,1,26,26,51,55,1,573,0.5634218289085545,1017.0,573.0,0.5634218289085545,5.12299289049497,-4.855148342059238,7.058152844722376
6,1,26,26,52,56,1,1006,0.7726574500768049,1270.0,1038.0,0.8173228346456692,-1.5199626780754443,-2.0690425257535026,2.567337826644306
6,1,26,26,53,57,1,1057,0.7749266862170088,1253.0,1168.0,0.9321628092577813,-3.6787231193084153,0.15076555991640817,3.681811244834687
6,1,26,26,54,58,1,335,0.8292079207920792,377.0,362.0,0.9602122015915119,-0.8235781174435033,-0.18935474888985482,0.8450657586595998
6,1,29,29,55,59,1,3966,0.9048596851471595,4198.0,4151.0,0.988804192472606,-1.725330367479387,1.1430065756153454,2.0695963154312182
6,1,29,29,56,61,1,227693,0.9818458579664774,229361.0,230235.0,0.9962038786457316,-0.06826722614368919,0.1462087908939793,0.16136116230379902
6,1,29,29,57,60,1,312,0.8020565552699229,343.0,358.0,0.9581005586592178,-1.4627017606724166,-1.1483948727136521,1.8596524471925373
6,1,29,29,58,62,1,225,0.6484149855907781,268.0,304.0,0.881578947368421,3.496465043205035,-0.8589454045561524,3.600424281437247
6,1,43,43,60,63,1,3578,0.7285685196497659,4873.0,3616.0,0.7420480197003899,-4.732115024725545,-4.764045869056417,6.714837723259346
6,1,43,43,61,64,1,1016,0.7498154981549815,1236.0,1135.0,0.9182847896440129,7.12201859059337,0.9137326604222835,7.18039387356153
6,1,43,43,62,66,1,6178,0.8188204108681246,7343.0,6380.0,0.8688546915429661,-6.801772549465113,-5.981546325867612,9.057759450501955
6,1,46,46,63,67,1,18515,0.9026423556942278,19256.0,19771.0,0.9739517475089778,1.2017347906485156,-11.819488355631165,11.880423876947983
6,1,46,46,63,68,1,212,0.010977630488815244,19256.0,268.0,0.013917739925218114,-9.72236914720088,214.106260347618,214.32688861147687
6,1,46,46,64,67,1,389,0.01955166867712103,514.0,19771.0,0.025997673359971676,10.628253423882597,166.404177541016,166.74324596200066
6,1,46,46,65,69,1,1594,0.8826135105204873,1657.0,1743.0,0.9506597819850832,1.2418318848290255,1.3883855103144924,1.8627293833053806
6,1,46,46,66,70,1,118,0.6941176470588235,163.0,125.0,0.7668711656441718,-0.3694723926378174,-1.5150920245400812,1.559491484986845
6,1,48,48,67,72,1,6937,0.8539948294964914,7435.0,7625.0,0.9750819672131148,5.323292358913932,-5.04879270618585,7.336739693386082
6,1,48,15,68,37,0,10,0.00019036740909956216,15384.0,37156.0,0.4140381095919905,-105.8618385794748,139.00653227496298,174.72705824381381
6,1,48,48,68,73,1,11077,0.7059010960999236,15384.0,11385.0,0.7400546021840874,-12.786940797789612,-31.124195029724774,33.648497309902574
6,1,48,48,68,75,1,3600,0.23025263831148066,15384.0,3851.0,0.25032501300052,38.91261857952895,89.64562943852468,97.72681700610731
6,1,49,49,69,76,1,2216,0.5624365482233502,3937.0,2219.0,0.5636271272542545,5.8619072839769615,-7.958536792242512,9.884344433467497
6,1,49,49,70,77,1,794,0.8446808510638298,893.0,841.0,0.9417693169092946,-1.4414623981210752,-1.6835341066000638,2.2163259988735042
6,1,53,53,71,78,1,20977,0.9079773189629052,21645.0,22435.0,0.964787162915088,2.7027992831424967,-1.2276880367362537,2.9685588895120323
6,1,53,53,72,79,1,404,0.8096192384769539,415.0,488.0,0.8504098360655737,1.520565870037501,1.2703881098163947,1.9814152807238
6,1,53,53,73,80,1,6135,0.8995601173020528,6488.0,6467.0,0.9967632552404438,-1.3071635193529119,1.557822298811061,2.033589629448397
6,1,53,53,74,81,1,1511,0.7961011591148578,1629.0,1780.0,0.9151685393258427,-4.277183217111201,-1.1878615128880483,4.43906648368082
6,1,53,53,75,82,1,281,0.6596244131455399,426.0,281.0,0.6596244131455399,0.28210783085228286,0.8059245150620882,0.8538730304947231
6,1,54,54,76,83,1,5104,0.8174247277386291,5192.0,6156.0,0.843404808317089,-5.2794137229165585,-1.0690599873250903,5.386566486568155
6,1,54,3,77,5,0,70,0.0008207677696222123,19554.0,65802.0,0.29716421993252484,113.70966671388544,-252.04445993470563,276.50732013449544
6,1,54,54,77,84,1,18833,0.9481925284462793,19554.0,19141.0,0.9788790017387746,2.248647300716925,-0.1279246784292809,2.252283154128883
6,1,55,55,78,85,1,18065,0.8486798834914968,20063.0,19288.0,0.9613716792104869,6.591693460291026,10.64822273959794,12.523380940725797
6,1,55,55,79,86,1,5883,0.6245885975156599,8887.0,6415.0,0.7218408911893778,-6.840210748603113,-26.55755522639356,27.424299857758438
6,1,55,55,80,87,1,10384,0.8533158024488454,10591.0,11962.0,0.8853870590202307,0.3260602047166685,-3.734494043715131,3.7487012443836685
6,1,55,55,81,88,1,4481,0.819345401353081,5234.0,4716.0,0.9010317157050057,4.778052454704266,9.890241125828652,10.983927111326707
6,1,55,55,82,87,1,297,0.02478511224234332,318.0,11962.0,0.02658418324694867,-20.102956006389377,97.01946520375304,99.0802980850233
6,1,55,55,83,92,1,775,0.00400576830636116,850.0,193396.0,0.004395127096734162,318.0545995963173,-513.886296778448,604.3491162738975
6,1,55,55,84,92,1,185441,0.93560674860245,190249.0,193396.0,0.9837276882665619,-11.92018498475636,24.05132268805312,26.843191559791652
6,1,55,55,84,94,1,1177,0.006185718715346573,190249.0,1205.0,0.006333804645490909,71.12703138182587,-427.00677399212725,432.8901010976745
6,1,55,55,85,92,1,3136,0.016200941266421794,3309.0,193396.0,0.01710997125069805,273.1360910723274,-615.3789705914,673.2715660804353
6,1,55,55,86,93,1,1172,0.9022324865280985,1181.0,1290.0,0.9155038759689923,0.5760536662533013,-0.26775101904183884,0.6352388799513243
6,1,55,55,87,92,1,1135,0.005865148101448976,1255.0,193396.0,0.006489275889883969,178.92074911588634,-85.52961058205699,198.31275488608458
6,1,999,999,89,95,1,26456,0.9284110050533408,27652.0,27300.0,0.9872703601909446,-3.3929763587104844,4.369572462351243,5.53221945285132
7,1,1,1,1,1,1,89589,0.9283160806988094,94533.0,91563.0,0.9685823997968963,-1.409323000171952,10.79966227460136,10.891230259445509
7,1,1,1,2,2,1,2707,0.8783257624918884,2940.0,2849.0,0.969047619047619,2.0273922345350854,-0.022489093917783975,2.0275169621974585
7,1,1,1,3,3,1,291,0.8871951219512195,317.0,302.0,0.9526813880126183,-0.4777404057074932,0.1018864771135668,0.48848413430138504
7,1,2,2,4,4,1,71705,0.9185294306027029,75679.0,74091.0,0.9790166360549162,-1.8671329665205292,-1.5797863275822692,2.445794422162996
7,1,3,3,5,5,1,62448,0.91686976949053,65802.0,64756.0,0.9841038266314094,-6.029725963624514,10.429539721202673,12.047111437707876
7,1,3,3,6,6,1,362,0.6407079646017699,375.0,552.0,0.6793478260869565,3.4918405797101286,0.9262753623188473,3.6126080165095797
7,1,3,3,7,8,1,436,0.8014705882352942,440.0,540.0,0.8148148148148148,0.1920033670033945,-0.6702020202019412,0.6971628510064226
7,1,3,3,8,9,1,431,0.7628318584070797,546.0,450.0,0.8241758241758241,0.819877899877838,2.3145054945052834,2.4554297902410567
7,1,3,3,9,10,1,314,0.7201834862385321,386.0,364.0,0.9430051813471503,2.509494391618773,1.5858765586744994,2.9685967326195297
7,1,3,3,10,11,1,280,0.6896551724137931,367.0,319.0,0.8692098092643051,2.382026598788798,-1.0634390508485012,2.6086305472808697
7,1,4,4,11,13,1,112312,0.9585961438338042,115102.0,114373.0,0.9936664871157755,-2.3181174227053134,9.345752201390951,9.628953868165208
7,1,4,4,12,14,1,2592,0.908835904628331,2678.0,2766.0,0.9681851048445409,-1.4113418189613185,-1.1020999688419124,1.7906730777197684
7,1,4,4,13,15,1,511,0.8021978021978022,559.0,589.0,0.9490662139219015,1.618087720310541,0.8945242383470031,1.8488865523903975
7,1,5,5,14,16,1,1831,0.8500464252553389,2086.0,1899.0,0.9103547459252157,-3.6349519376651642,-1.5994614413298223,3.9712910358517677
7,1,5,5,15,17,1,66963,0.9022960627374889,73110.0,68067.0,0.9310217480508822,10.85346140791944,-17.73004104689892,20.788265441299263
7,1,5,5,16,18,1,539,0.8953488372093024,586.0,555.0,0.947098976109215,0.44792608307966475,-0.4725548073670893,0.6511112208131862
7,1,5,5,17,19,1,293,0.6674259681093394,418.0,314.0,0.7511961722488039,-2.8246579099746896,-1.8390424526864422,3.370574053653998
7,1,5,5,18,20,1,497,0.756468797564688,630.0,524.0,0.8317460317460318,-2.829268144917023,0.9102447594814009,2.972087441177592
7,1,5,5,19,21,1,832,0.7878787878787878,1032.0,856.0,0.8294573643410853,0.9981254075200923,2.123587263638342,2.3464605676260852
7,1,5,5,20,22,1,606,0.8290013679890561,668.0,669.0,0.9985052316890882,1.3134515721919797,0.9205691755502414,1.6039334897266888
7,1,6,6,21,23,1,70509,0.9521938176072601,73123.0,71435.0,0.9769156079482516,-0.25373994458186644,7.963427429490707,7.9674688819123345
7,1,6,6,23,24,1,305,0.4810725552050473,557.0,382.0,0.6858168761220825,7.877264139415502,8.709757771156205,11.74355869208041
7,1,8,8,25,25,1,36559,0.9377228306871521,37719.0,37827.0,0.9971448965024983,2.1632172230283686,5.433016593514992,5.847835331078999
7,1,8,8,26,26,1,498,0.6604774535809018,531.0,721.0,0.7364771151178918,-1.596289418076367,3.2872710271097674,3.6543522971845355
7,1,8,8,27,27,1,69,0.15575620767494355,69.0,443.0,0.15575620767494355,2.2125494814667945,-1.0950698465665596,2.4687148836587607
7,1,10,10,28,28,1,33099,0.9351320808023732,33754.0,34740.0,0.9716177317213587,0.22110296725441003,4.071197184109934,4.077196712697753
7,1,12,12,29,29,1,16048,0.09194401315450237,16233.0,174356.0,0.09310261763288903,127.38829744194754,-550.2928288428157,564.845090091953
7,1,12,12,30,30,1,436,0.615819209039548,443.0,701.0,0.6319543509272468,0.6930441194940613,0.974525267032277,1.1958301081882952
7,1,12,12,31,29,1,148687,0.8440020661977987,150500.0,174356.0,0.8631764894812911,-16.87503100899721,81.7724682651426,83.49552824989115
7,1,13,13,32,32,1,131223,0.9621089368066807,134255.0,133359.0,0.9933261331049122,-1.8206212979880547,7.971709416161957,8.176968443525565
7,1,13,13,32,33,1,598,0.00445175650827446,134255.0,672.0,0.005005400171315779,205.9656648196128,-295.3640580691331,360.08579794772703
7,1,13,13,33,34,1,6127,0.686960421571925,8800.0,6246.0,0.7097727272727272,-7.123616787471292,6.0447147992895225,9.342617039111289
7,1,13,13,34,36,1,896,0.5593008739076155,1446.0,1052.0,0.7275242047026279,0.8160968503643744,4.581634665446927,4.653750130464637
7,1,13,13,35,35,1,756,0.6737967914438503,912.0,966.0,0.9440993788819876,-1.0365383567618665,0.07001879699237179,1.0389005712631258
7,1,14,14,36,37,1,64043,0.9535032605782687,65841.0,65368.0,0.9928160264880546,0.14629711689121905,4.568614230628327,4.570956008835608
7,1,15,14,37,37,0,152,0.0014847809948032665,37156.0,65368.0,0.5684126789866601,-140.8743241242846,-41.95102718240594,146.98797188590964
7,1,15,15,37,38,1,36568,0.9584316192273419,37156.0,37566.0,0.9890858755257413,2.875575629515879,-1.469680638782961,3.2293801852800077
7,1,16,16,38,39,1,82375,0.9074035315759905,84677.0,88479.0,0.9570293515975542,1.600187652913064,19.118839770309705,19.185688277654037
7,1,16,16,39,40,1,1856,0.725,2454.0,1962.0,0.7995110024449877,-3.2106427999970037,-2.782059621811868,4.248303535352505
7,1,16,16,40,41,1,902,0.7816291161178509,1144.0,912.0,0.7972027972027972,0.27692154336864405,0.10274046129325143,0.2953661178409296
7,1,16,16,41,42,1,545,0.7944606413994169,590.0,641.0,0.9204368174726989,0.9862079906924919,1.2746159337900735,1.611599199421886
7,1,16,16,42,43,1,282,0.6467889908256881,426.0,292.0,0.6854460093896714,-2.841533217570486,0.4095761785324612,2.870899453582054
7,1,17,17,43,44,1,63571,0.9089232352983229,64829.0,68683.0,0.9438871336429684,-2.705781019146798,11.848856721117954,12.153874136305559
7,1,17,55,43,97,0,165,0.0006339473016897578,64829.0,195610.0,0.3314196615714943,109.04839898042792,-578.07233580624,588.2679480854595
7,1,17,17,44,45,1,84,0.5675675675675675,87.0,145.0,0.6,1.105747126436654,1.928735632183816,2.223217903507981
7,1,17,17,45,46,1,367,0.5816164817749604,631.0,367.0,0.5816164817749604,0.4502735591186138,-2.114665964236565,2.1620727134723996
7,1,23,23,46,47,1,720,0.903387703889586,753.0,764.0,0.9856020942408377,0.623575506003931,-0.01588932229196871,0.6237779109995453
7,1,23,23,47,48,1,45270,0.9274358764238302,48050.0,46032.0,0.9580020811654526,-6.426406569813253,10.076496910984588,11.951338477242658
7,1,23,23,47,51,1,1569,0.03251678686893807,48050.0,1771.0,0.036857440166493234,144.74244194388598,-201.41938325349292,248.0325431270999
7,1,24,24,48,52,1,5729,0.2327631739324747,24242.0,6100.0,0.2516294035145615,-127.49564956362133,243.68601773645787,275.0236642507386
7,1,24,24,48,54,1,3203,0.13031449611456936,24242.0,3540.0,0.14602755548222093,-51.2311140444956,72.3007616468035,88.61166503879727
7,1,24,24,48,55,1,12764,0.5050249268022474,24242.0,13796.0,0.5690949591617853,77.95384294786936,-146.32809597671167,165.79720535193232
7,1,24,24,49,53,1,563,0.7162849872773537,623.0,726.0,0.8581267217630854,3.047685375570836,1.1486542058551095,3.256960643467615
7,1,24,24,50,56,1,340,0.5198776758409785,555.0,439.0,0.790990990990991,7.9001292864618335,5.997278827802802,9.918638821996883
7,1,26,26,51,57,1,102,0.4594594594594595,174.0,150.0,0.8620689655172413,1.155862068965689,3.485287356322033,3.6719538502835065
7,1,26,26,52,58,1,86,0.7288135593220338,104.0,100.0,0.9615384615384616,0.7453846153848644,0.7226923076923413,1.0382111521507194
7,1,26,26,53,59,1,653,0.4701223902087833,1343.0,699.0,0.5204765450483991,-1.150985824872805,7.90099035213575,7.984385819435352
7,1,26,16,54,39,0,41,0.000462774843108041,158.0,88479.0,0.0017857344680658688,-163.9721369198528,-135.39447800028643,212.64648212240192
7,1,26,26,54,60,1,79,0.3574660633484163,158.0,142.0,0.8987341772151899,4.857461223034534,1.4908183276875207,5.0810893339374745
7,1,26,16,55,39,0,77,0.000865411632481034,573.0,88479.0,0.006476112975960398,-182.22440678531757,-115.5583169999993,215.7764098694137
7,1,26,26,55,61,1,387,0.6581632653061225,573.0,402.0,0.7015706806282722,1.0572269542344657,2.131267745044397,2.3790819729102473
7,1,26,26,56,62,1,765,0.7203389830508474,1038.0,789.0,0.7601156069364162,-2.2117848743928334,-0.3719752082463401,2.2428459345534257
7,1,26,26,57,63,1,778,0.6604414261460102,1168.0,788.0,0.6746575342465754,3.5581931020096818,-2.593378415965617,4.40299327271637
7,1,26,26,58,64,1,248,0.5876777251184834,362.0,308.0,0.850828729281768,4.8923369448230005,-0.7447800817967618,4.948702673622779
7,1,29,29,59,65,1,4095,0.9007919049714034,4151.0,4490.0,0.9244988864142539,0.25833579693949105,-0.35501494528125477,0.43905921622648386
7,1,29,29,60,66,1,335,0.8417085427135679,358.0,375.0,0.9546666666666667,-0.8391135940410095,-0.7159627560521358,1.1030477286854772
7,1,29,29,61,67,1,228910,0.9645748092214211,230235.0,235992.0,0.9756051052578053,-0.9130134748884302,9.532005886892307,9.575632085302644
7,1,29,29,62,67,1,76,0.00032173397680128693,304.0,235992.0,0.0012881792603139089,0.7504181676094959,-451.94192945434366,451.94255246252396
7,1,43,43,63,69,1,2622,0.7237096329009108,3616.0,2629.0,0.7270464601769911,-5.659331482241896,-2.736099668604311,6.286038038576515
7,1,43,43,64,70,1,858,0.3719115734720416,1135.0,2030.0,0.5591133004926109,42.68638050389541,6.4556194527028765,43.17177437911786
7,1,43,43,65,71,1,652,0.3846607669616519,742.0,1605.0,0.46230529595015574,3.7515849224541853,5.591389777565155,6.7333519939956865
7,1,43,43,66,72,1,6136,0.8718385905086672,6380.0,6794.0,0.9390638798940242,-2.0301968914118333,0.22607187053313282,2.0427451893333686
7,1,46,46,67,73,1,18901,0.8667400376026047,19771.0,20937.0,0.9443091178296795,3.9245801741881223,-12.446803566210292,13.050871563212002
7,1,46,46,68,74,1,149,0.5,268.0,179.0,0.667910447761194,4.412386392061762,2.6196531309929014,5.131445819608031
7,1,46,46,69,75,1,1633,0.761660447761194,1743.0,2034.0,0.8569321533923304,-0.19423754859326436,4.345626924046428,4.349965699667153
7,1,46,46,70,76,1,122,0.7261904761904762,125.0,165.0,0.7575757575757576,0.6358787878789371,1.2109090909093538,1.3677143924523512
7,1,46,46,71,77,1,480,0.6130268199233716,713.0,550.0,0.7713884992987378,-7.234560754813174,5.082511793956655,8.84142496720927
7,1,48,15,72,38,0,40,0.0008859161480365884,7625.0,37566.0,0.2029760954054198,61.92900545749853,-142.03890912867678,154.9524230963149
7,1,48,48,72,78,1,7250,0.9180701532227428,7625.0,7522.0,0.9864918032786886,1.486951325292921,-0.3271360511897683,1.5225118192573774
7,1,48,15,73,38,0,56,0.001145311381531854,11385.0,37566.0,0.3030666027791088,-90.19932215216932,168.6610466659048,191.26543435537258
7,1,48,48,73,79,1,10798,0.7787955283086909,11385.0,13278.0,0.8574333483958427,6.049364665734174,-16.05649854008766,17.158262098093452
7,1,48,12,74,30,0,12,0.004856333468231485,1782.0,701.0,0.39337822671156003,15.518394437319785,50.080817687094395,52.4300378229906
7,1,48,48,74,79,1,1602,0.11903700401248328,1782.0,13278.0,0.1342069588793493,-32.88848240399693,88.7704960434287,94.66706524781682
7,1,48,15,75,38,0,22,0.0005314651527962315,3851.0,37566.0,0.10251291061065858,-141.89888152948788,47.89122219765534,149.76268474791988
7,1,48,48,75,80,1,3393,0.8613861386138614,3851.0,3481.0,0.9039210594650741,0.11292783445651366,2.8588851703848377,2.861114662721748
7,1,49,49,76,81,1,285,0.1284362325371789,2219.0,285.0,0.1284362325371789,-35.79738937248476,27.86292387119215,45.3629321421922
7,1,49,49,76,82,1,996,0.44844664565511033,2219.0,998.0,0.44975214060387564,14.337729989045329,-9.457513494767795,17.176002525107076
7,1,49,49,77,83,1,701,0.7965909090909091,841.0,740.0,0.8799048751486326,-1.7517884114790832,0.10823826204330089,1.7551291006540128
7,1,53,53,78,84,1,21951,0.8702081268582755,22435.0,24741.0,0.906794389879148,3.6635628480795503,-0.30039652430559727,3.675857833709518
7,1,53,53,79,84,1,453,0.018283823054568937,488.0,24741.0,0.01972434420597389,-151.73035226918086,48.82884213236002,159.39371262291576
7,1,53,53,80,85,1,5990,0.850489848076104,6467.0,6566.0,0.9849223271398111,-1.3687407391427087,3.5424049113471483,3.797641869229552
7,1,53,53,81,86,1,1668,0.8896,1780.0,1763.0,0.9904494382022472,-1.988967350086341,-0.9804951340602202,2.217512531559912
7,1,54,54,83,87,1,6080,0.8820542579428405,6156.0,6817.0,0.9030365263312308,-1.7429714566162602,-1.6652455691410069,2.4105999884100977
7,1,54,3,84,5,0,259,0.003096678543245893,19141.0,64756.0,0.2955865093582062,105.431293449544,-241.48699553507367,263.49900692602347
7,1,54,54,84,88,1,18050,0.9115240884759115,19141.0,18711.0,0.9775351340055378,1.6547360180630903,2.453572474858902,2.959420412658622
7,1,55,55,85,89,1,18439,0.8350996376811595,19288.0,21231.0,0.9084828788092884,3.227523084978202,9.81551377501205,10.332531922598571
7,1,55,55,86,90,1,4908,0.7215524845633637,6415.0,5295.0,0.8254091971940763,-0.7662241103057568,-20.94235329878552,20.9563656457499
7,1,55,55,87,91,1,11706,0.8349500713266762,11962.0,13764.0,0.8690787561755303,2.6292400506283684,-2.288536009190466,3.4857280888201374
7,1,55,55,88,92,1,4099,0.8311030008110301,4716.0,4315.0,0.9149703138252756,3.4919723983932727,4.80777182186921,5.942099050192621
7,1,55,55,89,93,1,252,0.7346938775510204,253.0,342.0,0.7397660818713451,1.340822411760655,0.3805099045373481,1.393769180076343
7,1,55,55,90,94,1,106,0.4344262295081967,119.0,231.0,0.5151515151515151,4.901960784313587,0.6338171632289686,4.942766808919059
7,1,55,55,91,96,1,737,0.40185387131952016,737.0,1834.0,0.40185387131952016,5.224396260000731,-2.515676302733482,5.798529429229831
7,1,55,55,92,97,1,189244,0.947347343338573,193396.0,195610.0,0.9886815602474311,-4.030562752297101,11.315148966324728,12.01157908979183
7,1,55,55,93,97,1,1252,0.00639924762839385,1290.0,195610.0,0.006594754869382956,251.02218549883082,-270.48750896123397,369.0198234738387
7,1,999,999,95,98,1,26813,0.9499734278122232,27300.0,27738.0,0.9842093878433917,-0.8237637739000547,2.57253372411742,2.7012064928308432
8,1,1,1,1,1,1,86269,0.9356927482157964,91563.0,86904.0,0.949117001408866,-4.9707518770877925,11.996763441501571,12.985788666650956
8,1,1,1,2,2,1,2630,0.8749168330006654,2849.0,2787.0,0.9782379782379782,-1.3402884802239043,-1.4983511043790259,2.0103306300742547
8,1,1,1,3,3,1,230,0.759075907590759,302.0,231.0,0.7649006622516556,1.45901780338869,0.17060864080735882,1.468958903074995
8,1,2,2,4,4,1,71240,0.9332547324294229,74091.0,73484.0,0.9918073720154945,-6.063026200963947,-2.54368710258359,6.575000440260473
8,1,3,3,5,5,1,61037,0.8990705416194081,64756.0,64170.0,0.9909506455000309,-13.334398237786672,9.75625821264157,16.52243174219898
8,1,3,54,5,91,0,18,0.00021510002151000216,64756.0,18944.0,0.2925443202174316,-102.95623037135351,244.70049180457863,265.4775245885833
8,1,3,3,6,5,1,543,0.008460711447669798,552.0,64170.0,0.008602150537634409,61.55793595137925,81.8852072619602,102.44299218066745
8,1,3,3,7,7,1,347,0.7139917695473251,374.0,459.0,0.8148148148148148,-1.9734600911071993,-1.7046939988113081,2.6077818851997807
8,1,3,3,8,8,1,532,0.8664495114006515,540.0,606.0,0.8910891089108911,-0.8049871653832952,-0.912651265126442,1.2169374134148099
8,1,3,3,9,9,1,395,0.8624454148471615,450.0,403.0,0.8955555555555555,0.32841466776960715,-0.10329197684040992,0.34427521909922765
8,1,3,3,11,10,1,240,0.7339449541284404,319.0,248.0,0.7774294670846394,0.333792597836009,-0.788477095763028,0.8562205492237447
8,1,4,4,12,11,1,308,0.717948717948718,311.0,426.0,0.7300469483568075,-1.11581601074829,0.04910707546446247,1.116896089483216
8,1,4,4,13,12,1,112405,0.9632292452183451,114373.0,114728.0,0.9969057248448504,-3.508810319876943,7.229126770203493,8.035671952024156
8,1,4,4,14,13,1,2260,0.7676630434782609,2766.0,2438.0,0.8814172089660159,-5.284640575795265,-0.37025981136230257,5.2975955246934205
8,1,4,4,15,14,1,558,0.7837078651685393,589.0,681.0,0.8649045521292217,1.050367855121749,1.4728141228442837,1.8089925570666785
8,1,5,5,16,15,1,1624,0.7996061053668144,1899.0,1756.0,0.9246972090573986,-5.169724864183422,-2.2948611605916653,5.656186252038419
8,1,5,5,17,16,1,63626,0.9205416823403455,68067.0,64677.0,0.9501961302833972,2.4184750400903567,-7.657397773561058,8.030240480961819
8,1,5,5,17,20,1,314,0.004608227300077782,68067.0,386.0,0.005670883100474532,-24.998190444937222,149.11469813611717,151.1955777321106
8,1,5,5,17,22,1,257,0.00376529192000586,68067.0,445.0,0.006537676113241365,117.0501998444031,-9.08432963357484,117.40219047575795
8,1,5,5,17,24,1,370,0.005431352113089559,68067.0,426.0,0.006258539380316453,221.3550898586459,-214.3759000297346,308.14785788625557
8,1,5,5,18,17,1,417,0.7152658662092625,555.0,445.0,0.8018018018018018,-1.5740257111043547,-2.5796943010425935,3.021982730931665
8,1,5,5,19,19,1,252,0.7241379310344828,314.0,286.0,0.910828025477707,-2.2318382254687776,-0.1355618903389768,2.235951450898677
8,1,5,5,20,18,1,461,0.6779411764705883,524.0,617.0,0.8492706645056726,-5.743894366981294,-0.652674848751019,5.780856939696018
8,1,5,5,21,21,1,715,0.8313953488372093,856.0,719.0,0.8399532710280374,-0.28333257509780196,0.8673683594815884,0.9124720374572218
8,1,5,5,22,23,1,569,0.844213649851632,669.0,574.0,0.8579970104633782,-0.9889142357151286,0.682369546309161,1.2014905589850498
8,1,6,6,23,26,1,68660,0.938580782743018,71435.0,70378.0,0.985203331700147,-1.054849621520816,9.038180226998179,9.099527984446416
8,1,6,6,24,27,1,255,0.5592105263157895,382.0,329.0,0.8612565445026178,4.814358917232994,4.048298031477259,6.290212137567659
8,1,8,8,25,28,1,36883,0.9315535574470235,37827.0,38649.0,0.9787316618799969,2.504021218962407,2.8428988331429537,3.7884292312909245
8,1,8,8,26,28,1,685,0.01770712162336823,721.0,38649.0,0.01865507516365236,-112.14608542209385,56.102517235294755,125.39631938632057
8,1,8,8,27,29,1,436,0.754325259515571,443.0,571.0,0.7758318739054291,-1.451692606927054,1.290963143350723,1.9426778586519806
8,1,10,10,28,30,1,34244,0.9622074236421366,34740.0,35093.0,0.9899410138774114,0.4223763722093281,1.10655433680202,1.1844257258672117
8,1,12,12,29,31,1,173468,0.9613504616441848,174356.0,179554.0,0.9710504917740624,-3.493569127324463,13.042062364812182,13.501867129217533
8,1,12,12,30,32,1,645,0.8354922279792746,701.0,716.0,0.979050279329609,0.1507582942163026,-1.6728177623347165,1.6795973711748708
8,1,12,12,31,33,1,745,0.8380202474690663,776.0,858.0,0.9044289044289044,-0.29888796770273984,-1.0348178453848504,1.0771174450190741
8,1,13,13,32,34,1,132285,0.9707850821187971,133359.0,135192.0,0.9864415054145216,-1.5530170322049344,4.132582818611354,4.414759637284955
8,1,13,13,33,35,1,672,0.7841306884480747,672.0,857.0,0.7841306884480747,-0.392096599432989,0.060041256876047555,0.3966669835191346
8,1,13,13,34,36,1,460,0.07165109034267912,6246.0,634.0,0.10150496317643291,-129.4153830691389,60.272008028355685,142.7622370471342
8,1,13,13,34,37,1,4189,0.6470497374111832,6246.0,4417.0,0.707172590457893,42.05095861759037,-14.71729877236885,44.55201458759713
8,1,13,13,35,38,1,744,0.7584097859327217,966.0,759.0,0.7857142857142857,0.24976472802563876,2.4212309429703964,2.4340792301326255
8,1,13,13,36,39,1,906,0.8595825426944972,1052.0,908.0,0.8631178707224335,0.21706922832117925,-0.13721713204131447,0.2568026308463287
8,1,14,14,37,40,1,64513,0.9626076187349856,65368.0,66164.0,0.9879692884347984,-0.947100324119674,3.485989323703393,3.6123566530620463
8,1,14,15,37,41,0,12,0.00011650259218267607,65368.0,37646.0,0.5759087015053237,144.57093804292163,38.05304487420915,149.49511815042274
8,1,15,14,38,40,0,47,0.00045330478477667504,37566.0,66164.0,0.5677709932894021,-144.69700007792017,-36.99535721991958,149.3515258957172
8,1,15,15,38,41,1,36993,0.9679217143305686,37566.0,37646.0,0.9978749402326941,0.8210382891211339,-2.428301669413827,2.563347980645807
8,1,15,48,38,82,0,8,0.0001789068789694964,37566.0,7158.0,0.1905446414310813,-55.82798337513259,134.24106597256116,145.38716422430008
8,1,16,16,39,42,1,81942,0.8742438306180584,88479.0,87192.0,0.9854541755670837,-0.17945795994683067,27.63753406395972,27.638116692277027
8,1,16,16,39,44,1,3962,0.044767349890397955,88479.0,3985.0,0.04503893579267397,-1.8841771058446284,-284.61489099420237,284.6211276398994
8,1,16,16,40,43,1,634,0.30147408464098907,1962.0,775.0,0.3950050968399592,-23.592035118871536,-21.490673769359773,31.91289990131132
8,1,16,16,40,45,1,812,0.4138634046890928,1962.0,812.0,0.4138634046890928,11.591095343547295,11.968835208869905,16.661527766693176
8,1,16,16,41,46,1,705,0.7157360406091371,912.0,778.0,0.8530701754385965,-0.5840408379558539,-4.091516145762853,4.132990209453475
8,1,16,16,42,42,1,593,0.006797340669417698,641.0,87192.0,0.0073515918891641436,-76.93524977029892,21.28335109319596,79.82489393024288
8,1,16,16,43,48,1,232,0.7388535031847133,292.0,254.0,0.8698630136986302,-1.2143242368674692,-1.093247761838029,1.6339443139249332
8,1,17,17,44,49,1,67614,0.9521489325747761,68683.0,69943.0,0.9819853309123143,-0.4434097459256918,2.187521807421035,2.2320089293559016
8,1,17,17,44,51,1,95,0.0013830855911598993,68683.0,99.0,0.0014414047144125912,128.14693459940463,-58.1823798310993,140.73672644350657
8,1,17,55,44,101,0,18,6.8661669622933e-05,68683.0,193490.0,0.3549692490567988,108.46220670649018,-584.1575757929922,594.141501361407
8,1,17,17,45,50,1,144,0.8089887640449438,145.0,177.0,0.8192090395480226,-0.5240210403271703,0.3631015000974003,0.637527058310902
8,1,17,17,46,52,1,185,0.5027173913043478,367.0,186.0,0.5068119891008175,-0.5052298496966614,-4.83614602560715,4.862464969747375
8,1,23,23,47,53,1,756,0.9064748201438849,764.0,826.0,0.9249394673123487,-0.5554428710876209,-0.6070667951266842,0.8228285828697512
8,1,23,23,48,54,1,45306,0.9480225988700565,46032.0,47064.0,0.9780724120346762,-2.239366730139409,1.3614749653347644,2.6207589422319186
8,1,23,23,49,55,1,405,0.7193605683836589,421.0,547.0,0.7696526508226691,-1.042190831440621,-0.8928858337640122,1.3723727049440133
8,1,23,23,50,56,1,107,0.4037735849056604,107.0,265.0,0.4037735849056604,-1.245318286016527,-0.2719449832484315,1.2746653315286842
8,1,23,23,51,57,1,1604,0.7855044074436827,1771.0,1875.0,0.9445333333333333,4.003474948240182,-1.1662855637114262,4.169896123083692
8,1,24,24,52,58,1,5089,0.7673401688781665,6100.0,5621.0,0.9214754098360656,0.2668779255775462,7.67285011417971,7.677490000112547
8,1,24,24,53,59,1,607,0.7852522639068564,726.0,654.0,0.9008264462809917,1.2311395860187986,1.129122753809952,1.67051575072907
8,1,24,24,54,60,1,1135,0.30918005992917463,3540.0,1266.0,0.3576271186440678,-31.887045813586155,-5.275273783704506,32.32046107670468
8,1,24,24,55,61,1,12418,0.8369616499292309,13796.0,13459.0,0.9755726297477529,1.6186564509318941,-15.64611720063158,15.729622759686348
8,1,24,24,56,61,1,315,0.023190753147316497,439.0,13459.0,0.032617579314956534,13.318799472150431,170.74468786583975,171.26336109565992
8,1,26,26,57,63,1,118,0.7195121951219512,150.0,132.0,0.88,0.42303030303037303,1.22030303030283,1.291547181890092
8,1,26,26,58,64,1,63,0.63,100.0,63.0,0.63,0.16761904761915503,-0.44873015873008626,0.4790145096744784
8,1,26,26,59,65,1,384,0.5470085470085471,699.0,387.0,0.5536480686695279,-1.9594326335518417,-3.5791108005898877,4.080368901009698
8,1,26,16,61,42,0,11,0.00012559514974367172,402.0,87192.0,0.004610514726121662,-183.46109169949887,-90.05205068108398,204.37060453852078
8,1,26,26,61,66,1,315,0.7758620689655172,402.0,319.0,0.7935323383084577,0.2425646064348257,-0.7400692462454117,0.7788068294083801
8,1,26,26,62,67,1,700,0.8215962441314554,789.0,763.0,0.9670468948035488,-0.3812347696953111,-1.6380640092224894,1.681842337418907
8,1,26,26,63,68,1,658,0.8308080808080808,788.0,662.0,0.8401015228426396,-0.7949031545690559,-0.37372521355064237,0.8783743850928883
8,1,26,26,64,69,1,207,0.6428571428571429,308.0,221.0,0.7175324675324676,0.29682082623276074,-1.5114885114883236,1.540357141459956
8,1,29,29,65,70,1,4222,0.8454144973968762,4490.0,4726.0,0.9500634786288616,-4.993577206883856,4.027044629199281,6.4150527485495195
8,1,29,29,66,71,1,296,0.7344913151364765,375.0,324.0,0.864,-2.56108641975311,-0.9477037037036098,2.730806833054536
8,1,29,29,67,72,1,234457,0.9817269000632273,235992.0,237286.0,0.9945466652057011,-1.2377051058235793,2.524050846161799,2.811182420795892
8,1,29,29,68,73,1,272,0.5375494071146245,280.0,498.0,0.5622489959839357,0.1000286861733457,0.4430436029833231,0.4541953018273198
8,1,43,43,69,74,1,2094,0.7647918188458729,2629.0,2203.0,0.8379612019779383,4.205168891205631,-0.2846954609253771,4.214795002017905
8,1,43,43,70,75,1,1963,0.8091508656224238,2030.0,2359.0,0.8605341246290801,3.4828448641301293,-0.056479221177824,3.4833027789760784
8,1,43,43,71,76,1,1582,0.7243589743589743,1605.0,2161.0,0.7427117075428042,-0.6384260200293284,0.21658197355827724,0.6741628396173188
8,1,43,43,72,77,1,6141,0.8648077735530207,6794.0,6448.0,0.9490727112157786,-4.510847450786514,-2.362826481328284,5.092218937274142
8,1,46,46,73,78,1,20779,0.8883331195759052,20937.0,23233.0,0.9011750527267249,4.471744851910444,-12.317653889946996,13.10423974800194
8,1,46,46,74,79,1,151,0.719047619047619,179.0,182.0,0.9835164835164835,1.5171281232733236,1.2219903002028332,1.9480600699713158
8,1,46,46,75,80,1,1945,0.9033906177426846,2034.0,2064.0,0.9854651162790697,-0.30519539914484994,-0.6691177311286083,0.7354337290129416
8,1,46,46,76,81,1,112,0.6666666666666666,165.0,115.0,0.696969696969697,-0.596574440052791,-0.934387351778696,1.1085940581151903
8,1,46,46,77,78,1,510,0.02191380569758948,550.0,23233.0,0.023673223432186974,-98.6019726642744,229.12151704276448,249.43740414233014
8,1,48,14,78,40,0,25,0.0003393926229619473,7522.0,66164.0,0.11368720149930475,-84.25494594571455,-178.7071302974066,197.5731113675379
8,1,48,48,78,82,1,6539,0.8032182778528436,7522.0,7158.0,0.9516086147301249,4.614070757073023,-7.47070710492585,8.780723979198184
8,1,48,12,79,32,0,20,0.001431229426077,13278.0,716.0,0.053923783702364815,48.55763513553302,-40.362496118669014,63.14249775614773
8,1,48,15,79,41,0,28,0.0005501414649481296,13278.0,37646.0,0.35270679487860596,-95.42764852878236,182.28924353657862,205.75666310686245
8,1,48,48,79,83,1,12851,0.9053187742162734,13278.0,13768.0,0.9644102266124346,0.11540085573597025,-2.438458840095791,2.4411880043015746
8,1,48,48,80,84,1,3322,0.9164137931034483,3481.0,3466.0,0.9956908934214306,-0.38909384105272693,1.3301675752618394,1.3859075710245348
8,1,49,49,81,85,1,243,0.801980198019802,285.0,261.0,0.9157894736842105,-0.815164347650807,0.4989715668481267,0.9557539109016716
8,1,49,49,83,86,1,651,0.8714859437751004,740.0,658.0,0.8891891891891892,-1.0762260740984857,-0.3152016758399441,1.1214341973659214
8,1,53,53,84,87,1,23966,0.9129209203108335,24741.0,25477.0,0.9711111983357538,-0.8855696295165671,0.29160618907644675,0.9323452891658747
8,1,53,54,84,90,0,13,0.0004036640273249495,24741.0,7477.0,0.30221090497554665,146.8530490310539,-95.33792819300061,175.08608900152765
8,1,53,53,85,88,1,6369,0.8390198919773416,6566.0,7394.0,0.8880173113335137,-3.9142113399484515,4.119991586233027,5.682902522867341
8,1,53,53,86,89,1,1446,0.7914614121510674,1763.0,1510.0,0.8564946114577425,-2.5132277537160235,-2.2666995976906037,3.384411441922987
8,1,54,54,87,90,1,6726,0.8887420718816068,6817.0,7477.0,0.9117293031964692,-3.620645280802364,-0.19884400666251167,3.626101375910777
8,1,54,3,88,5,0,175,0.0021159287113389595,18711.0,64170.0,0.29158485273492285,90.44215919369424,-234.184309797291,251.04197879010417
8,1,54,54,88,91,1,18405,0.9561038961038961,18711.0,18944.0,0.9877005912162162,0.8203270601273971,0.7599237946460562,1.1182220974594088
8,1,55,55,89,92,1,20387,0.8986203552695377,21231.0,21843.0,0.9719818706221672,-0.17114318671360707,3.6320131854679403,3.636043147402333
8,1,55,55,90,93,1,4266,0.7478962131837307,5295.0,4675.0,0.882908404154863,-3.2043206940256823,-15.526104235152843,15.853314600770158
8,1,55,55,91,94,1,13537,0.8812003645358677,13764.0,15135.0,0.9094152626362736,-0.29946379129546585,0.9756561910548953,1.0205800142275963
8,1,55,55,92,95,1,3815,0.8357064622124863,4315.0,4065.0,0.9420625724217845,2.773754701625876,8.466868485602618,8.90963394855717
8,1,55,55,93,98,1,342,0.5368916797488226,342.0,637.0,0.5368916797488226,0.22057891982694855,1.2573925656631673,1.276593562594229
8,1,55,55,94,97,1,230,0.5021834061135371,231.0,457.0,0.5054704595185996,-4.413149942690325,0.3417450529047983,4.426362174275002
8,1,55,55,95,99,1,1439,0.4522313010685104,1472.0,3149.0,0.4674499841219435,-16.340425747649306,1.0710970183772588,16.375492738761086
8,1,55,55,96,100,1,1792,0.7757575757575758,1834.0,2268.0,0.808641975308642,-1.4451108687749183,-1.2612316060151443,1.9180851355096153
8,1,55,55,97,101,1,191672,0.9708450675689365,195610.0,193490.0,0.989162108276673,-3.2919732930845385,5.763616734365655,6.637496969719963
8,1,999,999,98,102,1,26285,0.9172279024322155,27738.0,27204.0,0.9807484317542721,-2.657113860449158,1.0238566903499304,2.8475492251698373
9,1,1,1,1,1,1,83239,0.9288097390062375,86904.0,85954.0,0.9890683973119765,-0.7797325506960249,2.3176537311787797,2.445301958503663
9,1,1,1,2,2,1,2403,0.8485169491525424,2787.0,2448.0,0.8783638320775027,-1.6659969782674295,-0.6722537059315528,1.796516344689052
9,1,1,1,3,3,1,207,0.8734177215189873,231.0,213.0,0.922077922077922,-0.39375647826352633,-0.06371562709591672,0.3988782336888299
9,1,2,2,4,4,1,69291,0.9137796885096731,73484.0,71636.0,0.9748516683903979,-6.761629382049506,-4.745934609768938,8.26096406119757
9,1,3,3,5,5,1,61040,0.9265190267300132,64170.0,62751.0,0.9778868630201029,-8.656459324988987,10.038437727587734,13.255358163997139
9,1,3,54,5,96,0,66,0.0007935172048957607,64170.0,19070.0,0.2971793673055945,-89.62046207557455,235.300978833508,251.79034505446486
9,1,3,3,6,6,1,441,0.5727272727272728,546.0,665.0,0.8210526315789474,3.4844611528822043,-4.927819548872321,6.035302397742253
9,1,3,3,7,7,1,447,0.8039568345323741,459.0,544.0,0.84375,-0.3310185185184764,-1.1021241830067083,1.150761041385383
9,1,3,3,8,8,1,585,0.8917682926829268,606.0,635.0,0.9543307086614173,-0.751851563109085,-0.9431667576204745,1.2061692690621384
9,1,3,3,9,9,1,350,0.7900677200902935,403.0,390.0,0.967741935483871,0.78320926385436,0.5114971050456916,0.9354389554949119
9,1,3,3,10,10,1,220,0.7857142857142857,248.0,252.0,0.9841269841269841,0.06176395289298853,-1.4417562724015625,1.4430786308743595
9,1,4,4,11,11,1,426,0.5958041958041959,426.0,715.0,0.5958041958041959,-1.4344594372763595,1.763997504842564,2.273622896234554
9,1,4,4,12,12,1,108327,0.9362343891793786,114728.0,109304.0,0.9527229621365316,-5.721253231258288,14.22017580470856,15.327952846124044
9,1,4,4,13,13,1,1947,0.7203107658157603,2438.0,2212.0,0.9073010664479081,-4.499472635649909,-6.285385332002079,7.729897979320893
9,1,4,4,13,14,1,120,0.046583850931677016,2438.0,258.0,0.10582444626743231,-1.1307018715301638,43.90931377224956,43.9238696231576
9,1,4,4,14,15,1,606,0.8644793152639088,681.0,626.0,0.9192364170337739,0.8013844515442088,-0.718690330419804,1.0764445318806444
9,1,5,5,15,16,1,1528,0.8188638799571275,1756.0,1638.0,0.9328018223234624,-3.8413393743689994,-3.122787804450695,4.950524402596518
9,1,5,5,16,17,1,61795,0.9325435750396137,64677.0,63383.0,0.9799928877344342,4.771772777336423,-6.2698879782229255,7.879169416759188
9,1,5,5,17,18,1,403,0.8011928429423459,445.0,461.0,0.96529284164859,-1.6544005459553546,-1.0202783397109556,1.9437101267783525
9,1,5,5,18,19,1,549,0.6802973977695167,617.0,739.0,0.8349120433017592,-3.541660178567099,-2.210036779300083,4.174640030746007
9,1,5,5,19,20,1,221,0.6884735202492211,286.0,256.0,0.8951048951048951,-0.9653900786713621,-2.483118444055947,2.664180026050778
9,1,5,5,20,21,1,319,0.7384259259259259,386.0,365.0,0.9455958549222798,1.6124352331605678,1.6778692597061422,2.3270566460239883
9,1,5,5,21,22,1,581,0.7958904109589041,719.0,592.0,0.8233657858136301,0.262383471788894,1.4296132015186345,1.453491999367163
9,1,5,5,22,17,1,393,0.006195318042090329,445.0,63383.0,0.007020809996371267,-109.85995202697632,-4.842956118209145,109.96664623117519
9,1,5,5,23,23,1,529,0.8464,574.0,580.0,0.9896551724137931,-0.8771596780006803,0.957839721254345,1.2987940684815504
9,1,5,5,24,24,1,301,0.5913555992141454,426.0,384.0,0.9014084507042254,4.820092429577471,-2.4264598004694804,5.396387513231832
9,1,6,6,25,25,1,468,0.823943661971831,488.0,548.0,0.8905109489051095,0.6537932272347007,-0.314092975948256,0.7253274994910897
9,1,6,6,26,26,1,66442,0.9285704303103993,70378.0,67617.0,0.9607689903094717,-1.0651669832286643,14.098023160466482,14.138204897907295
9,1,8,8,28,27,1,36913,0.9368068421186204,38649.0,37667.0,0.9745918393748868,-1.0716048071274145,4.722733215706484,4.842782866224325
9,1,8,8,29,28,1,536,0.5826086956521739,571.0,885.0,0.6451977401129944,-5.016961025854016,3.571977005352892,6.158645765239952
9,1,10,10,30,29,1,33576,0.8811904574442957,35093.0,36586.0,0.959192040671295,-2.5265766553820868,4.175645803239149,4.880533523051599
9,1,10,10,30,30,1,604,0.017201116363843482,35093.0,625.0,0.017809819622146866,93.8839432593395,39.283213769127755,101.7711436800917
9,1,12,12,31,31,1,177586,0.947873521499637,179554.0,185384.0,0.9685517628274285,-2.6595049572024436,20.032561500693873,20.208327167196863
9,1,12,12,32,32,1,682,0.8080568720379147,716.0,810.0,0.8839506172839506,2.5701289744120004,-1.5454858955789632,2.9990147713116704
9,1,12,12,33,31,1,553,0.0029780977871602518,858.0,185384.0,0.004628231131057697,19.415091570277582,-602.7936067208873,603.1061913827929
9,1,13,13,34,33,1,130847,0.964123611070176,135192.0,131371.0,0.9717364932836262,-1.520704617183128,4.608412193687855,4.852834788003089
9,1,13,13,35,34,1,762,0.8819444444444444,857.0,769.0,0.897316219369895,0.46980651955209396,-0.05601236963821066,0.4731337563164772
9,1,13,13,36,35,1,506,0.7609022556390977,634.0,537.0,0.8470031545741324,1.0559217289646767,1.6928696050617873,1.9951887623585403
9,1,13,13,37,36,1,2570,0.5818428797826579,4417.0,2570.0,0.5818428797826579,6.716329022374794,-1.3003334305290082,6.841048352946008
9,1,13,13,38,38,1,254,0.315527950310559,759.0,300.0,0.3952569169960474,1.7079578392622352,18.410197628458263,18.489253546305964
9,1,13,13,39,37,1,514,0.49951409135082603,908.0,635.0,0.6993392070484582,-9.330332304276908,2.2675829893510127,9.601928635530848
9,1,13,13,39,39,1,107,0.11732456140350878,908.0,111.0,0.1222466960352423,30.353940945350587,4.704399333253605,30.716332854046037
9,1,14,14,40,40,1,633,0.009565545901020022,66164.0,644.0,0.00973338975878121,-112.31635422389172,-39.61962633035694,119.09944675229954
9,1,14,14,40,41,1,63240,0.9462532918362461,66164.0,63908.0,0.9659029079257603,0.6182512085292728,5.180967846754015,5.21772578677213
9,1,15,14,41,41,0,82,0.0008081046988331757,37646.0,63908.0,0.5890655317018214,-144.89978715851203,-29.38608770375174,147.84955349650087
9,1,15,15,41,42,1,36765,0.9637464611513055,37646.0,37267.0,0.9899325293523881,2.054225542739914,-2.6719050988463096,3.3702996065166078
9,1,15,48,41,84,0,43,0.0009391722179753194,37646.0,8182.0,0.21734048770121658,-49.54469630261019,136.6401983637585,145.34517790626956
9,1,16,16,42,43,1,430,0.004930514149428977,87192.0,450.0,0.005161023947151115,-115.20587347463061,-233.16184649967886,260.0708364007629
9,1,16,16,42,44,1,285,0.0032686484998623727,87192.0,285.0,0.0032686484998623727,-120.53534715884098,-117.18196345874321,168.10824630204357
9,1,16,16,42,45,1,83784,0.8889171812336877,87192.0,90846.0,0.9597780859916782,1.9898066874015967,13.131103767806735,13.281009630827633
9,1,16,16,43,46,1,680,0.7798165137614679,775.0,777.0,0.9974259974259975,-2.836884626562096,-0.33262921908089993,2.856318711525507
9,1,16,16,44,47,1,2905,0.7246196058867548,3985.0,2929.0,0.7350062735257215,-0.6548791494906254,-0.909165002079817,1.1204676262366347
9,1,16,16,45,48,1,486,0.5985221674876847,812.0,486.0,0.5985221674876847,-0.802519815929827,0.3654797380852415,0.8818239585716074
9,1,16,16,46,49,1,202,0.25602027883396705,778.0,213.0,0.2737789203084833,-2.9209783120318207,6.800173793403019,7.40097817317721
9,1,16,16,47,50,1,122,0.32707774798927614,122.0,373.0,0.32707774798927614,0.4415901199840846,1.5435766712080294,1.6055001631781975
9,1,16,16,48,51,1,156,0.5473684210526316,254.0,187.0,0.7362204724409449,-4.091477535896502,0.10690976462183244,4.092874066535301
9,1,17,17,49,52,1,68760,0.926310117203287,69943.0,73047.0,0.9575068106835325,0.037376579869487614,7.273614304515149,7.273710336518092
9,1,17,55,49,105,0,134,0.0005094204771825246,69943.0,193235.0,0.36195823737935673,107.44909240762854,-580.2651287563882,590.1295850149278
9,1,17,17,50,53,1,173,0.6837944664031621,177.0,249.0,0.7108433734939759,0.9248519501734336,1.7458307807501114,1.9756710871888943
9,1,17,17,51,52,1,92,0.0012593424042489118,99.0,73047.0,0.0013552917984311472,-128.55296776546083,67.64351594303548,145.263590656583
9,1,23,23,53,54,1,726,0.8581560283687943,826.0,746.0,0.9031476997578692,0.2377555193478429,0.040818181228132744,0.24123393397102155
9,1,23,23,54,55,1,44544,0.9301703975943869,47064.0,45368.0,0.963963963963964,-4.453963860704334,4.362036741378688,6.234192698786096
9,1,23,23,55,56,1,518,0.7551020408163265,547.0,657.0,0.832572298325723,-0.48343670609574474,-2.1364492638690535,2.190462623713841
9,1,23,23,56,57,1,221,0.690625,265.0,276.0,0.9601449275362319,-2.4618129614439113,0.06477987421385478,2.462665119182144
9,1,23,23,57,58,1,1441,0.6289829768659974,1875.0,1857.0,0.9904,11.465614647280518,-1.263924178783327,11.535069291930874
9,1,24,24,58,59,1,5002,0.845360824742268,5621.0,5298.0,0.9425369151396549,1.5948640865642574,1.1816967918598493,1.9849430124072336
9,1,24,24,59,60,1,267,0.38197424892703863,654.0,312.0,0.47706422018348627,-14.747324159021446,-0.920577511173633,14.776028993113686
9,1,24,24,59,61,1,224,0.31197771587743733,654.0,288.0,0.44036697247706424,15.999203618756383,1.5591233435270624,16.07499244275898
9,1,24,24,60,62,1,1052,0.7798369162342476,1266.0,1135.0,0.8965244865718799,0.18029104119250405,-0.3769338371921549,0.4178324749880975
9,1,24,24,61,63,1,4682,0.3469176052163604,13459.0,4719.0,0.35062040270451,-29.06055347296433,102.2181473937444,106.26883562345206
9,1,24,24,61,64,1,413,0.03056542332741267,13459.0,466.0,0.034623671892414,-14.998177105671857,-50.30459283910113,52.49283167443765
9,1,24,24,61,65,1,6534,0.44901044529961515,13459.0,7627.0,0.5666840032691879,26.466326681697637,-89.25648162813877,93.097722639475
9,1,24,24,62,65,1,343,0.04493057374901755,350.0,7627.0,0.04588960272715353,29.382321077375536,27.40085186087026,40.176205328469536
9,1,26,26,63,66,1,120,0.7741935483870968,132.0,143.0,0.9230769230769231,1.3310023310023098,-0.32692307692286704,1.3705640821786835
9,1,26,26,65,67,1,181,0.46770025839793283,387.0,181.0,0.46770025839793283,-1.9653375590673932,-1.3464102673920024,2.3823039959710397
9,1,26,26,67,68,1,624,0.7809762202753442,763.0,660.0,0.8650065530799476,-2.9213173676480437,-1.1057428809722296,3.123581675151598
9,1,26,26,68,69,1,539,0.8141993957703928,662.0,539.0,0.8141993957703928,0.08076106026010166,-0.3424911299316591,0.35188424650188643
9,1,26,26,69,70,1,132,0.5076923076923077,221.0,171.0,0.7737556561085973,4.151041253208405,-1.115609536662305,4.298340159192835
9,1,29,29,70,71,1,4646,0.9097317407479929,4726.0,5027.0,0.9401233339964193,0.3544919642984041,-1.1287685937327296,1.1831242922658232
9,1,29,29,71,72,1,302,0.8118279569892473,324.0,350.0,0.9257142857142857,-1.1031040564373598,-0.18391534391537334,1.1183306367331924
9,1,29,29,72,73,1,236564,0.9701010846609666,237286.0,243133.0,0.9759514339888045,-0.9770771622663688,6.229384864666599,6.305546413528315
9,1,29,29,73,74,1,497,0.6582781456953642,498.0,754.0,0.6604774535809018,0.3852119352743557,0.3739041044815963,0.5368356493620733
9,1,43,43,74,75,1,1094,0.4961451247165533,2203.0,1096.0,0.49750340444847935,-14.262988675031693,-2.149431680753878,14.42403904925076
9,1,43,43,75,76,1,1891,0.32181756296800546,2359.0,5408.0,0.43620562130177515,75.66867997045165,8.782680142272511,76.17666702443799
9,1,43,43,76,76,1,2155,0.398042113040266,2161.0,5408.0,0.3995931952662722,-45.425627003989575,-6.156759211848566,45.840956280364274
9,1,43,43,77,78,1,4081,0.5962016070124179,6448.0,4478.0,0.6944789081885856,-34.235813259087536,-14.011349600528547,36.99201031492267
9,1,43,43,77,79,1,1603,0.2480272319356336,6448.0,1618.0,0.2509305210918114,64.6837219386739,25.903748577571832,69.6777444684437
9,1,46,46,78,80,1,20779,0.8672732584832422,23233.0,21505.0,0.9256230361985107,1.1015820574389181,0.5740467796022131,1.2421806368008768
9,1,46,46,79,81,1,154,0.55,182.0,252.0,0.7222222222222222,2.938644688644672,2.3168498168497536,3.7421151345109998
9,1,46,46,80,81,1,8,0.0034662045060658577,2064.0,252.0,0.12209302325581395,-25.575581395348763,42.07191306755249,49.23572110646704
9,1,46,46,80,82,1,1858,0.8331838565022421,2064.0,2024.0,0.9806201550387597,2.1905582620952373,0.12960175567604892,2.1943887792977845
9,1,46,46,81,83,1,106,0.7910447761194029,115.0,125.0,0.92,-0.7753043478260224,-0.788521739130374,1.1058315264266632
9,1,48,14,82,41,0,27,0.0003800729176930982,7158.0,63908.0,0.11200475683795456,-88.2507654942583,-166.05545534572673,188.04949311391195
9,1,48,48,82,84,1,6867,0.8104567449545615,7158.0,8182.0,0.8748472256172085,7.104325361643532,-0.02916927821650006,7.104385243698653
9,1,48,12,83,32,0,8,0.000549073438572409,13768.0,810.0,0.05883207437536316,51.01236325420905,-39.46952317415219,64.49887180698833
9,1,48,48,83,85,1,13013,0.9050003477293275,13768.0,13624.0,0.989540964555491,1.6753945424948142,-0.3998784658306249,1.7224545452511837
9,1,48,15,84,42,0,8,0.00019643953345610803,3466.0,37267.0,0.09300453484315882,-138.74745169103062,38.601962683748525,144.01724505694582
9,1,48,48,84,86,1,3031,0.858154020385051,3466.0,3097.0,0.8935372186959031,-0.8232861651008534,2.898323508352064,3.0129851092749673
9,1,49,49,85,87,1,178,0.6617100371747212,261.0,186.0,0.7126436781609196,-0.29304165121766346,1.0424545791620403,1.0828596210794275
9,1,49,49,86,88,1,551,0.7826704545454546,658.0,597.0,0.9072948328267477,0.19410375076995479,-0.7448666839771931,0.7697419327035161
9,1,53,53,87,89,1,19787,0.7490252488927585,25477.0,20727.0,0.8135573262158025,39.40040659712281,-7.532714000874421,40.11401027368827
9,1,53,53,87,90,1,248,0.009734270125995996,25477.0,248.0,0.009734270125995996,154.01432221598986,-48.38142135157932,161.43473411769168
9,1,53,54,87,94,0,30,0.0008964589870013447,25477.0,8018.0,0.3147152333477254,146.39952406022746,-95.4699268513018,174.7779379042276
9,1,53,54,87,95,0,136,0.005175431920237461,25477.0,937.0,0.03677827059700907,117.01884936165038,24.527799049838904,119.56180005400513
9,1,53,53,88,92,1,6843,0.8823984526112185,7394.0,7204.0,0.9743034893156614,-3.1888870757792347,3.8365832884896918,4.988824722476248
9,1,53,53,89,93,1,1252,0.798469387755102,1510.0,1310.0,0.8675496688741722,0.21520651129867474,-2.218861533795007,2.2292735024353734
9,1,54,54,90,94,1,7396,0.9131991603901716,7477.0,8018.0,0.9325268146669993,-1.339094600343003,0.15960753077524714,1.3485729170304284
9,1,54,3,91,5,0,103,0.0012623786645749584,18944.0,62751.0,0.30189160332106263,80.96537280857785,-224.90579586434933,239.03558021225285
9,1,54,54,91,96,1,18416,0.939687723237065,18944.0,19070.0,0.9933927635028841,0.0013700579922897305,0.356745241570934,0.3567478723726412
9,1,55,55,92,97,1,20817,0.8976714100905563,21843.0,22164.0,0.9855170546832702,-1.9618363833887997,0.7611187851105115,2.1043060139238654
9,1,55,55,93,98,1,4365,0.7632453226088477,4675.0,5409.0,0.8643002403401738,-2.682254036894392,-11.305263064233486,11.619098918158764
9,1,55,55,94,99,1,14865,0.8585537715143814,15135.0,17044.0,0.8879957756395213,0.6088905746739783,0.3582707986720379,0.70647413052985
9,1,55,55,95,100,1,3693,0.8828591919674874,4065.0,3811.0,0.9375153751537515,2.0428789194738783,2.9754295763896152,3.6092292035398423
9,1,55,55,96,101,1,735,0.6591928251121076,735.0,1115.0,0.6591928251121076,0.4547512278454633,1.0069857539428995,1.1049067779097503
9,1,55,55,97,102,1,457,0.1705860395670026,457.0,2679.0,0.1705860395670026,-5.25943577692783,-29.25189761031379,29.72095520833592
9,1,55,55,98,102,1,623,0.23134051243965836,637.0,2679.0,0.23777528928704741,-6.304192208367567,33.03052581184079,33.62675236782052
9,1,55,55,99,103,1,3149,0.4948923463774949,3149.0,6363.0,0.4948923463774949,-6.545607702357302,5.2639268372693095,8.399637250577152
9,1,55,55,100,104,1,2267,0.5873056994818653,2268.0,3859.0,0.5877170251360456,3.5916904206615072,-5.370111007365949,6.460521055557715
9,1,55,55,101,105,1,189405,0.959887492398135,193490.0,193235.0,0.9986821024342343,-1.4565240447873293,6.079968844025075,6.2519983555147585
9,1,55,55,101,106,1,1019,0.00526530633335228,193490.0,1060.0,0.005478319292986718,-179.5042944055417,65.87685405223033,191.21075181550395
9,1,999,999,102,107,1,26278,0.9397081962523244,27204.0,27038.0,0.9938979561829143,-1.5689836462199764,2.7457336589100123,3.162398299989597
10,1,1,1,1,1,1,77791,0.8942522128980342,85954.0,78827.0,0.9170835563208227,-8.219197049811001,17.89544468428676,19.692692568361217
10,1,1,1,2,2,1,2119,0.8412068281063915,2448.0,2190.0,0.8946078431372549,-1.3715540782523021,0.50121989435047,1.4602677740959766
10,1,1,1,3,3,1,163,0.7546296296296297,213.0,166.0,0.7793427230046949,-0.1348775383223142,-0.12073646699468554,0.1810227742750788
10,1,2,2,4,4,1,68667,0.9203828059029313,71636.0,71638.0,0.9999720818559982,-2.1378152050081383,-2.7073905028807985,3.4496691415051868
10,1,3,3,5,5,1,56262,0.868455174117066,62751.0,58295.0,0.9289891794553075,-5.928769188831893,11.737571542806563,13.149938776167167
10,1,3,3,5,7,1,252,0.004012099984078968,62751.0,311.0,0.004956096317190164,-0.0827234226062501,-125.28570170234934,125.2857290125843
10,1,3,54,5,95,0,10,0.00012323618214307722,62751.0,18404.0,0.29328616277031444,-81.45982129941342,226.5708147057294,240.76967533838294
10,1,3,3,6,6,1,655,0.8768406961178046,665.0,737.0,0.9023066485753053,0.4002387243550629,-0.5410697707629879,0.673013769032165
10,1,3,3,7,8,1,491,0.32908847184986595,544.0,1439.0,0.3780403057678944,0.47742253607486873,-18.875592731880715,18.88162951807339
10,1,3,3,8,9,1,612,0.8149134487350199,635.0,728.0,0.8722527472527473,-1.4302695336159559,-0.9550488881200181,1.7198224668521127
10,1,4,4,11,10,1,693,0.006205562619768254,715.0,111652.0,0.006403826174184072,181.7445618867215,-131.1736865470357,224.1375064948665
10,1,4,4,12,10,1,107496,0.9474352194606028,109304.0,111652.0,0.9789703722279941,-4.581309245001307,9.320133524424591,10.385243536452942
10,1,4,4,13,11,1,1983,0.8137053754616331,2212.0,2208.0,0.9981916817359855,-4.329904244306363,0.6444484301700868,4.377600317983695
10,1,4,4,14,12,1,225,0.5306603773584906,258.0,391.0,0.659846547314578,-0.8134181883067413,5.016059001962731,5.0815841093343685
10,1,4,4,15,13,1,598,0.8679245283018868,626.0,661.0,0.9470499243570348,1.013038140487879,-0.16669002817889123,1.026660527914373
10,1,5,5,16,14,1,1457,0.8530444964871194,1638.0,1527.0,0.9322344322344323,-3.0449563534042454,-1.7464359478111646,3.5102418312623365
10,1,5,5,17,15,1,2198,0.034619079869587815,63383.0,2306.0,0.03638199517220706,-181.62908195374803,284.16177951004477,337.2492258637173
10,1,5,5,17,16,1,55137,0.8577228816327801,63383.0,56037.0,0.8841014152059701,18.17828788572774,-26.990583278814455,32.54138497647287
10,1,5,5,17,21,1,324,0.0051090401627323905,63383.0,358.0,0.005648202199327895,18.8647790937016,-171.71249551696758,172.74565408981718
10,1,5,5,17,23,1,530,0.008338577721837635,63383.0,707.0,0.011154410488616822,115.87972540078249,2.8328135630226257,115.91434592682477
10,1,5,5,18,17,1,393,0.8136645962732919,461.0,415.0,0.9002169197396963,-0.11662964221306993,-0.004955178632087609,0.11673485870991834
10,1,5,5,19,18,1,708,0.8613138686131386,739.0,791.0,0.934260429835651,-1.5366171184965651,-0.33015709547018446,1.5716856799455785
10,1,5,5,20,19,1,196,0.7452471482889734,256.0,203.0,0.79296875,0.3978024938423914,-1.2244842980295516,1.2874815028683517
10,1,5,5,21,20,1,263,0.6939313984168866,365.0,277.0,0.7589041095890411,1.7119133574007037,1.9026754364275007,2.5594572001952933
10,1,5,5,22,22,1,453,0.7133858267716535,592.0,496.0,0.8378378378378378,0.25866390584133114,2.720466434176103,2.7327357420109126
10,1,5,5,23,24,1,523,0.8879456706281834,580.0,532.0,0.9172413793103448,0.003603837179070979,-0.010150375939844025,0.01077115472609222
10,1,5,5,24,25,1,377,0.8142548596112311,384.0,456.0,0.8421052631578947,1.4973958333332575,-0.12404057017543835,1.5025246569468498
10,1,6,6,25,26,1,400,0.006254299831133904,548.0,63808.0,0.00858826479438315,122.3070179974228,-87.81499356646589,150.56719346026327
10,1,6,6,26,26,1,62140,0.8968752255177889,67617.0,63808.0,0.9436680124820681,-2.7327668405152963,21.245228488217663,21.420264893814814
10,1,8,8,27,27,1,36453,0.9459466472908449,37667.0,37322.0,0.9908407890195662,0.3451960950671946,4.575118464240319,4.588122634137227
10,1,8,8,28,28,1,864,0.7992599444958371,885.0,1060.0,0.8349056603773585,-1.6389190917811902,0.07559428632342247,1.6406615389926191
10,1,10,10,29,29,1,35355,0.9502755006047574,36586.0,35974.0,0.9832722899469742,0.006698977377709525,2.3599487297736204,2.359958237651258
10,1,10,10,30,30,1,358,0.5637795275590551,625.0,368.0,0.5888,2.8145086956519663,-1.763208695652196,3.321199196423492
10,1,12,12,31,31,1,183276,0.9679320616008619,185384.0,187240.0,0.9900875881221961,-1.7635364814868808,7.931443405316713,8.125137255042349
10,1,12,12,32,32,1,718,0.7855579868708972,810.0,822.0,0.9854014598540146,3.1451383256735426,-2.6950977741732913,4.1419134587741455
10,1,13,13,33,33,1,128632,0.9640193955018623,131371.0,130694.0,0.9948466556545965,-2.052070528221975,5.838786281560715,6.188894787806529
10,1,13,13,34,34,1,669,0.8522292993630574,769.0,685.0,0.8907672301690507,0.3806972748757289,-1.2071701802515236,1.2657765439390565
10,1,13,13,35,35,1,454,0.7442622950819672,537.0,527.0,0.9813780260707635,-1.2035731575019781,0.6452354955317787,1.3656197091992417
10,1,13,13,36,36,1,2103,0.8141695702671312,2570.0,2116.0,0.8233463035019455,-0.3463641846815335,1.6637599023192706,1.699430834425318
10,1,13,13,37,37,1,497,0.7599388379204893,635.0,516.0,0.8125984251968504,0.7265946407860611,1.6838308002193116,1.8339100130012467
10,1,13,13,38,38,1,237,0.7770491803278688,300.0,242.0,0.8066666666666666,0.07608815427010995,1.0471625344353015,1.0499232261195082
10,1,14,14,40,39,1,405,0.5146124523506989,644.0,548.0,0.8509316770186336,-9.946808269483427,-1.95077526408852,10.136297099081277
10,1,14,14,40,40,1,101,0.09492481203007519,644.0,521.0,0.8090062111801242,4.082900180017077,18.01361452533945,18.470527392240424
10,1,14,14,41,41,1,62400,0.953341277843982,63908.0,63946.0,0.9994057486003816,-0.5906948677420587,6.01477294262304,6.043708627828366
10,1,15,14,42,41,0,50,0.0004942518509731819,37267.0,63946.0,0.5827886028836831,-147.544707568994,-20.69940966228239,148.98961806779337
10,1,15,15,42,42,1,36431,0.9540657326175199,37267.0,37349.0,0.9978044927575036,2.0528797553843106,-3.41220042860391,3.982138502743401
10,1,15,48,42,83,0,107,0.0023573474333553647,37267.0,8230.0,0.2208388118174256,-45.20377967718514,135.3797003241624,142.72716965232482
10,1,15,48,42,85,0,29,0.0007199424046076314,37267.0,3043.0,0.08165401025035554,135.79763715542367,-32.06314050447884,139.53151341545055
10,1,16,16,43,43,1,346,0.7473002159827213,450.0,359.0,0.7977777777777778,1.1491364902508394,-0.1123614979883314,1.1546167240501064
10,1,16,16,45,44,1,88890,0.9341207873138642,90846.0,93203.0,0.9747111144491057,-0.10747291548432258,8.825422555515843,8.826076915083535
10,1,16,16,46,45,1,698,0.8692403486924035,777.0,724.0,0.9317889317889317,-1.2403066049473637,0.9114262249622698,1.5391745313072944
10,1,16,16,47,46,1,2203,0.7518771331058021,2929.0,2204.0,0.7524752475247525,-0.22729151318071672,-2.08834073062485,2.1006733299470226
10,1,16,16,49,47,1,148,0.6040816326530613,213.0,180.0,0.8450704225352113,-1.151486697965538,2.189514866979607,2.473842551238115
10,1,16,16,50,48,1,361,0.7969094922737306,373.0,441.0,0.8458049886621315,-0.7682880122556526,0.15145325332991888,0.7830737881706668
10,1,16,16,51,49,1,161,0.8473684210526315,187.0,164.0,0.8770053475935828,-0.442611190817388,0.10962566844909816,0.45598514605159873
10,1,17,17,52,50,1,72166,0.948404562897545,73047.0,75211.0,0.9712276129821436,-1.0108109854713803,6.716042599940465,6.79168366847019
10,1,17,55,52,102,0,35,0.00013222566008938455,73047.0,191687.0,0.3810743555901026,104.80378242211964,-582.092724256272,591.452257111317
10,1,17,17,53,51,1,238,0.8409893992932862,249.0,272.0,0.9154411764705882,-0.5438075832739742,0.7873405386251306,0.9568865195982181
10,1,23,23,54,53,1,637,0.014040424078115012,746.0,45260.0,0.01648254529385771,222.6082542450589,-163.0159682691251,275.91419095210233
10,1,23,23,55,53,1,44107,0.9481094559446271,45368.0,45260.0,0.9976194674660553,-4.879399298225735,4.403535350485527,6.572644908596652
10,1,23,23,56,55,1,635,0.8333333333333334,657.0,740.0,0.8878378378378379,-0.7739006129418158,-0.4056748529351353,0.8737815774068837
10,1,23,23,57,56,1,271,0.7698863636363636,276.0,347.0,0.7953890489913544,-1.9329344693646817,-0.7401536983666119,2.0697978548795284
10,1,23,23,58,57,1,1598,0.8087044534412956,1857.0,1717.0,0.9246095853527194,2.7579060671439493,1.0007734119417364,2.933870020508562
10,1,24,24,59,58,1,3482,0.6345908511026062,5298.0,3671.0,0.6929029822574556,-16.26128530896085,25.95462877754153,30.627963609737638
10,1,24,24,59,61,1,757,0.142480707698099,5298.0,772.0,0.14571536428841073,60.42006466415137,-89.01761834067793,107.58587541618478
10,1,24,24,60,59,1,199,0.629746835443038,312.0,203.0,0.6506410256410257,-0.6582512315271742,0.4515125678917684,0.7982219508202342
10,1,24,24,61,60,1,194,0.5705882352941176,288.0,246.0,0.8541666666666666,4.49229336043345,0.815718157181891,4.56575248432837
10,1,24,24,63,62,1,3891,0.8214059531348955,4719.0,3909.0,0.828353464717101,-0.40704052801993384,-1.0098828123664134,1.0888274822779975
10,1,24,24,64,63,1,405,0.7598499061913696,466.0,472.0,0.9872881355932204,-2.1733741907323747,1.1048501491236493,2.4380831046049587
10,1,24,24,65,64,1,6221,0.7738524692125887,7627.0,6633.0,0.869673528254884,3.2287030229022093,-14.808266734553854,15.156163330203068
10,1,26,26,66,65,1,125,0.7961783439490446,143.0,139.0,0.972027972027972,-0.25753383307346667,0.7924234039339808,0.8332217749674027
10,1,26,16,68,44,0,19,0.0002024636631004646,660.0,93203.0,0.007081317124985247,-225.94300487466398,-16.773950409321742,226.56479617126493
10,1,26,26,68,66,1,563,0.8255131964809385,660.0,585.0,0.8863636363636364,-1.2361693861689673,-1.063947163947205,1.630980784366469
10,1,26,26,69,67,1,480,0.8480565371024735,539.0,507.0,0.9406307977736549,0.1449759032179827,-1.3007541908641542,1.3088084189691516
10,1,29,29,71,68,1,4846,0.8017868960953011,5027.0,5863.0,0.8574108818011257,-4.6004091974631365,1.0479806791918236,4.718265389744707
10,1,29,29,72,69,1,317,0.8320209973753281,350.0,348.0,0.9942857142857143,-1.3650738916255705,-0.49169129720860383,1.4509262770204623
10,1,29,29,73,71,1,241254,0.9788332095865233,243133.0,244592.0,0.9940349643487931,-0.9491965702650305,4.309361835771199,4.412660598845577
10,1,29,29,74,72,1,699,0.7836322869955157,754.0,837.0,0.9008363201911589,1.3600486770674252,0.7624045710808787,1.5591642421495793
10,1,43,43,75,73,1,632,0.5761166818596172,1096.0,633.0,0.5775547445255474,-1.4251839231558279,0.09081277891164063,1.428074289256512
10,1,43,43,76,74,1,4934,0.8839125761375851,5408.0,5108.0,0.9445266272189349,5.174591254929055,0.9148747990159336,5.254844484231926
10,1,43,43,77,75,1,2399,0.8196105227195081,2421.0,2905.0,0.8333907056798623,-1.18370838638657,-0.5828544128719386,1.3194259397958605
10,1,43,43,78,76,1,3928,0.8407534246575342,4478.0,4122.0,0.9205002233139794,-5.082160907852995,-2.6519348785661805,5.732461782992103
10,1,43,43,79,77,1,1100,0.6699147381242387,1618.0,1124.0,0.6946847960444994,3.656372482173083,0.7698995728655973,3.736549890031067
10,1,46,46,80,78,1,14111,0.6426359413425631,21505.0,14564.0,0.6772378516624041,-22.45541274389234,72.88739964920705,76.26807057426974
10,1,46,46,80,81,1,5695,0.2560240963855422,21505.0,6434.0,0.2991862357591258,54.937470325376125,-175.65870734965074,184.04919753560955
10,1,46,46,81,79,1,193,0.6748251748251748,252.0,227.0,0.9007936507936508,1.7639500734217108,1.322110341934149,2.2044263693246124
10,1,46,46,82,80,1,1909,0.9222222222222223,2024.0,1955.0,0.9659090909090909,-0.6221925133686455,0.176935596372914,0.6468614449446116
10,1,46,46,83,82,1,109,0.7266666666666667,125.0,134.0,0.9328358208955224,-0.2742089552239122,-1.8068059701495258,1.8274951066673089
10,1,48,14,84,41,0,69,0.000957548675390999,8182.0,63946.0,0.12795170925468363,-95.9457857236439,-160.0115131248872,186.57244740487093
10,1,48,48,84,83,1,7728,0.889912482726854,8182.0,8230.0,0.9941676792223573,6.395142168164966,-3.932403138442396,7.507438830538236
10,1,48,15,85,42,0,20,0.00039251859556846505,13624.0,37349.0,0.3647754959972154,-93.11133862888892,179.04347531505482,201.80755048846976
10,1,48,48,85,84,1,12952,0.895588438666851,13624.0,13790.0,0.987962291515591,1.2562705855002605,-1.6715990678055732,2.0910426173279273
10,1,48,48,86,85,1,2851,0.8668288233505624,3097.0,3043.0,0.9825637713916694,-2.126528370506094,3.640498670917623,4.216082717822348
10,1,49,49,87,86,1,152,0.8172043010752689,186.0,152.0,0.8172043010752689,-0.1277589134124355,0.16822297679686926,0.21123756739445332
10,1,49,49,88,87,1,528,0.8061068702290076,597.0,586.0,0.981574539363484,-0.7277199421455407,-1.5097729832324376,1.6760044078387395
10,1,53,53,89,88,1,19439,0.6505689424364123,20727.0,28592.0,0.7249230554001119,104.64688897482495,-37.7052823908698,111.23245790813297
10,1,53,54,90,93,0,40,0.0042131872761744255,248.0,9286.0,0.02670687055782899,-8.424562122654265,-47.52292472886711,48.26387491430864
10,1,53,53,91,90,1,336,0.84,353.0,383.0,0.9216710182767625,-1.2424943971479934,-0.31741359033730987,1.282397642806231
10,1,53,53,92,88,1,6586,0.22547072920232797,7204.0,28592.0,0.251958589815333,-297.5832300077648,106.6577964559574,316.11969936512133
10,1,53,53,93,92,1,886,0.6438953488372093,1310.0,952.0,0.7267175572519083,-4.96640579896075,-3.7489399576625146,6.22251857097346
10,1,54,54,94,93,1,7951,0.8501015716882284,8018.0,9286.0,0.8634503553736808,-0.8097639668918646,-0.4344192291446234,0.9189329402775034
10,1,54,54,95,94,1,827,0.7601102941176471,937.0,978.0,0.9580777096114519,-2.202363414543697,-1.8411008025000228,2.8705499080640977
10,1,54,3,96,5,0,566,0.007369887628745166,19070.0,58295.0,0.32712925636847073,75.03523356175367,-213.5249695631137,226.32542699086102
10,1,54,54,96,95,1,18239,0.9482193917338185,19070.0,18404.0,0.9650760356581017,-0.4958185488278559,1.3082735998091266,1.3990767832107327
10,1,55,55,97,96,1,20836,0.9208874745867586,22164.0,21298.0,0.9609276303916261,-0.21058277626798372,0.6602073905603447,0.6929782855264884
10,1,55,55,98,97,1,4905,0.8185914552736983,5409.0,5488.0,0.9856049562682215,-2.409287956526441,-8.185986487535274,8.533173104512379
10,1,55,55,99,98,1,16943,0.8808422147127631,17044.0,19134.0,0.8907703564335737,3.571588438136814,-4.534705371057498,5.772330272405616
10,1,55,55,100,99,1,3567,0.8717008797653959,3811.0,3848.0,0.9903846153846154,2.6166991300488007,3.7508527945421974,4.5734025652158765
10,1,55,55,101,100,1,1115,0.05786196159833939,1115.0,19270.0,0.05786196159833939,80.59241065714741,-136.90233081464498,158.8627861961787
10,1,55,55,102,100,1,2677,0.13890618513906186,2679.0,19270.0,0.13902439024390245,39.15784284270626,-48.44381959049156,62.29077229100772
10,1,55,55,103,100,1,6363,0.3302023871302543,6363.0,19270.0,0.3302023871302543,-29.7418370148971,43.43862139716816,52.644949405495865
10,1,55,55,104,101,1,3854,0.7191640231386452,3859.0,5354.0,0.7207695181172955,2.372012729631024,-2.746929178843857,3.629333864928302
10,1,55,55,105,102,1,189728,0.97199709007449,193235.0,191687.0,0.9919890289026315,-2.6079334056394146,5.446018804631308,6.038247880689217
10,1,55,55,106,104,1,872,0.7785714285714286,1060.0,932.0,0.879245283018868,-4.3235606121952515,0.6085512997003661,4.366178082911093
10,1,999,999,107,106,1,26408,0.9093037669581985,27038.0,28412.0,0.9516401520484302,-3.3511737049062162,8.133688751931459,8.797002780137744
11,1,1,1,1,1,1,71187,0.8814199395770392,78827.0,73124.0,0.9276516929478478,-6.430517917761634,14.702082134342618,16.046893150252163
11,1,1,1,2,2,1,1574,0.7144802541988198,2190.0,1587.0,0.7246575342465753,3.5890048424269025,0.9836773096476463,3.7213675992139486
11,1,1,1,3,3,1,131,0.6931216931216931,166.0,154.0,0.927710843373494,2.0675950555468603,1.727742137380801,2.6944465492941223
11,1,2,2,4,4,1,50893,0.6976804759685247,71638.0,52201.0,0.7286775175186354,-93.38739569491182,-21.96580704067651,95.93592837736166
11,1,2,2,4,5,1,9424,0.1309070704264481,71638.0,9776.0,0.1364638878807337,217.22987245177828,28.78393998713932,219.12857569609469
11,1,3,3,5,6,1,49791,0.8377528014267928,58295.0,50930.0,0.8736598336049404,-23.602554954895254,26.01153343420947,35.123787836704736
11,1,3,3,5,8,1,356,0.006104043071225267,58295.0,383.0,0.006570031735140235,-40.04405019307353,-103.0553352367101,110.56187442611534
11,1,3,54,5,87,0,19,0.0002501250625312656,58295.0,17686.0,0.3033879406467107,-78.7207811206647,218.1552691592674,231.92387294584404
11,1,3,3,6,7,1,530,0.7019867549668874,737.0,548.0,0.7435549525101763,2.4447231328426824,0.6430290485195655,2.527876095360712
11,1,3,3,7,9,1,235,0.49266247379454925,311.0,401.0,0.7755610972568578,-6.073898854150798,-5.0476301208391305,7.8975196819797056
11,1,3,3,8,10,1,1130,0.6682436428149024,1439.0,1382.0,0.9603891591382905,-3.9524427540028455,6.790964741755488,7.857417250435144
11,1,3,3,9,11,1,688,0.9373297002724795,728.0,694.0,0.9532967032967034,-0.3398636665928052,-0.4881084333533181,0.5947748772271203
11,1,4,4,10,12,1,108348,0.9550370651129583,111652.0,110145.0,0.9865027048328736,-1.8419692140620327,6.556661119333512,6.810481305996815
11,1,4,4,11,13,1,1991,0.8278586278586278,2208.0,2188.0,0.9909420289855072,-4.083976664546981,-0.4243146080068527,4.1059600927349855
11,1,4,4,12,14,1,236,0.4978902953586498,391.0,319.0,0.8158567774936062,-1.5352003142813828,5.981608126417996,6.175473729439666
11,1,4,4,13,15,1,625,0.9044862518089725,661.0,655.0,0.9909228441754917,0.17539929091958584,0.4013996835699345,0.4380486470988548
11,1,5,5,14,16,1,1333,0.8544871794871794,1527.0,1366.0,0.8945645055664702,-1.8435875087852764,-1.7531135510062654,2.544056215037494
11,1,5,5,15,17,1,415,0.1788022404136148,2306.0,430.0,0.18647007805724197,-37.6352931684786,-4.360945158232312,37.88711040116997
11,1,5,5,15,20,1,197,0.0844044558697515,2306.0,225.0,0.09757155247181266,45.62196781343346,10.2753339115352,46.764799092517265
11,1,5,5,16,18,1,54045,0.9370611183355007,56037.0,55683.0,0.993682745328979,3.479978072012841,-3.112999023614748,4.6691552022519645
11,1,5,5,17,19,1,315,0.7482185273159145,415.0,321.0,0.7734939759036145,-1.3885973801749287,0.21978005479860485,1.4058826255118004
11,1,5,5,18,21,1,670,0.6893004115226338,791.0,851.0,0.9294947121034077,-5.715303331694258,0.8012481783162855,5.771194921030709
11,1,5,5,21,22,1,272,0.7292225201072386,358.0,287.0,0.8016759776536313,0.04771961925530377,-0.7243980300936386,0.725968090252881
11,1,5,5,22,23,1,267,0.5383064516129032,496.0,267.0,0.5383064516129032,-0.7129545729129632,-0.8213875800410619,1.0876496585220894
11,1,5,5,23,24,1,570,0.7011070110701108,707.0,676.0,0.9561527581329562,4.147230149895677,-1.138777064519644,4.300736113606565
11,1,5,5,24,26,1,446,0.8168498168498168,532.0,460.0,0.8646616541353384,-0.6062275253350435,-0.4876757110166636,0.7780356107463586
11,1,5,5,25,27,1,343,0.6957403651115619,456.0,380.0,0.8333333333333334,2.8627192982457927,-0.30745614035087954,2.879182359418789
11,1,6,6,26,28,1,61006,0.9328277190782733,63808.0,62597.0,0.9810211885656971,-0.5301566497380463,8.738017121499638,8.754085291387232
11,1,8,8,27,29,1,36293,0.9467821459317037,37322.0,37304.0,0.9995177107336156,0.6991948661241167,4.741561441867816,4.792836150738092
11,1,8,8,28,30,1,1058,0.8285043069694596,1060.0,1275.0,0.8313725490196079,-0.5378838327785616,0.5123751387347397,0.7428642543278007
11,1,10,10,29,31,1,743,0.02054188554050318,35974.0,939.0,0.026102184911324846,-82.11732751846012,-66.59759737730356,105.7284042024823
11,1,10,10,29,32,1,32872,0.883442177967696,35974.0,34107.0,0.9481014065714127,3.8204128627548926,5.151416134112452,6.413473522881116
11,1,12,12,31,33,1,185087,0.9459817230240831,187240.0,193503.0,0.9676335767404123,-2.5953606798498186,16.560594004327072,16.762731604206525
11,1,12,12,32,33,1,571,0.0029470359321614003,822.0,193503.0,0.00424799615509837,134.29941833829616,1.427932330666863,134.30700933587062
11,1,12,48,32,76,0,59,0.004041372696760052,822.0,13836.0,0.05941023417172593,-49.50353884819651,37.97667937022436,62.39253588758615
11,1,13,13,33,34,1,125542,0.9504996971532405,130694.0,126928.0,0.9711845991399758,0.29985494248921896,7.389906732181316,7.395987729632463
11,1,13,13,33,35,1,504,0.0038560411311053984,130694.0,514.0,0.003932850781214134,-168.45823159917472,201.30578946431388,262.49227924907024
11,1,13,46,33,72,0,11,8.39944716365941e-05,130694.0,278.0,0.0021271060645477223,-174.72005171506635,179.7119563595911,250.6461324854366
11,1,13,13,34,36,1,511,0.7289586305278174,685.0,527.0,0.7693430656934307,-0.9846507569354799,-1.2624828598732165,1.601062173873104
11,1,13,13,35,37,1,412,0.7773584905660378,527.0,415.0,0.7874762808349146,-0.6452298758604229,0.9544683477743092,1.1520987021978093
11,1,13,13,36,38,1,1492,0.699812382739212,2116.0,1508.0,0.7126654064272212,2.1857190134028315,0.8575448897627211,2.3479247951135074
11,1,14,14,39,40,1,312,0.5683060109289617,548.0,313.0,0.5711678832116789,2.555479116625065,1.105320538233741,2.78427854349168
11,1,14,14,40,39,1,399,0.5876288659793815,521.0,557.0,0.9353680430879713,-4.761293190487777,4.958741820211799,6.874520585851983
11,1,14,14,41,41,1,61729,0.940603714934402,63946.0,63410.0,0.9916179276264349,-1.624898779990417,8.296113621297764,8.453744570466785
11,1,15,14,42,41,0,87,0.0008641926255562619,37349.0,63410.0,0.5890080428954424,-151.22248610436873,-8.991095612380718,151.48953793545272
11,1,15,15,42,42,1,36751,0.9559370529327611,37349.0,37847.0,0.9868417576029804,3.206234596118975,-3.0101911417552856,4.3978620937055535
11,1,16,16,44,43,1,90826,0.9224003981029177,93203.0,96090.0,0.96995525028619,-0.5307673464544678,6.931664294978191,6.951955399334622
11,1,16,16,45,44,1,608,0.7947712418300653,724.0,649.0,0.8964088397790055,1.140888234342583,1.1986034613387346,1.6547737672547664
11,1,16,16,46,45,1,1065,0.48321234119782214,2204.0,1065.0,0.48321234119782214,9.576227601543906,-2.400429010846665,9.87249687326796
11,1,16,16,47,46,1,101,0.5611111111111111,180.0,101.0,0.5611111111111111,0.9018701870190853,1.2199119911990692,1.5170877036299246
11,1,16,16,48,47,1,441,0.5218934911242603,441.0,845.0,0.5218934911242603,-1.482333051563728,2.964684887761905,3.3146142700896664
11,1,16,16,49,48,1,134,0.6118721461187214,164.0,189.0,0.8677248677248677,-2.3905665247129946,1.0873015873016811,2.6262202974668973
11,1,17,17,50,49,1,74180,0.8988246698170362,75211.0,81499.0,0.922845679088087,-0.2394090182428954,15.627185670654626,15.629019440231346
11,1,17,55,50,95,0,42,0.00015815634884771803,75211.0,190391.0,0.3950344291484366,102.98609244891531,-581.4450397289818,590.4951053678038
11,1,17,17,51,50,1,258,0.7678571428571429,272.0,322.0,0.84472049689441,-0.07985476799422031,0.9430717939349051,0.9464466136486573
11,1,17,17,52,49,1,256,0.0031411428361084186,256.0,81499.0,0.0031411428361084186,65.8072525717339,-346.4604622257634,352.65485446358116
11,1,23,23,53,51,1,43582,0.9085072231139647,45260.0,46293.0,0.9776856112155186,0.9742507156213378,2.94510702970274,3.1020670323661905
11,1,23,23,54,52,1,481,0.631233595800525,558.0,685.0,0.8145985401459854,3.3081704732751405,-2.473806346964011,4.130824339345464
11,1,23,23,55,51,1,671,0.01447305983348432,740.0,46293.0,0.0159851381418357,-4.951858491243456,-105.08590000472896,105.20250606483286
11,1,23,23,56,53,1,336,0.7384615384615385,347.0,444.0,0.7815315315315315,-1.5269166861385202,0.8324960407089748,1.7391159317895857
11,1,23,23,57,54,1,1467,0.8020776380535812,1717.0,1579.0,0.9196272568433314,1.6823738179800785,0.052267254069647606,1.683185530258874
11,1,24,24,58,55,1,3037,0.7819258496395468,3671.0,3250.0,0.8853173522201035,4.192489072354874,-1.5961466797980393,4.4860504728820585
11,1,24,24,59,56,1,189,0.6823104693140795,203.0,263.0,0.7718631178707225,1.1748862125157302,1.235835097117615,1.7051821016030113
11,1,24,24,60,57,1,171,0.6042402826855123,246.0,208.0,0.8455284552845529,1.9534865540963438,-1.9765087554724232,2.778974015260732
11,1,24,24,61,58,1,650,0.8044554455445545,772.0,686.0,0.8886010362694301,-0.6912264535717441,1.0990347286210636,1.2983340651899054
11,1,24,24,62,59,1,3313,0.8408629441624366,3909.0,3344.0,0.8554617549245331,-0.4282243864913653,1.5175512802620688,1.5768126120154387
11,1,24,24,64,60,1,5938,0.7048907882241215,6633.0,7729.0,0.8581964031569413,7.053411882939372,-19.00601580483726,20.272623312342045
11,1,26,16,65,43,0,16,0.00016629769365886107,139.0,96090.0,0.0014465605161827454,-52.54572556753237,-187.96687735044543,195.17325702128306
11,1,26,16,66,43,0,28,0.00028971411425083037,585.0,96090.0,0.006088042460193568,-225.23760283494948,-8.778338950396346,225.40860002573658
11,1,26,26,66,61,1,488,0.7845659163987139,585.0,525.0,0.8974358974358975,-1.6112332112334116,-0.8258363858362827,1.8105463808344333
11,1,26,26,67,62,1,441,0.8647058823529412,507.0,444.0,0.8757396449704142,-0.12605949144426631,0.7831707447091958,0.7932511649859352
11,1,29,29,68,63,1,5672,0.7449435250853691,5863.0,7423.0,0.7898423817863398,-8.208641087672277,-2.5592042829666752,8.59833210966967
11,1,29,29,69,64,1,21,8.461293610917486e-05,348.0,247862.0,0.001404007068449379,186.11991092651942,-452.90276059249504,489.6545024765915
11,1,29,29,70,64,1,177,0.0007140984003388941,180.0,247862.0,0.0007262105526462306,179.9930910031478,-79.03762649287819,196.58194019414697
11,1,29,29,71,64,1,242237,0.9681076825315627,244592.0,247862.0,0.9868071749602602,-1.3807752266916395,8.341578514281082,8.455085590138111
11,1,29,29,72,65,1,806,0.7151730257320319,837.0,1096.0,0.7636861313868614,1.852755539858208,-0.26882047458337865,1.8721558530289386
11,1,43,43,73,67,1,305,0.48183254344391785,633.0,305.0,0.48183254344391785,0.9518711314842676,0.8040867065496968,1.2460393583683775
11,1,43,17,74,49,0,91,0.0010518285635027047,5108.0,81499.0,0.06267561565172579,91.94042296621319,-378.21145943602187,389.22609036899337
11,1,43,43,74,68,1,4351,0.7656167517156431,5108.0,4926.0,0.9643696162881754,15.217663073630774,3.6898301598187118,15.658611561401393
11,1,43,43,75,69,1,2884,0.3500849720806021,2905.0,8217.0,0.35353535353535354,62.35597976320878,11.821040004172573,63.46656756915369
11,1,43,43,76,69,1,3418,0.38314090348615626,4122.0,8217.0,0.5016429353778752,-76.37205059486314,-24.13967714180808,80.09628034169295
11,1,43,43,77,70,1,748,0.6398631308810949,1124.0,793.0,0.7055160142348754,-1.5631728693683726,1.4145301638448018,2.1081757526250398
11,1,46,46,78,71,1,12249,0.7908192911098199,14564.0,13174.0,0.9045591870365284,0.6546984195269943,0.7600073939051981,1.0031157756319633
11,1,46,46,79,72,1,173,0.5210843373493976,227.0,278.0,0.8165467625899281,4.5711818210629644,3.373847177764219,5.681421302818873
11,1,46,46,80,73,1,1835,0.8667926310817194,1955.0,1997.0,0.9789684526790186,1.813948032022381,0.7081350926646337,1.9472705955621625
11,1,46,46,81,74,1,5660,0.7879715996101907,6434.0,6409.0,0.9961143922909543,5.049570872247841,-12.801874699925065,13.76176448811835
11,1,46,46,82,71,1,79,0.005971728777685388,134.0,13174.0,0.010171550022772128,-41.97198688506796,-25.983677709826225,49.363946260488916
11,1,48,14,83,41,0,35,0.000488792682075274,8230.0,63410.0,0.12979025390316984,-103.96582667179928,-147.78299636514703,180.68953243121658
11,1,48,48,83,75,1,7545,0.6356360572872789,8230.0,11185.0,0.7358068842199375,52.83171335286215,-45.90116585580745,69.98647699892699
11,1,48,15,84,42,0,108,0.002095907159075472,13790.0,37847.0,0.3643617723993976,-91.1613746182702,177.7048832411051,199.72336305507025
11,1,48,48,84,76,1,13042,0.8942676906198573,13790.0,13836.0,0.996675339693553,1.722297603691004,-2.1164640444649194,2.728686329938379
11,1,48,15,85,42,0,38,0.0009301870165475375,3043.0,37847.0,0.08040267392395699,-130.5385228039204,25.640748934119642,133.0329054848168
11,1,48,48,85,75,1,2720,0.23635731664928744,3043.0,11185.0,0.2720607957085382,-128.16970347974666,121.54167497283379,176.6347973794749
11,1,49,49,86,77,1,126,0.7875,152.0,134.0,0.881578947368421,-1.0732521602512861,1.0182639434406155,1.4794362635799103
11,1,49,49,87,78,1,447,0.7268292682926829,586.0,476.0,0.8122866894197952,-0.11867238362901844,0.835410273324328,0.8437970487101868
11,1,53,53,88,79,1,13681,0.46886459440008227,28592.0,14268.0,0.49902070509233354,-178.55978725034822,44.47201835116084,184.01455931288592
11,1,53,53,88,80,1,11840,0.3840664331127546,28592.0,14076.0,0.4923055400111919,207.91668242968507,-49.475290454981405,213.72213548945106
11,1,53,54,88,86,0,51,0.0017183867380976448,28592.0,1138.0,0.03980134303301623,-28.919701628535677,65.26388979723743,71.38434319757717
11,1,53,53,89,81,1,301,0.5271453590192644,362.0,510.0,0.7098039215686275,3.2062506770663504,2.25065540028163,3.917332400372133
11,1,53,53,90,82,1,363,0.8853658536585366,383.0,390.0,0.982051282051282,-0.012325098748078744,0.14458726651946563,0.14511163185189835
11,1,53,53,91,83,1,538,0.6065388951521984,541.0,884.0,0.6119909502262444,-1.15168198660092,0.3764919162604201,1.2116590119627242
11,1,54,54,93,84,1,8828,0.8384461962199639,9286.0,10071.0,0.9220534207129382,-3.4864903723729412,3.7672701185360893,5.133024377758606
11,1,54,54,94,86,1,896,0.7344262295081967,978.0,1138.0,0.859402460456942,0.3111079963053953,-2.6608048418456747,2.6789308672966055
11,1,54,3,95,6,0,583,0.008479876656339544,18404.0,50930.0,0.36135872766542315,51.92849715568627,-188.82170972871336,195.83208848838484
11,1,54,3,95,10,0,49,0.0024826468054922226,18404.0,1382.0,0.07509237122364704,123.63090544401257,-62.83718657713325,138.6834986501128
11,1,54,54,95,87,1,17165,0.907001321003963,18404.0,17686.0,0.9609867420126059,-3.1897290100831697,3.322025996344564,4.60545631595342
11,1,55,55,96,88,1,20293,0.9273832373640435,21298.0,20877.0,0.9802328857169688,1.9465772774351535,1.2992098009467554,2.340322457248779
11,1,55,55,97,89,1,4805,0.7837220681781112,5488.0,5448.0,0.9927113702623906,-3.91529456338867,-8.566994655004919,9.419284948284755
11,1,55,55,98,90,1,18986,0.9052159816916182,19134.0,20826.0,0.9187554019014693,2.3402858464692144,-1.7737749840343895,2.9365312082745394
11,1,55,55,99,92,1,3554,0.8033453887884268,3848.0,4130.0,0.9317191283292978,3.8087087786238953,6.430037301223592,7.47339563086911
11,1,55,55,100,94,1,19188,0.5560933198087233,19270.0,34423.0,0.5598001336315835,27.634751232344342,-69.2428190089231,74.55365490689266
11,1,55,55,101,94,1,5343,0.15516640529709008,5354.0,34423.0,0.1555355430961857,-74.27226622343164,174.0444593869297,189.22960490698313
11,1,55,55,102,95,1,186831,0.9568956245166379,191687.0,190391.0,0.9932389781257989,-2.828500958675704,7.363727127230732,7.888275786098198
11,1,55,55,102,96,1,452,0.0023576048403922386,191687.0,485.0,0.0025301663649595434,-292.7973938506607,331.66695276809446,442.4175419264163
11,1,55,55,103,97,1,387,0.6192,487.0,525.0,0.9276190476190476,-5.2472005475701735,5.730051823604072,7.769595065871134
11,1,55,55,104,98,1,361,0.3631790744466801,932.0,423.0,0.453862660944206,-15.275725707444508,3.8239836037297437,15.747083745591592
11,1,55,55,105,99,1,366,0.7640918580375783,404.0,441.0,0.9160997732426304,2.761489414247535,-0.8473541231674062,2.888569333606171
11,1,999,999,106,100,1,25776,0.8671488645920942,28412.0,27089.0,0.9534351682387724,-4.074123588953739,10.305710279172217,11.081793509008603
12,1,1,1,1,1,1,64796,0.8766760022188849,73124.0,65583.0,0.8968738034024397,-8.543828197063192,24.53382121223467,25.9789411549976
12,1,1,1,2,2,1,1348,0.8341584158415841,1587.0,1377.0,0.8676748582230623,0.8510405212284411,1.470894371891518,1.6993528833161522
12,1,1,1,3,3,1,111,0.5935828877005348,154.0,144.0,0.935064935064935,-1.421176046176015,1.6620670995669116,2.1868261013823793
12,1,2,2,4,4,1,50578,0.942406230784997,52201.0,52046.0,0.9970307082239804,1.242219011633722,3.516433921878388,3.7293988255215185
12,1,2,2,5,5,1,7310,0.6059350132625995,9776.0,9598.0,0.9817921440261865,-7.2747354024587025,-25.69220034929549,26.70226458493971
12,1,3,3,6,6,1,47906,0.8789124133122959,50930.0,51482.0,0.9892778058350491,-5.135684786341471,12.255849462306287,13.288382304380491
12,1,3,54,6,79,0,122,0.0018043333579826962,50930.0,16807.0,0.3300019634792853,-62.42776510180124,195.77332333536424,205.4858145599806
12,1,3,3,7,6,1,505,0.00980106744298884,548.0,51482.0,0.010644497105784545,111.27745669452327,-17.956979223409235,112.7170150031993
12,1,3,3,9,7,1,372,0.6850828729281768,401.0,514.0,0.7801556420233463,-3.6763732691616724,-1.6743161551376033,4.039685012666365
12,1,3,3,10,6,1,1081,0.020875576926790644,1382.0,51482.0,0.026844333941960296,-76.83809307466777,-113.72867368927382,137.2527003977431
12,1,3,3,11,8,1,566,0.6902439024390243,694.0,692.0,0.9971181556195965,-3.96543869001016,0.6632656460828912,4.020525503152946
12,1,4,4,12,9,1,108330,0.9429101132397357,110145.0,113074.0,0.9740966093001043,-5.244379145556536,10.01028631719214,11.30085593105728
12,1,4,4,13,10,1,1911,0.7577319587628866,2188.0,2245.0,0.9746102449888642,-5.867060866520433,1.5004574455524562,6.055887693589544
12,1,4,4,14,11,1,248,0.501010101010101,319.0,424.0,0.7523584905660378,0.4902924824036745,5.468326728574084,5.49026264660802
12,1,4,4,15,12,1,625,0.8085381630012937,655.0,743.0,0.8815612382234186,-1.110055171421891,1.4350343665560104,1.814261865552295
12,1,5,5,16,13,1,1135,0.7892906815020863,1366.0,1207.0,0.883601756954612,-3.0313859732332276,-0.8523401194350413,3.148933882747255
12,1,5,5,17,14,1,256,0.5009784735812133,430.0,337.0,0.7837209302325582,-8.239817817956009,2.067020909530129,8.495126433052077
12,1,5,5,18,15,1,546,0.009800577982804114,55683.0,574.0,0.010308352639046028,-223.0123177674318,205.53602673446207,303.28130862582265
12,1,5,5,18,17,1,52834,0.9269773317425785,55683.0,54147.0,0.972415279349173,6.342904263651576,-6.34906806715199,8.974580760078904
12,1,5,5,19,16,1,221,0.6424418604651163,321.0,244.0,0.7601246105919003,-2.9176242275675577,1.5162657678361597,3.288098692557899
12,1,5,5,21,18,1,681,0.7160883280757098,851.0,781.0,0.917743830787309,-1.0152295032881966,2.9070612114090295,3.079236241542005
12,1,5,5,24,19,1,442,0.5815789473684211,676.0,526.0,0.7781065088757396,1.9343037775329321,-2.6833869552500573,3.307884014802264
12,1,5,5,25,17,1,221,0.004081481891886901,221.0,54147.0,0.004081481891886901,-94.71513444171205,5.724353855897704,94.8879598230414
12,1,5,5,26,17,1,353,0.006506432705422642,460.0,54147.0,0.008495392173158254,-134.16847892331748,83.22806229579541,157.88632331557247
12,1,5,5,27,20,1,330,0.8029197080291971,380.0,361.0,0.95,-1.0024930747922554,0.7145429362880904,1.2310824394839026
12,1,6,6,28,21,1,59410,0.9261106780982074,62597.0,60963.0,0.9738965126124255,-2.054121899765505,8.560788362234234,8.803778402598589
12,1,6,6,28,22,1,94,0.0014986528067853896,62597.0,220.0,0.0035145454254996247,-111.92297946314602,57.65720205876846,125.90117664721589
12,1,8,8,29,23,1,36117,0.9397637385512073,37304.0,37245.0,0.9984184001715634,-0.9959685911378529,5.980510153294318,6.062875153604068
12,1,8,8,30,24,1,1163,0.759634225996081,1275.0,1419.0,0.8985200845665962,-3.1253243792230023,2.556008788293326,4.037429058348686
12,1,10,10,31,25,1,706,0.6524953789279113,939.0,849.0,0.9041533546325878,-4.7378084346555625,1.0782503001087562,4.858955903605014
12,1,10,10,32,26,1,33004,0.9520567703225062,34107.0,33563.0,0.9840501949746386,-2.8915093285036164,2.4353041120433545,3.7804143046706806
12,1,12,12,33,27,1,191557,0.9633289581541773,193503.0,196903.0,0.9827326145360914,-3.2413224274969252,9.884038118107128,10.401941193795956
12,1,13,13,34,29,1,358,0.0028196747135037217,126928.0,395.0,0.0031120005042228663,-171.39702167440282,229.41373526624056,286.3696928232183
12,1,13,13,34,30,1,122692,0.9552178381240074,126928.0,124208.0,0.9785705281734527,-1.8574484880614364,6.367842504894725,6.633214383158864
12,1,13,13,35,28,1,314,0.6061776061776062,514.0,318.0,0.6186770428015564,-3.375253897168477,1.890353131194388,3.868562243388029
12,1,13,13,36,31,1,294,0.551594746716698,527.0,300.0,0.5692599620493358,-2.4210183428212986,0.7757432005059854,2.5422642131392355
12,1,13,13,37,32,1,287,0.5425330812854442,415.0,401.0,0.9662650602409638,-2.298951416638829,3.6988793077548507,4.355098822001939
12,1,13,13,38,33,1,1148,0.744970798182998,1508.0,1181.0,0.78315649867374,-0.703759458445802,-0.23508490983476804,0.7419853705996834
12,1,14,14,39,36,1,482,0.7811993517017828,557.0,542.0,0.9730700179533214,-2.8010195631577517,2.2513034376304404,3.5936162512821372
12,1,14,14,40,35,1,216,0.5983379501385041,313.0,264.0,0.8434504792332268,-3.5571933391420316,1.5275317068447976,3.8713017923500384
12,1,14,14,41,34,1,61788,0.9386421984899813,63410.0,64205.0,0.9876177867767307,-3.382662547167456,9.677695717720098,10.251838874698887
12,1,15,14,42,34,0,43,0.0004215314335009656,37847.0,64205.0,0.589471224982478,-157.81138324765516,3.6967912470946658,157.85467667466457
12,1,15,15,42,37,1,37179,0.9661400135128112,37847.0,37814.0,0.9991280682748963,0.6147703605606694,-1.6681806957313938,1.777855289340157
12,1,15,48,42,71,0,166,0.0033735723285778156,37847.0,11525.0,0.3045155494490977,5.963165912851309,95.30574415873662,95.49211599579701
12,1,15,48,42,72,0,10,0.00019291612007099314,37847.0,13999.0,0.3698840066583877,92.5218340854617,-179.74952753637513,202.16375152852643
12,1,16,16,43,38,1,87619,0.8678327704208473,96090.0,92492.0,0.9625559371422625,-13.343296839072082,10.052846831142688,16.70638500532077
12,1,16,16,43,41,1,6197,0.06401991776689601,96090.0,6905.0,0.07185971485066084,158.13224873133322,27.751897068197877,160.54898280497477
12,1,16,26,43,58,0,25,0.00025885812503882873,96090.0,513.0,0.005338744926631283,220.90411955409763,7.673315708530936,221.037349355112
12,1,16,16,44,39,1,574,0.7830832196452933,649.0,658.0,0.986322188449848,-1.722249802126953,1.903442752703313,2.566951244910019
12,1,16,16,45,40,1,786,0.7373358348968105,1065.0,787.0,0.7389671361502348,-1.3690105052164654,1.3093914610067259,1.894385325521281
12,1,16,16,47,43,1,840,0.7777777777777778,845.0,1075.0,0.786046511627907,-2.0012549883035717,2.7867510664648307,3.4308895398500954
12,1,16,16,48,44,1,132,0.6082949308755761,189.0,160.0,0.8465608465608465,-2.7271164021162804,0.06269841269840981,2.727837048220906
12,1,17,17,49,45,1,80171,0.9441101310691616,81499.0,83589.0,0.9749967100934334,-1.2055454373471548,6.6935007946840415,6.801197886397986
12,1,17,55,49,85,0,11,8.85390255877784e-05,81499.0,42751.0,0.5245585835409023,-305.69524395278336,348.57186331141065,463.6290824222964
12,1,17,55,49,86,0,40,0.00014806643741046608,81499.0,188690.0,0.4319200805554083,98.84945075945734,-589.739321231892,597.9662874464572
12,1,17,17,50,46,1,283,0.7389033942558747,322.0,344.0,0.936046511627907,-2.1095262169578746,0.7729849776110314,2.2466879257353316
12,1,23,23,51,47,1,42482,0.890813395122565,46293.0,43878.0,0.9478322856587389,-8.552010036110687,8.693950643909375,12.19514876729555
12,1,23,23,51,50,1,149,0.0032184901177232965,46293.0,151.0,0.003261832242455663,110.8835302292066,0.8937843791695741,110.88713237615904
12,1,23,23,52,48,1,596,0.6811428571428572,685.0,786.0,0.871501272264631,-0.6868538845860712,-0.4128526587542183,0.8013835390194903
12,1,23,23,53,49,1,380,0.6959706959706959,444.0,482.0,0.921161825726141,-3.172432806250299,-0.8005027849426369,3.271870202021172
12,1,23,23,54,51,1,1409,0.8482841661649608,1579.0,1491.0,0.9442685243825206,-0.291459119929641,1.1089696294720852,1.1466307416433656
12,1,24,24,55,52,1,2264,0.6617947968430283,3250.0,2435.0,0.7492307692307693,-9.927109777286205,12.659339124940743,16.087460197636755
12,1,24,24,56,53,1,115,0.36741214057507987,263.0,165.0,0.6273764258555133,-4.318907708261349,4.411545108883274,6.1737099089762255
12,1,24,24,58,54,1,478,0.6602209944751382,686.0,516.0,0.7521865889212828,0.3231801026058747,-1.3967613623522084,1.4336623319597752
12,1,24,24,59,55,1,2609,0.7795040334628025,3344.0,2612.0,0.7811004784688995,-0.8715520747084611,-0.5024624112488709,1.00601764082279
12,1,24,24,60,56,1,7219,0.8550278337083975,7729.0,7933.0,0.9742846338081432,1.2503946519236706,-4.04942214242601,4.238078157977903
12,1,26,26,61,58,1,459,0.7927461139896373,525.0,513.0,0.9771428571428571,-2.7222500696184397,-0.27918685602912774,2.736528958757248
12,1,26,26,62,59,1,380,0.8189655172413793,444.0,400.0,0.9009009009009009,-1.8633783783784565,1.130157657657719,2.1793199196471154
12,1,29,29,63,60,1,7236,0.6239544709838751,7423.0,11410.0,0.6505696757230499,-9.920396939989132,-12.374204131154329,15.85986139051734
12,1,29,29,64,61,1,245689,0.971513644110355,247862.0,250720.0,0.9886008296107212,-2.401288283868098,5.744162779483929,6.225880777805719
12,1,29,29,65,62,1,1022,0.833605220228385,1096.0,1152.0,0.9513888888888888,-1.19000912408751,1.3236199817518468,1.77991336067357
12,1,29,29,66,63,1,327,0.6078066914498141,390.0,475.0,0.8210526315789474,-5.441997300944649,2.6787584345479445,6.06556521473066
12,1,43,17,68,45,0,86,0.0009725316355494239,4926.0,83589.0,0.05893119908121882,75.51721445523526,-375.20778880115654,382.7319355059508
12,1,43,43,68,65,1,4391,0.8517943743937925,4926.0,4620.0,0.9378806333739342,2.394562380372463,2.359801688364314,3.361932926443076
12,1,43,43,69,66,1,7693,0.7934199669966997,8217.0,9172.0,0.8958787614478849,-7.324204202927831,-4.027402517336441,8.358465065000487
12,1,46,46,71,67,1,11943,0.8742405387599737,13174.0,12430.0,0.9435251252466981,-2.5027084235862276,2.6825802206030858,3.6687581132394596
12,1,46,46,72,68,1,224,0.7156549520766773,278.0,259.0,0.9316546762589928,0.5493597400072758,1.7487014249604727,1.832962846759216
12,1,46,46,73,69,1,1770,0.8697788697788698,1997.0,1808.0,0.9053580370555834,-0.3933671524987403,-0.731923936790281,0.8309334304934123
12,1,46,46,74,70,1,6245,0.8989491866992947,6409.0,6783.0,0.9448621553884712,0.3987723247892063,-4.218251980395507,4.237059019783464
12,1,48,48,75,71,1,10498,0.8596462495905667,11185.0,11525.0,0.9704989154013015,3.594346588677581,-0.595181879977531,3.6432909394929958
12,1,48,48,76,72,1,13426,0.9317787493927406,13836.0,13999.0,0.9883563111650833,-0.36183813649950025,0.0718197491949013,0.36889688721897546
12,1,53,53,79,73,1,12189,0.8308227114716107,14268.0,12592.0,0.8825343425848051,-11.210553917225866,0.16286703453806695,11.211736921724814
12,1,53,54,79,76,0,45,0.001783166904422254,14268.0,11013.0,0.7718671152228763,173.19910294867515,-88.3417649162543,194.42787014917513
12,1,53,54,79,78,0,39,0.0025148310549393863,14268.0,1279.0,0.08964115503223997,147.74645373398278,20.832383242006472,149.2079179618486
12,1,53,53,80,74,1,13279,0.7976333493512734,14076.0,15851.0,0.8880196833007381,-2.1173881562474435,3.3498095650229516,3.9628975164816214
12,1,53,53,81,74,1,451,0.028346951602765555,510.0,15851.0,0.032174626206548484,115.38229925494898,-5.365152071805824,115.50696878592305
12,1,53,53,82,74,1,253,0.015824368276207156,390.0,15851.0,0.02460412592265472,2.98048930019786,-84.38385493756732,84.4364748825589
12,1,53,53,83,75,1,841,0.6674603174603174,884.0,1217.0,0.7263763352506163,-4.946685715560534,-2.0583206609235276,5.357833845101516
12,1,54,54,84,76,1,9937,0.8914506145151162,10071.0,11013.0,0.9144647235085808,-3.416658450687976,3.029333005072658,4.5662252927642655
12,1,54,54,85,77,1,382,0.6474576271186441,472.0,500.0,0.944,-2.569576271186463,2.0257118644067305,3.272037709294121
12,1,54,54,86,78,1,1082,0.8104868913857678,1138.0,1279.0,0.8897576231430805,-1.8936318878297698,0.04051179592988774,1.8940651868970093
12,1,54,3,87,6,0,660,0.009633911368015413,17686.0,51482.0,0.3435375471038421,49.98254137942797,-179.88788626275164,186.7027211018278
12,1,54,54,87,79,1,16273,0.8931394072447859,17686.0,16807.0,0.9502996720569943,-7.3095389360317995,3.6295876103063165,8.161082383988903
12,1,55,55,88,81,1,18738,0.7619551073519844,20877.0,22453.0,0.9298089342181446,11.082709196905626,-0.8791087655715728,11.117521098018267
12,1,55,55,89,80,1,4932,0.7389871141744081,5448.0,6158.0,0.884702825592725,-9.796131210001477,-6.664081953015057,11.847960793320762
12,1,55,55,90,82,1,20223,0.8897835269271384,20826.0,22125.0,0.9412881355932203,-0.811614959787903,1.7909116668047318,1.9662358559564572
12,1,55,55,91,81,1,1910,0.0845656601434517,2043.0,22453.0,0.09099006814234178,-88.75490742297643,29.803264398778083,93.62514705187164
12,1,55,55,92,83,1,3749,0.8575022872827082,4130.0,3991.0,0.9663438256658595,0.8445947692234768,3.9522383595535757,4.041476014394543
12,1,55,55,93,84,1,2926,0.35730858468677495,2926.0,8189.0,0.35730858468677495,-10.627017078659492,-8.33931247650844,13.508427908937806
12,1,55,55,94,85,1,34312,0.8005226074378237,34423.0,42751.0,0.8051975392388482,0.2343737754229096,-6.619493093026904,6.623640983268709
12,1,55,55,95,86,1,186012,0.9634483008665296,190391.0,188690.0,0.9910657541585474,-4.37605070770087,7.332904167744459,8.539397129170966
12,1,55,55,97,87,1,453,0.75,525.0,532.0,0.9868421052631579,-2.5421303258149237,1.3937844611527908,2.8991484469717768
12,1,55,55,98,88,1,256,0.5267489711934157,423.0,319.0,0.7541371158392435,-3.7884938897409484,2.971972105501095,4.815112059805163
12,1,55,55,99,86,1,339,0.0017956269333446332,441.0,188690.0,0.002337166781493455,177.37073217189436,-146.34956732953742,229.95341373577537
12,1,999,999,100,89,1,25375,0.8961048133629975,27089.0,26603.0,0.9820591383956587,-4.799694210771349,2.0731865656807713,5.228304414724839
13,1,1,1,1,1,1,60090,0.884339725382272,65583.0,62456.0,0.9523199609654941,-3.2477255939754457,20.517780548368137,20.7732289296767
13,1,1,1,3,2,1,36,0.18556701030927836,144.0,86.0,0.5972222222222222,5.986111111111086,-1.8958333333332575,6.279148848557827
13,1,2,2,4,3,1,49453,0.8901308565977285,52046.0,52964.0,0.9826674722452987,5.992768489499127,-2.909898025583743,6.661890173819275
13,1,2,2,5,4,1,6221,0.5333504801097394,9598.0,8287.0,0.8634090435507398,-3.4190760599761916,-31.188107171979482,31.374959921484844
13,1,3,3,6,5,1,47736,0.8853936752295279,51482.0,50169.0,0.9744959403286586,2.135142261152623,2.9523864258972026,3.643544714036318
13,1,3,54,6,75,0,124,0.001829232312503688,51482.0,16430.0,0.3191406705256206,-56.576685228760425,185.09262125263285,193.54637623485704
13,1,3,3,7,6,1,288,0.37209302325581395,514.0,548.0,0.9379562043795621,4.499843789939973,-3.9665497458036043,5.998509066409417
13,1,3,3,8,5,1,423,0.008386533962488599,692.0,50169.0,0.013793378381071976,-199.01265736262292,156.80208202633503,253.36323868771146
13,1,4,4,9,7,1,109231,0.9351248619541302,113074.0,112966.0,0.9990448732688328,1.982656347848092,6.763180128904196,7.047803320870051
13,1,4,4,10,8,1,2102,0.8185358255451713,2245.0,2425.0,0.9257731958762887,0.6172598902485333,-2.8177742061395747,2.884590308673858
13,1,4,4,11,9,1,251,0.4648148148148148,424.0,367.0,0.8655660377358491,6.431166778057786,-1.1264716467019298,6.529076848836866
13,1,4,4,12,10,1,550,0.5747126436781609,743.0,764.0,0.9725130890052356,4.762467145363644,-3.4394946199431615,5.8746248008946145
13,1,5,5,13,11,1,833,0.5315890236119974,1207.0,1193.0,0.9884009942004971,4.875636045948795,-4.25024462637964,6.468106851051876
13,1,5,5,14,12,1,186,0.4397163120567376,337.0,272.0,0.8071216617210683,5.781866381567511,-3.188241839762668,6.602640750723443
13,1,5,5,15,13,1,261,0.3246268656716418,574.0,491.0,0.8554006968641115,4.61430132631267,-4.0016853892716995,6.107803425514074
13,1,5,5,16,13,1,24,0.03375527426160337,244.0,491.0,0.4969450101832994,-7.353911388601318,24.018563653968158,25.119144346715323
13,1,5,5,16,14,1,160,0.5947955390334573,244.0,185.0,0.7581967213114754,3.761187416925168,-1.6734603455914794,4.116673452376733
13,1,5,5,17,15,1,49608,0.883868438869686,54147.0,51587.0,0.9527212957319888,5.4411685797105065,-3.142024062367881,6.283202266466329
13,1,5,5,18,16,1,629,0.6321608040201006,781.0,843.0,0.9264531435349941,3.446357211531904,-1.7533699989215847,3.8667407958895095
13,1,5,5,19,15,1,19,0.00036472530425768804,526.0,51587.0,0.01019636730183961,-88.51892052710843,-38.605323975202,96.57106362940632
13,1,5,5,20,17,1,154,0.32217573221757323,361.0,271.0,0.7506925207756233,8.120554834357108,-4.6229620467949815,9.344259676609347
13,1,6,6,21,18,1,57224,0.894362565056343,60963.0,60244.0,0.9882059609927333,3.993357911868543,5.5797921997121875,6.861558744502014
13,1,6,6,22,19,1,105,0.2727272727272727,220.0,270.0,0.8148148148148148,4.92659932659933,1.2021885521885451,5.07115748521599
13,1,8,8,23,20,1,34601,0.8736523166266885,37245.0,36961.0,0.9923748154114647,7.362319192167433,3.4865944430714535,8.14616994039614
13,1,8,8,24,21,1,1216,0.7111111111111111,1419.0,1507.0,0.9416058394160584,4.839133140949343,-3.1761032494354424,5.788336670141832
13,1,10,10,25,23,1,493,0.5589569160997733,849.0,526.0,0.6195524146054181,-0.1048180144834987,-2.726466386309994,2.7284804877144606
13,1,10,10,26,24,1,30992,0.8817320549660019,33563.0,32578.0,0.9706522062986026,6.316846410398284,2.0194465742184775,6.631795611950389
13,1,12,12,27,25,1,191556,0.9305339654904399,196903.0,200509.0,0.9820157698656918,1.4627268616682159,16.637823044547076,16.70199765098497
13,1,12,48,27,69,0,160,0.0007589808784254942,196903.0,14066.0,0.07143618939274668,-174.72881663198723,21.88245413218135,176.0937283393751
13,1,13,13,28,26,1,200,0.5847953216374269,318.0,224.0,0.7044025157232704,2.334849505839884,-1.2545485175201065,2.650549791596575
13,1,13,13,29,27,1,113,0.2088724584103512,395.0,259.0,0.6556962025316456,2.795200625580037,-9.161517032403026,9.578441463633515
13,1,13,13,30,28,1,120611,0.9348965196496396,124208.0,125413.0,0.9903917456722987,3.3226166397389534,5.012482379626817,6.013714404653708
13,1,13,46,30,66,0,28,0.000222310440651052,124208.0,1770.0,0.014250289836403453,-145.74589514872423,117.7992504099193,187.39938460369018
13,1,13,13,32,29,1,262,0.4781021897810219,401.0,409.0,0.980440097799511,3.832783566755097,-1.8900243279335882,4.273455490556645
13,1,13,13,33,30,1,635,0.4641812865497076,1181.0,822.0,0.6960203217612193,5.0564719988628894,-5.704700952428084,7.6230913697737055
13,1,14,14,34,31,1,61490,0.8878781315428489,64205.0,66540.0,0.9649083258190562,3.9183498460174633,8.24681272815667,9.130355178692223
13,1,14,14,34,34,1,293,0.004543762793871348,64205.0,572.0,0.00890896347636477,14.648111953461921,-249.3608873565497,249.79075108387624
13,1,14,14,35,33,1,142,0.4797297297297297,264.0,174.0,0.6590909090909091,3.510188087774168,-1.7637147335423151,3.9283724457930296
13,1,14,14,36,32,1,498,0.6850068775790922,542.0,683.0,0.7935578330893118,3.167464463809665,-0.7091867331557751,3.245886158197975
13,1,15,14,37,31,0,799,0.007715706629327411,37814.0,66540.0,0.5682897505259994,-154.50780376219836,13.611784670982729,155.10622845439573
13,1,15,15,37,35,1,35391,0.8894892932542475,37814.0,37365.0,0.9881260908658169,10.671351826113096,-7.50118042838244,13.043981662660949
13,1,15,48,37,68,0,8,0.00016300914888848136,37814.0,11271.0,0.29806420902311315,12.389613066534366,96.22474339690052,97.01908963568866
13,1,16,16,38,36,1,89355,0.9186474482872065,92492.0,94131.0,0.9825880953139773,4.583361055581918,5.246554174343828,6.966600983991379
13,1,16,16,39,37,1,373,0.4627791563275434,658.0,521.0,0.7917933130699089,5.927147932722164,-2.82380155067699,6.565435081849366
13,1,16,16,40,38,1,445,0.5150462962962963,787.0,522.0,0.6632782719186785,5.1801593908676296,-2.005705745179057,5.554899355617379
13,1,16,16,41,39,1,5840,0.7497753241751187,6905.0,6724.0,0.9737871107892832,11.117634390584044,0.5657960008804821,11.132022258211192
13,1,16,16,41,41,1,34,0.004779980317728104,6905.0,242.0,0.03504706734250543,45.70915434378003,-43.89721425963944,63.374223550116945
13,1,16,26,41,52,0,84,0.011933513283136809,6905.0,218.0,0.03157132512671977,31.319852652976806,-28.277000445096974,42.19623116317609
13,1,16,16,42,40,1,141,0.3770053475935829,195.0,320.0,0.609375,6.509535256410345,-2.1326121794870687,6.849969632235306
13,1,16,16,43,42,1,949,0.6837175792507204,1075.0,1262.0,0.8518225039619651,3.4816636568016293,0.1292271403824543,3.484061060444366
13,1,16,16,44,39,1,105,0.015489010178492402,160.0,6724.0,0.02379535990481856,-83.92767697798945,-25.220047590719787,87.63507153759795
13,1,17,17,45,43,1,281,0.0033586326420845035,83589.0,357.0,0.004270896888346553,-151.20542518410684,85.55606769858628,173.73232665555255
13,1,17,17,45,44,1,79797,0.8810533289168598,83589.0,86778.0,0.9632510544147134,6.182960440488387,5.755691833658375,8.447306570303107
13,1,17,55,45,81,0,113,0.0008586691388232433,83589.0,48123.0,0.5757097225711517,-299.3092814264353,337.0987058996807,450.8010464353964
13,1,17,55,45,83,0,189,0.0007078969841341183,83589.0,183588.0,0.4553075364402902,103.98970245188775,-592.0246386803113,601.0882056907999
13,1,17,55,45,84,0,33,0.0003923340308160548,83589.0,556.0,0.0066515929129430905,-152.3051974671207,57.43720648503631,162.77563043743166
13,1,17,17,46,45,1,239,0.5346756152125279,344.0,342.0,0.9941860465116279,4.408098735209933,-2.179399564803589,4.917429910270759
13,1,23,23,47,46,1,39987,0.8647707612456748,43878.0,42349.0,0.9651533798258809,-1.8443621976446138,7.622257839975646,7.8422245884169035
13,1,23,23,48,47,1,629,0.6302605210420842,786.0,841.0,0.9346016646848989,5.162427801629747,-2.674294203253794,5.8139926292176
13,1,23,23,49,46,1,312,0.007337895999435546,482.0,42349.0,0.01138161467803254,-42.7658880088386,-65.69171125842377,78.38572641268718
13,1,23,23,51,48,1,1094,0.6084538375973304,1491.0,1401.0,0.9396378269617707,8.502163588239,-3.030484118127788,9.026107670053678
13,1,24,24,52,49,1,1205,0.41609116022099446,2435.0,1666.0,0.6841889117043121,-3.5104641445900597,-8.40510660116206,9.108741707137735
13,1,24,24,54,50,1,288,0.3794466403162055,516.0,531.0,0.9717514124293786,5.767912670257829,-2.608921298121004,6.330504475277636
13,1,24,24,56,51,1,6693,0.6627388850381226,7933.0,8859.0,0.8954735297437634,10.204492410027115,-18.829128537800443,21.416529757159818
13,1,24,24,57,51,1,322,0.0354040681693238,558.0,8859.0,0.06298679309177108,-25.442878695743502,117.29703041800667,120.02472004220256
13,1,26,16,58,39,0,97,0.013585434173669468,513.0,6724.0,0.07629387269482452,-51.65423643218037,20.644377360547423,55.626886107315705
13,1,26,26,58,53,1,387,0.542016806722689,513.0,588.0,0.8724489795918368,2.6205493893462517,-3.659724708596741,4.50120695421978
13,1,26,26,59,54,1,275,0.5350194552529183,400.0,389.0,0.9725,5.274845758354786,-2.818258354755926,5.9805165269051015
13,1,29,29,60,55,1,11045,0.764677374688452,11410.0,14079.0,0.8104268769088714,3.547563582461521,-9.691711258225496,10.320584987510255
13,1,29,29,61,56,1,338,0.0013473489514196993,250720.0,481.0,0.0019184747925973197,-170.31094108841808,68.87713199706258,183.71139313217182
13,1,29,29,61,57,1,245869,0.9521539438626928,250720.0,253373.0,0.9895292710746607,4.1783503970964375,5.055030476844081,6.558349271176281
13,1,29,29,62,58,1,897,0.5702479338842975,1152.0,1318.0,0.874051593323217,5.967327389984803,-3.1368669385432213,6.741582185910691
13,1,29,29,63,57,1,398,0.0015703294535411325,475.0,253373.0,0.0018747064604358002,-69.11306325789292,-291.6411232950298,299.71846841607254
13,1,29,29,64,59,1,67,0.29777777777777775,129.0,163.0,0.7914110429447853,4.548485280829482,-1.2195748323583757,4.709148662087916
13,1,43,17,65,44,0,8,8.75369296421928e-05,4620.0,86778.0,0.05323930028348199,79.30561251535119,-371.8118986558625,380.1755754365506
13,1,43,43,65,60,1,3738,0.6156126482213439,4620.0,5190.0,0.8901734104046243,29.353963666391337,1.566317593774329,29.39572305170243
13,1,43,43,66,61,1,7669,0.7209739588229764,9172.0,9134.0,0.9958569559529001,-14.759647176873386,-9.418817979836149,17.5088925098954
13,1,43,43,66,62,1,509,0.05499729875742842,9172.0,592.0,0.06454426515481901,131.41996130997995,47.403280106316515,139.7078279680653
13,1,46,46,67,63,1,9118,0.6651105113429134,12430.0,10397.0,0.8364440868865648,6.660017854336729,-18.095375948149012,19.282076354089405
13,1,46,46,67,64,1,1168,0.09243431465653688,12430.0,1374.0,0.11053901850362027,-7.271171427534227,88.79317856854277,89.09039507283438
13,1,46,46,68,65,1,145,0.3318077803203661,259.0,323.0,0.8018575851393189,7.469739531658888,0.30228193695711525,7.475853331910551
13,1,46,46,69,66,1,1491,0.714422616195496,1808.0,1770.0,0.9789823008849557,5.187166891655579,-1.6698346332682377,5.44931629329312
13,1,46,46,70,67,1,5743,0.662628360447675,6783.0,7627.0,0.8893405008522355,8.602236237908073,-15.243723129463433,17.50341575637502
13,1,48,14,71,31,0,303,0.0038965047195288188,11525.0,66540.0,0.17320408776675683,-159.856199314489,-83.36214018348528,180.28657985342304
13,1,48,15,71,35,0,447,0.009227339347274117,11525.0,37365.0,0.30844373076408405,5.322956273822456,-104.47510528285045,104.61061842545293
13,1,48,48,71,68,1,9904,0.7682283586720446,11525.0,11271.0,0.9779609544468547,7.041217514243726,-0.749181457567488,7.08096158295295
13,1,48,15,72,35,0,368,0.00721625225507883,13999.0,37365.0,0.37465542620099024,-81.23571189878794,170.5801664122613,188.93605812797523
13,1,48,48,72,69,1,12615,0.816504854368932,13999.0,14066.0,0.9952367410777762,6.194656263508023,-4.8540745384639195,7.869930485587715
13,1,53,53,73,70,1,11357,0.8390838566678981,12592.0,12300.0,0.9768106734434562,5.453811556698838,-3.385510712699215,6.419169983867303
13,1,53,53,74,71,1,12808,0.7033884342907354,15851.0,15166.0,0.9567850608794398,15.480058754323636,-8.187315392827259,17.511834637722515
13,1,53,53,75,72,1,958,0.5074152542372882,1217.0,1629.0,0.7470841006752609,1.562532124955851,-8.320102517385749,8.465554473354224
13,1,54,54,76,73,1,10836,0.7285685470315336,11013.0,14696.0,0.7493875884594448,0.5368396092093235,11.585750108954926,11.598180993292228
13,1,54,54,77,74,1,462,0.49464668094218417,500.0,896.0,0.5580357142857143,11.190982142857195,-1.1167946428572577,11.246568881043823
13,1,54,54,78,73,1,1188,0.08034083992696288,1279.0,14696.0,0.08703048448557431,25.989488823901695,-97.58839804930585,100.98984584183438
13,1,54,3,79,5,0,458,0.006885354340178599,16807.0,50169.0,0.33500767406167153,59.427222576612394,-180.56508744716075,190.0929919486014
13,1,54,54,79,75,1,15697,0.8949258836944127,16807.0,16430.0,0.9775688701136431,0.7153950866993455,1.5751473795749007,1.7299940454970475
13,1,55,55,80,76,1,4980,0.18095930232558138,6158.0,26342.0,0.23377116392073494,12.808147539094534,-172.77861095817866,173.25269708729175
13,1,55,55,81,76,1,18537,0.6126313702161412,22453.0,26342.0,0.8523650444157619,5.46032805946038,58.52759873505988,58.781757341960386
13,1,55,55,82,77,1,21468,0.7937000887311446,22125.0,26391.0,0.8383539843128339,11.372021494230694,-7.580886714718417,13.667213185087848
13,1,55,55,83,78,1,3002,0.6063421531003838,3991.0,3962.0,0.9927336507141067,7.218099127883761,-0.944188153785035,7.279591079841251
13,1,55,55,84,79,1,7841,0.44349547511312215,8189.0,17332.0,0.4724786522040157,2.9838410853644746,19.56036251311434,19.78663916048296
13,1,55,55,85,81,1,42070,0.8620195065978199,42751.0,48123.0,0.8883693867797103,5.180417089000912,-4.77965661704593,7.048534499659033
13,1,55,55,86,82,1,1654,0.008756187299822653,188690.0,1859.0,0.009852138428109598,-244.9042511559628,239.45313287266345,342.5140801146667
13,1,55,55,86,83,1,178202,0.9182073002328984,188690.0,183588.0,0.9729609412263501,3.934706255083256,4.40818334626465,5.9088064554591995
13,1,55,55,87,84,1,450,0.7053291536050157,532.0,556.0,0.9568345323741008,1.5457754097474208,0.14046356899461898,1.5521442045101712
13,1,55,55,88,85,1,168,0.45528455284552843,319.0,218.0,0.6833855799373041,4.403324609588253,-2.8897069396911093,5.266846667096404
13,1,999,999,89,86,1,25221,0.8826864522451265,26603.0,27191.0,0.9783751976757015,4.247806583881186,-1.3216900408751826,4.448676807570201
14,1,1,1,1,1,1,55768,0.8682547096372412,62456.0,57542.0,0.9213206097092353,-9.989329997894131,9.664523186736915,13.899270564810335
14,1,1,1,2,2,1,12,0.10810810810810811,86.0,37.0,0.43023255813953487,-6.0,0.5,6.020797289396148
14,1,2,2,3,3,1,49453,0.8934759435581492,52964.0,51838.0,0.9787402764141682,-3.3832942437697113,4.114682953372721,5.327034423269792
14,1,2,2,4,4,1,6095,0.6195994713835519,8287.0,7645.0,0.9225292627006154,-13.731551407513166,-0.8736299923059505,13.759314424077724
14,1,3,3,5,5,1,45300,0.8332107121836374,50169.0,49499.0,0.9866451394287309,-8.939641638688045,4.506051132657831,10.011078335438794
14,1,3,54,5,67,0,412,0.005128588144496726,50169.0,30577.0,0.6094799577428293,-123.19539339183541,269.50608227638895,296.3285901443477
14,1,3,3,6,6,1,425,0.5462724935732648,548.0,655.0,0.8366412213740458,-5.807076391597434,0.37856744859846003,5.819402850034239
14,1,4,4,7,7,1,109437,0.9361190710405886,112966.0,113376.0,0.9963837143663562,-6.580834142619551,6.598270009358885,9.31904207142945
14,1,4,4,8,8,1,2239,0.7302674494455317,2425.0,2880.0,0.8420138888888888,-7.01007803550965,2.0192883734248426,7.295116147052327
14,1,4,4,9,9,1,214,0.44676409185803756,367.0,326.0,0.888283378746594,-3.7654502599423267,3.9725765199511898,5.473571034248779
14,1,4,4,10,10,1,559,0.5927889713679746,764.0,738.0,0.9659685863874345,-4.475567190226911,3.0966032435194393,5.442394079999235
14,1,5,5,11,11,1,833,0.566281441196465,1193.0,1111.0,0.9312657166806371,-7.475298829128519,1.0046475728880182,7.542506833306815
14,1,5,5,12,12,1,160,0.47619047619047616,272.0,224.0,0.8235294117647058,-4.914390756302623,2.0133928571428896,5.310836779908293
14,1,5,5,13,13,1,192,0.2917933130699088,491.0,359.0,0.7311608961303462,-5.091405749167507,1.953763849570862,5.45340312855614
14,1,5,5,13,14,1,27,0.041158536585365856,491.0,192.0,0.3910386965376782,4.716872454175132,-23.59489562118125,24.061753575402488
14,1,5,5,14,14,1,104,0.38095238095238093,185.0,192.0,0.9635416666666666,-6.398226351351354,2.097128378378386,6.733145466906743
14,1,5,5,15,15,1,48993,0.9152437885297964,51587.0,50936.0,0.9873805416093202,-3.544892796224076,-0.4433283707524538,3.572506820292352
14,1,5,5,16,16,1,576,0.5152057245080501,843.0,851.0,0.9905992949471211,-7.254864488502221,2.2634650742340625,7.599758738855333
14,1,5,5,17,17,1,182,0.5432835820895522,271.0,246.0,0.9077490774907749,-4.337488374883833,1.8971439714397107,4.734232847106534
14,1,6,6,18,19,1,57095,0.9044895760724923,60244.0,59975.0,0.9955348250448177,-4.865648723951153,5.137251683642376,7.075725571697499
14,1,6,6,19,18,1,207,0.4726027397260274,270.0,375.0,0.72,-5.026962962962898,3.474962962962991,6.111114810324319
14,1,8,8,20,20,1,34925,0.882300929668553,36961.0,37548.0,0.9843666773196974,-4.354918705869295,10.207575965777977,11.09774409652063
14,1,8,8,21,21,1,1220,0.6931818181818182,1507.0,1473.0,0.9774386197743862,-6.987416045780492,2.0903712072784515,7.293396655951838
14,1,8,8,22,22,1,369,0.4855263157894737,427.0,702.0,0.6082621082621082,-3.679073506942359,3.6936521280783836,5.213314484350922
14,1,10,10,23,23,1,319,0.5039494470774092,526.0,426.0,0.8098859315589354,-8.452623217122891,0.9934665024366751,8.510805775137198
14,1,10,10,24,24,1,31479,0.9288580702272057,32578.0,32791.0,0.9935043152084413,-4.7823251403910945,4.041006268932108,6.261019518733774
14,1,12,12,25,25,1,195510,0.9433306795975972,200509.0,202256.0,0.9913624317696385,-4.784877266966305,3.6249478886110182,6.002940750588532
14,1,13,46,26,60,0,27,0.04679376083188908,224.0,380.0,0.5894736842105263,-0.6205827067669816,-16.072462406015347,16.084438774440187
14,1,13,13,27,26,1,86,0.30824372759856633,259.0,106.0,0.4092664092664093,-3.9246011510158496,3.063451591753619,4.978677520142544
14,1,13,13,28,27,1,118453,0.9331636953764466,125413.0,119977.0,0.9566552111822538,-6.065998952787595,7.571662027630737,9.7018765790895
14,1,13,13,28,28,1,291,0.0023186511983681797,125413.0,382.0,0.00304593622670696,107.72647741495621,67.77556029224979,127.27340849196841
14,1,13,13,29,29,1,181,0.31046312178387653,409.0,355.0,0.8679706601466992,-5.524329350183962,2.8847136609388144,6.232157545738953
14,1,13,13,30,30,1,573,0.6141479099678456,822.0,684.0,0.8321167883211679,-2.780861826097862,2.5567294147781467,3.7775730034296013
14,1,14,14,31,31,1,63689,0.9285464353404287,66540.0,65739.0,0.9879621280432822,-5.907965473239074,7.504905688260806,9.551317470520724
14,1,14,15,31,34,0,251,0.0024189273839926757,66540.0,37476.0,0.5632100991884581,161.28283980677588,-21.502575835489893,162.70991114157468
14,1,14,14,32,32,1,468,0.5857321652065082,683.0,584.0,0.8550512445095169,-5.65193345233547,3.8151236486893367,6.819055668083182
14,1,14,14,34,33,1,363,0.5361890694239291,572.0,468.0,0.8181818181818182,-7.3834498834498845,1.2354312354312924,7.486095278507708
14,1,15,14,35,31,0,14,0.00013580366669900087,37365.0,65739.0,0.5683840642540957,-171.08712106155053,28.617870787625975,173.46407559361361
14,1,15,15,35,34,1,36014,0.9275504159476653,37365.0,37476.0,0.9970381043868075,-3.896315781535577,-0.3896107361247232,3.9157468246998355
14,1,15,48,35,63,0,508,0.010635625157022025,37365.0,10907.0,0.29190418841161514,6.170808724555627,101.18883353195793,101.37681644179474
14,1,15,48,35,64,0,66,0.0012959726667583012,37365.0,13628.0,0.3647263481868058,83.80857550934434,-175.5179492234072,194.50045714212607
14,1,16,16,36,35,1,90959,0.9145376486793553,94131.0,96287.0,0.9776086076001953,-5.2964788483945995,8.55510567672377,10.061934273856227
14,1,16,16,37,36,1,258,0.46994535519125685,521.0,286.0,0.5489443378119002,-4.261908916419543,1.217206018549632,4.4323197203552285
14,1,16,16,38,37,1,281,0.4660033167495854,522.0,362.0,0.6934865900383141,-5.460172307952689,2.067356745199959,5.838445473279438
14,1,16,16,39,38,1,6040,0.8419291887371062,6724.0,6490.0,0.9651992861392028,-3.603717475015401,1.4871508264670865,3.898512180357157
14,1,16,26,39,50,0,150,0.019654088050314465,6724.0,1058.0,0.15734681737061273,36.41430268687418,-24.391200046331278,43.82843916763912
14,1,16,16,40,39,1,250,0.5434782608695652,320.0,390.0,0.8205128205128205,-4.199278846153902,1.9069711538461434,4.61199325773108
14,1,16,16,41,40,1,179,0.10228571428571429,242.0,1687.0,0.14344991108476585,25.18872074737783,-41.48383604324772,48.53226046407112
14,1,16,26,41,50,0,12,0.009316770186335404,242.0,1058.0,0.22873345935727787,1.8227827336781957,20.071810214188645,20.154406519880535
14,1,16,16,42,40,1,1059,0.5603174603174603,1262.0,1687.0,0.7480735032602253,-13.184797608635563,14.300855709316238,19.451307462465472
14,1,17,17,43,41,1,192,0.45176470588235296,357.0,260.0,0.7282913165266106,-5.115212238741378,1.9415427709545838,5.471287287176171
14,1,17,17,44,42,1,84750,0.9322919531378913,86778.0,88877.0,0.9763830912384531,-4.569320759543189,7.6661988641324115,8.924645495929651
14,1,17,17,45,43,1,196,0.4091858037578288,342.0,333.0,0.9736842105263158,-6.165955429113183,2.5744428639166017,6.681823285105754
14,1,23,23,46,45,1,40073,0.9028297210832245,42349.0,42110.0,0.9943564192779051,-7.169182164024278,5.295992970714906,8.913176451009232
14,1,23,23,47,46,1,683,0.7041237113402062,841.0,812.0,0.9655172413793104,-4.660353320876538,0.5398759979616443,4.691519920940341
14,1,23,23,48,47,1,1092,0.6570397111913358,1401.0,1353.0,0.9657387580299786,-5.775323612687316,2.87880687060715,6.453052907695597
14,1,24,24,51,48,1,7802,0.7863334005240878,8859.0,8865.0,0.9993231810490694,-2.464415302036741,-3.229175679364289,4.0621322417064
14,1,26,26,52,50,1,202,0.18808193668528864,218.0,1058.0,0.2060491493383743,16.212084424481418,4.451596399646178,16.81215012697233
14,1,26,26,53,50,1,436,0.3603305785123967,588.0,1058.0,0.555765595463138,-17.86048313465244,-0.08709797718711343,17.860695503278542
14,1,26,26,54,51,1,266,0.532,389.0,377.0,0.9691516709511568,-5.017299339256624,2.7184373998486535,5.706416963086457
14,1,29,29,55,52,1,12968,0.49287370301394856,14079.0,25200.0,0.5586904761904762,-22.4027135483783,47.70307628890032,52.70166090129737
14,1,29,29,56,54,1,340,0.6307977736549165,481.0,398.0,0.8274428274428275,-4.431810821258068,2.0987996113624376,4.903662607080062
14,1,29,29,57,53,1,248174,0.9513794914455046,253373.0,255658.0,0.9910622785127006,-5.656054811435752,6.035833843785042,8.271774067257061
14,1,29,29,58,55,1,984,0.5934861278648975,1318.0,1324.0,0.9954682779456193,-5.481772254033103,2.609653003497897,6.0712532350209845
14,1,29,29,59,56,1,82,0.2907801418439716,163.0,201.0,0.8109452736318408,-6.108476024784068,0.5396026004944474,6.132263066097388
14,1,43,17,60,42,0,71,0.000755351291544321,5190.0,88877.0,0.058395310372762355,45.38232808941666,-365.7120173855044,368.51707608059485
14,1,43,43,60,57,1,4484,0.29538866930171276,5190.0,14474.0,0.3585739947492055,134.15825495879517,23.789189997984522,136.25110250691293
14,1,43,43,61,57,1,7740,0.48777413662717417,9134.0,14474.0,0.6310625949979273,-92.25236529465246,-13.167668979863265,93.18737258245481
14,1,46,46,63,58,1,8237,0.7221004646269834,10397.0,9247.0,0.8893911705299605,-11.419900440248057,8.93148358184817,14.497776554975635
14,1,46,46,64,59,1,866,0.5964187327823691,1374.0,944.0,0.6870451237263464,-0.6724073594355104,6.449055399304143,6.484014743992873
14,1,46,46,65,60,1,230,0.48625792811839325,323.0,380.0,0.85,-3.418266253870115,4.106191950464108,5.342785464194073
14,1,46,46,66,61,1,1398,0.7239772138788193,1770.0,1559.0,0.8807909604519774,-4.612877297123305,0.5359563388087736,4.643908499898002
14,1,46,46,67,62,1,5923,0.7447504086508235,7627.0,6249.0,0.8193260784056641,-0.5575440805287144,-10.589053157643775,10.603721147650868
14,1,48,48,68,63,1,9710,0.7787937119024704,11271.0,10907.0,0.9677047289504037,4.452547484134357,-2.5370902933250363,5.124646939541817
14,1,48,15,69,34,0,34,0.0006600916362506795,14066.0,37476.0,0.37533354680328745,-91.32668394383154,175.0446302146005,197.43653604929034
14,1,48,48,69,64,1,12917,0.8741287135413142,14066.0,13628.0,0.9688610834636713,-3.6217926529516262,-0.08370827268197445,3.622759872788946
14,1,53,53,70,65,1,9129,0.7281065560695485,12300.0,9367.0,0.7615447154471545,4.250235778433364,4.879328927622737,6.4708851756317785
14,1,53,54,70,67,0,278,0.006525974788140567,12300.0,30577.0,0.4022631389606567,231.7456994217717,-161.97581097806915,282.7405746306839
14,1,53,53,71,66,1,11934,0.6537387017255546,15166.0,15023.0,0.9905710141105104,4.040024742403602,9.465860523380798,10.291953913972423
14,1,53,53,72,66,1,1436,0.09437434279705573,1629.0,15023.0,0.10843373493975904,-13.435258529514044,-76.0148956784783,77.19307311387996
14,1,54,54,73,67,1,13277,0.4149581197649706,14696.0,30577.0,0.480622690257383,52.25301450336019,-88.44243984893092,102.72508306699068
14,1,54,54,74,68,1,656,0.5003813882532419,896.0,1071.0,0.8366013071895425,-6.396519024276415,3.362314717554,7.226383320016336
14,1,54,3,75,5,0,727,0.011149964725008435,16430.0,49499.0,0.33192589749287865,49.772185851225004,-177.63418369407782,184.47540134410946
14,1,54,54,75,67,1,14841,0.46138780078343594,16430.0,30577.0,0.5373319815547634,-64.48356590192236,87.3658474496533,108.58601001981636
14,1,55,55,76,69,1,22764,0.7790821041103392,26342.0,25641.0,0.9733885050489712,-3.4486084721829684,9.677156270657179,10.27327863348073
14,1,55,55,77,70,1,24993,0.8504202252543469,26391.0,27991.0,0.9428387696045157,-0.2962908955939838,-4.605653649849501,4.615174301928792
14,1,55,55,78,71,1,3413,0.6861680739847206,3962.0,4425.0,0.895367231638418,-0.5514106041289324,9.616824693343688,9.632620143909483
14,1,55,55,79,72,1,17189,0.8247289127722868,17332.0,20699.0,0.8373351369631383,-4.112491074272384,1.9846461681204346,4.566333676879642
14,1,55,55,80,75,1,81,0.32926829268292684,139.0,188.0,0.7393617021276596,-4.249655594673186,2.34685443134822,4.854616194435549
14,1,55,17,81,41,0,39,0.0008067185172927354,48123.0,260.0,0.005402821935457058,142.98864400358707,-249.60109543013982,287.6568427030901
14,1,55,55,81,76,1,46502,0.8783076777788271,48123.0,51324.0,0.9376315174187515,-6.704934049565509,3.9504438107612714,7.782168522398173
14,1,55,55,82,77,1,11,6.018394401798953e-05,1859.0,180925.0,0.01027497581870941,241.73491657649902,-227.77566516220998,332.1408188289029
14,1,55,55,82,79,1,1412,0.7077694235588973,1859.0,1548.0,0.8327057557826789,-4.406047540215695,1.7485280074726006,4.740316985134737
14,1,55,17,83,42,0,136,0.000499395951220766,183588.0,88877.0,0.48411116194958276,-102.37606277094255,605.4465293781021,614.0410069079011
14,1,55,55,83,77,1,176341,0.9371266713432391,183588.0,180925.0,0.9854946946423514,-7.10404083454705,7.26928436418882,10.164147349696973
14,1,55,17,84,42,0,16,0.00017893689119518659,556.0,88877.0,0.006255836718161054,153.9188371480659,-44.01531578724553,160.08858938994928
14,1,55,55,84,78,1,466,0.6481223922114048,556.0,629.0,0.8839427662957074,-9.431986366391584,4.3036594571717615,10.367441899480346
14,1,999,999,86,80,1,24753,0.8384878561024356,27191.0,27083.0,0.9960280975322717,-9.181680040991864,2.6360095469303815,9.552580526049308
15,1,1,1,1,1,1,51827,0.8127048344858948,57542.0,58056.0,0.9911464792614028,6.38675181951082,5.6943449989762485,8.55664442240009
15,1,2,2,3,2,1,48793,0.8645109851169384,51838.0,53395.0,0.9708399662889784,7.836557046210089,1.142146880684777,7.919351351945623
15,1,2,2,3,3,1,92,0.0017662417447396714,51838.0,342.0,0.006597476754504418,185.89642044976375,115.31459693706165,218.7577093562472
15,1,2,2,4,4,1,4939,0.5374319912948857,7645.0,6484.0,0.8481360366252453,6.570051773061948,6.937656268345336,9.554928298968328
15,1,3,3,5,5,1,41628,0.7537480987904686,49499.0,47357.0,0.9567263985131013,0.03962874887713497,14.86724520246571,14.86729801772929
15,1,3,54,5,68,0,52,0.0006239650579567544,49499.0,33891.0,0.6846804985959313,-114.71057972260894,275.09182860213105,298.05038376751213
15,1,4,4,7,6,1,106343,0.8908164889384053,113376.0,112344.0,0.9908975444538527,5.99195845485292,9.33066306550404,11.088951229338356
15,1,4,4,8,7,1,2622,0.6768198244708312,2880.0,3616.0,0.7964601769911505,-4.304827310717883,-1.5661012782693433,4.5808526923379045
15,1,4,4,9,8,1,67,0.09544159544159544,326.0,443.0,0.7358916478555305,-23.16777686991918,-8.644137157418072,24.727858627277413
15,1,4,4,9,9,1,156,0.3553530751708428,326.0,269.0,0.8251533742331288,8.811093119255702,2.203765365931531,9.082507569183441
15,1,4,4,10,10,1,403,0.38018867924528305,738.0,725.0,0.9823848238482384,9.557011494252947,1.691589571068107,9.705562527655434
15,1,5,5,11,11,1,803,0.5639044943820225,1111.0,1116.0,0.9955197132616488,8.35021808632473,1.0659178821107957,8.417976183180148
15,1,5,5,12,12,1,70,0.20114942528735633,224.0,194.0,0.8660714285714286,9.717415316642132,1.8416329160529585,9.890387870735951
15,1,5,5,14,13,1,46,0.1488673139158576,192.0,163.0,0.8489583333333334,8.396568251533722,2.520513803680956,8.766718213631046
15,1,5,5,15,14,1,45803,0.8135379478162021,50936.0,51168.0,0.9954659161976235,10.741056125392674,-2.9163737694646557,11.129938124358867
15,1,5,5,16,15,1,448,0.39436619718309857,851.0,733.0,0.8613396004700352,9.957092450419509,5.567543520743584,11.407945955410861
15,1,5,5,17,16,1,93,0.2554945054945055,246.0,211.0,0.8577235772357723,8.841501945825257,1.6624475012522666,8.99643753673929
15,1,6,6,18,17,1,124,0.18128654970760233,375.0,433.0,0.8660508083140878,8.719889145496495,4.286768283294805,9.71662745114836
15,1,6,6,19,18,1,54753,0.8515373489478841,59975.0,59077.0,0.9850270946227595,6.974229759265427,11.19420676710888,13.189016107345148
15,1,8,8,20,19,1,34350,0.8311154125332688,37548.0,38132.0,0.9846847791880835,9.193222030673269,7.853548166064513,12.09105248115116
15,1,8,8,21,20,1,1215,0.648,1473.0,1617.0,0.9109461966604824,7.495710670863446,0.3464790470900425,7.503714159759055
15,1,8,8,22,21,1,559,0.4071376547705754,702.0,1230.0,0.5707317073170731,10.211437704120726,4.3501493989298865,11.099426101296789
15,1,10,10,23,22,1,234,0.46153846153846156,426.0,315.0,0.7394366197183099,6.761591772859447,2.1832550860719877,7.105330820845695
15,1,10,10,24,23,1,29674,0.8277728185672841,32791.0,32731.0,0.9981702296361806,8.551920571690971,3.877556726992509,9.389930331773291
15,1,12,12,25,25,1,192420,0.8948768509561723,202256.0,205188.0,0.9857106653410531,4.211645907550974,20.419389654600764,20.849207062068512
15,1,13,13,27,26,1,111697,0.8829174208949561,119977.0,118229.0,0.9854305408536637,7.1705223632270645,10.41344499173374,12.64342625862958
15,1,13,46,27,57,0,70,0.0005775768177167563,119977.0,1289.0,0.010743725880793819,-138.35241049207298,105.12426959025424,173.75989625299482
15,1,13,46,27,60,0,46,0.0003815939011339975,119977.0,616.0,0.005134317410837077,-107.82184844357062,-71.92221515076108,129.60847207640663
15,1,13,13,28,27,1,119,0.20341880341880342,382.0,322.0,0.8429319371727748,10.86273617118104,1.534389125557027,10.970569133518671
15,1,13,13,29,28,1,162,0.2956204379562044,355.0,355.0,1.0,6.538028169014069,2.33239436619715,6.941604700520598
15,1,13,13,30,29,1,266,0.298876404494382,684.0,472.0,0.6900584795321637,9.578910199226812,2.1806051144808407,9.823978790192466
15,1,14,14,31,30,1,60902,0.8389860862377738,65739.0,67753.0,0.970274378994288,7.84625848567066,9.261340097259335,12.138212085025636
15,1,14,14,32,31,1,318,0.35730337078651686,584.0,624.0,0.9358974358974359,9.620982613277192,3.3132903055848146,10.175519598234988
15,1,14,14,33,32,1,352,0.5525902668759811,468.0,521.0,0.8982725527831094,5.610487720852689,1.6800285447118313,5.856626023307733
15,1,15,14,34,30,0,1478,0.01424564582510048,37476.0,67753.0,0.5531267988133367,-159.3445467943443,38.268821621010034,163.87552380192616
15,1,15,15,34,33,1,34176,0.8454592682383791,37476.0,37123.0,0.9905806382751627,12.290124703416495,-2.0734788345874904,12.463806790182954
15,1,15,48,34,62,0,10,0.0001961130395560001,37476.0,13525.0,0.3608976411570072,96.47503031095766,-175.6396394567446,200.39140306409215
15,1,16,16,35,34,1,89954,0.86466794190305,96287.0,97700.0,0.9855373592630502,8.417132357174978,6.893848102459742,10.879947554009155
15,1,16,16,37,35,1,200,0.44742729306487694,362.0,285.0,0.787292817679558,8.605040224871573,2.665774934574074,9.008500056805307
15,1,16,16,38,36,1,5165,0.706759715380405,6490.0,5983.0,0.921879815100154,15.072339631009072,2.9961509845434193,15.367249027547746
15,1,16,26,38,47,0,134,0.017268041237113403,6490.0,1404.0,0.21633281972265023,44.4696423162527,-24.841604660248777,50.93775034128958
15,1,16,16,39,37,1,182,0.2866141732283465,390.0,427.0,0.9133489461358314,10.878238155287363,2.765591785263723,11.224284533361937
15,1,16,16,40,38,1,818,0.33428688189619943,1687.0,1578.0,0.9353882631890931,8.782322208974165,1.7076416764898568,8.946799622073021
15,1,16,26,40,47,0,39,0.012778505897771953,1687.0,1404.0,0.8322465915826912,-18.91431585933651,62.59239246998595,65.3877583309254
15,1,17,55,41,74,0,84,0.00035191205550155844,260.0,238520.0,0.0010900553412711723,155.39872902127195,-426.39048652588394,453.8255303320944
15,1,17,17,42,39,1,82378,0.8345625481217328,88877.0,92209.0,0.9638646986736653,9.512970995632713,8.497421557909774,12.755500393813605
15,1,17,55,42,74,0,679,0.002078244847238291,88877.0,238520.0,0.3726186483313768,-2.5355480825214727,-352.31476675413387,352.32389058520926
15,1,17,17,43,40,1,186,0.3705179282868526,333.0,355.0,0.9380281690140845,8.181423677198381,2.45974707101459,8.543187288078563
15,1,17,17,44,39,1,1084,0.011730713041219821,1282.0,92209.0,0.013903198169376092,-63.41523840003356,-63.33593651937258,89.62663285050424
15,1,23,23,45,42,1,37431,0.8038786160685523,42110.0,41884.0,0.9946331037758253,5.143833479224668,6.5501430157960385,8.328469030342502
15,1,23,23,46,43,1,629,0.5862068965517241,812.0,890.0,0.9123595505617977,7.590889466983981,-0.543773177616913,7.610341133527717
15,1,23,23,47,44,1,947,0.5770871419865935,1353.0,1235.0,0.9127864005912787,10.948769416291952,2.7980532090928136,11.300648366002926
15,1,24,24,48,45,1,6632,0.5743483155798043,8865.0,9314.0,0.9517929997852694,12.430918202449902,-8.858493257909686,15.264358163920017
15,1,24,24,49,46,1,307,0.5049342105263158,415.0,500.0,0.83,6.540939759036064,0.08407228915666565,6.541480037510074
15,1,26,26,50,47,1,938,0.615485564304462,1058.0,1404.0,0.7535612535612536,4.451622154363122,1.0367462125495877,4.570752948306491
15,1,26,26,51,48,1,208,0.343801652892562,377.0,436.0,0.8646788990825688,8.885710461635881,0.9484218723384856,8.936182319981803
15,1,29,29,52,49,1,23253,0.8171563114984538,25200.0,26509.0,0.9506205439662001,7.957652600165147,-4.4642841110562586,9.12436669194879
15,1,29,29,53,50,1,246447,0.9212799760752135,255658.0,258294.0,0.9897945751740265,7.998565687770906,5.324671656671171,9.608807486516907
15,1,29,29,54,51,1,180,0.3508771929824561,398.0,295.0,0.7412060301507538,6.552738267609357,2.0066093177753146,6.853091255628717
15,1,29,29,55,52,1,800,0.3631411711302769,1324.0,1679.0,0.7885646217986897,11.391659724084093,2.305592992520019,11.622636117356384
15,1,29,29,56,50,1,188,0.0007278161257728207,201.0,258294.0,0.0007781830007665683,-209.42954164576304,214.36767757070533,299.6902302395129
15,1,43,17,57,39,0,156,0.0014644174716269115,14474.0,92209.0,0.1569694932164973,-79.2629558737458,-381.00378582557914,389.1612788899574
15,1,43,43,57,53,1,12489,0.786312409494428,14474.0,13898.0,0.9602045046289899,20.45069244800652,3.2240922946118644,20.70327492758396
15,1,46,46,58,54,1,5703,0.5413897854566166,9247.0,6990.0,0.755920839191089,-6.296340474960289,18.906227871452757,19.92710103612465
15,1,46,46,58,58,1,169,0.017893065113816834,9247.0,367.0,0.039688547637071483,65.95927186341305,-72.59048210348192,98.08161722141189
15,1,46,46,58,60,1,135,0.013877467105263159,9247.0,616.0,0.06661619984859955,86.44181282381533,-31.487762615885003,91.9981858452755
15,1,46,46,59,55,1,413,0.3388022969647252,944.0,688.0,0.7288135593220338,11.462529562475538,5.688657863618573,12.796500000388196
15,1,46,46,60,56,1,136,0.20795107033639143,380.0,410.0,0.926829268292683,10.39127086007693,4.84454428754816,11.465082618171552
15,1,46,46,61,57,1,983,0.5270777479892761,1559.0,1289.0,0.8268120590121874,9.262979640725916,-0.6267927512162714,9.284161834946659
15,1,46,46,62,59,1,4440,0.5726815426286599,6249.0,5944.0,0.9511921907505201,9.775792794411245,-3.5345487579493238,10.39515077724147
15,1,48,14,63,30,0,227,0.00289418994555863,10907.0,67753.0,0.1609818015438431,-169.4116713004355,-63.309622647072615,180.85470049883008
15,1,48,15,63,33,0,1383,0.029648208888031383,10907.0,37123.0,0.2938070737817525,2.223000197325291,-103.65192310267014,103.6757584624253
15,1,48,48,63,61,1,8100,0.5998222748815166,10907.0,10697.0,0.9807463097093609,12.841853360774621,0.3706820372318589,12.847202143360429
15,1,48,15,64,33,0,212,0.004194780268703378,13628.0,37123.0,0.3671039517280392,-75.41476658746342,173.05485965269497,188.7733335745691
15,1,48,48,64,62,1,12013,0.7934610303830911,13628.0,13525.0,0.9924420311124156,8.77013902007775,-0.5113009694621269,8.785030854405875
15,1,53,53,65,63,1,4524,0.46461949265687585,9367.0,4894.0,0.5224725098750934,-45.63253765130909,-1.4848528311249538,45.656689328380374
15,1,53,53,65,64,1,2809,0.29580876158382474,9367.0,2938.0,0.3136543183516601,89.12020205051942,6.574939337388059,89.3624095513082
15,1,53,53,66,65,1,534,0.03524519833674345,15023.0,662.0,0.04406576582573388,-129.01632149938075,42.71806834756717,135.90454214844695
15,1,53,53,66,66,1,92,0.006043883852319012,15023.0,291.0,0.019370298875058246,-123.28146098090599,0.7811490880076235,123.28393575597893
15,1,53,53,66,67,1,7015,0.41565444095514603,15023.0,8869.0,0.5903614457831325,0.7093843861181313,26.153743851265062,26.16336262113212
15,1,54,3,67,5,0,1666,0.02184402370587927,30577.0,47357.0,0.6456701226851363,114.2953805020245,-250.1327859412654,275.00880823501177
15,1,54,53,67,64,0,47,0.0014043265208557429,30577.0,2938.0,0.09608529286718775,-138.3752615928189,173.43007924307994,221.8686670243053
15,1,54,54,67,68,1,27700,0.7533724978241949,30577.0,33891.0,0.9022159275323832,-0.4548279694615758,10.091797458399924,10.102041596784865
15,1,54,54,68,68,1,706,0.02060952825782345,1071.0,33891.0,0.03160131008232274,109.00543272397329,5.919620877178659,109.16604909343471
15,1,55,55,69,69,1,20512,0.6939106901217862,25641.0,24431.0,0.9528099528099528,9.800400820661935,9.78851803030102,13.85145990410972
15,1,55,55,70,70,1,24740,0.755327593576357,27991.0,29503.0,0.9487509744771718,12.176751675788864,-1.39030238186524,12.255864803711205
15,1,55,55,71,71,1,3142,0.5112268141880898,4425.0,4863.0,0.9099321406539174,12.852184987295914,7.219934824356869,14.741306516575644
15,1,55,55,72,72,1,20267,0.6959821428571429,20699.0,28688.0,0.721521193530396,7.962253405833735,-14.329772342505294,16.39328687868118
15,1,55,55,73,72,1,426,0.014843722777797136,437.0,28688.0,0.015232849972113776,-8.839016800014178,142.29598092186598,142.57024375551504
15,1,55,55,74,72,1,111,0.003843224153451977,305.0,28688.0,0.010631622978248744,-24.896495135910982,201.6713419902535,203.20227766981898
15,1,55,55,75,73,1,123,0.3942307692307692,188.0,247.0,0.7611336032388664,8.602377465759218,1.2359376345939381,8.690709976751476
15,1,55,55,76,74,1,48479,0.20085347917055082,51324.0,238520.0,0.2151769243669294,305.0923070744245,-679.942025766785,745.253295356575
15,1,55,55,77,74,1,165874,0.6541520915246617,180925.0,238520.0,0.7585317793057186,-97.80757001891698,245.86247825977944,264.60287029631
15,1,55,55,78,74,1,614,0.0025740457375227955,629.0,238520.0,0.0026370954217675665,160.81527543193602,-400.63374199855116,431.7047000439202
15,1,55,55,79,75,1,113,0.06919779546846296,1548.0,198.0,0.12790697674418605,-26.70566126380072,3.965057552266785,26.998407822122665
15,1,55,55,79,76,1,328,0.20246913580246914,1548.0,400.0,0.25839793281653745,19.333126614987123,4.632810077519366,19.880460606472084
15,1,999,999,80,77,1,24123,0.8107481347045775,27083.0,26794.0,0.98932909943507,7.248466034255159,4.043267904672575,8.299896095657227
16,1,1,1,1,1,1,48976,0.7957237323108418,58056.0,52469.0,0.9037653300261816,-10.059242124249081,-0.15510880558713325,10.060437905769204
16,1,2,2,2,2,1,50258,0.9020712926732958,53395.0,52577.0,0.984680213503137,-3.154594600507636,-0.48147929057836336,3.1911266663684437
16,1,2,2,2,3,1,123,0.0022909294095734773,53395.0,418.0,0.007828448356587695,171.8288692515069,113.9664426135273,206.1880460895681
16,1,2,2,3,3,1,165,0.2773109243697479,342.0,418.0,0.8181818181818182,-6.230994152046776,-0.20600744284956818,6.234398703110873
16,1,2,2,4,4,1,5217,0.7077737077737077,6484.0,6104.0,0.9413942011104257,-9.649240129751774,-5.389963539649671,11.0525807864211
16,1,3,3,5,5,1,41428,0.7821178425116577,47357.0,47040.0,0.9933061638194987,-10.85238322560474,-1.409063504590904,10.943476670389403
16,1,3,29,5,47,0,9,0.00010664517963788037,47357.0,37044.0,0.7822286040078552,162.69770045866267,6.070076504587178,162.81089510013837
16,1,3,54,5,64,0,1199,0.014865970689612418,47357.0,34496.0,0.728424520134299,-126.58416275559853,261.15758576875487,290.2185984135069
16,1,4,4,6,6,1,104826,0.8892678085155117,112344.0,110361.0,0.9823488570818201,-9.491862165275052,2.357253879797554,9.780188813024042
16,1,4,4,7,7,1,2869,0.6135585970915313,3616.0,3929.0,0.9203359633494528,-11.666942347238546,-0.29057044340129323,11.670560180058475
16,1,4,4,8,8,1,350,0.39503386004514673,443.0,793.0,0.5586380832282472,-9.385793867901612,-2.122784294859912,9.622855069741172
16,1,4,4,9,9,1,116,0.41134751773049644,269.0,129.0,0.4795539033457249,-6.261894469899971,-1.3530733984612198,6.406413190997536
16,1,4,4,10,10,1,459,0.47713097713097713,725.0,696.0,0.96,-7.023965517241322,-3.5620689655172555,7.87555883112407
16,1,5,5,11,11,1,825,0.5234771573604061,1116.0,1285.0,0.8684824902723736,-11.606443942373403,-5.311023248678566,12.763875153551938
16,1,5,5,14,12,1,44775,0.8083297227036396,51168.0,48999.0,0.9576102251407129,-5.756671326131141,-5.0366754790186405,7.649010696688044
16,1,5,5,15,13,1,420,0.4365904365904366,733.0,649.0,0.8854024556616644,-8.646642856992685,-3.3904275020653074,9.287595563069239
16,1,6,6,17,14,1,220,0.3426791277258567,433.0,429.0,0.9907621247113164,-6.56731105691847,-1.778721663248234,6.803927194909728
16,1,6,6,18,15,1,55037,0.8657836366782551,59077.0,59529.0,0.9924070621041845,-9.05426323953725,9.320876808194384,12.994553754722457
16,1,8,8,19,16,1,35826,0.8894681960375391,38132.0,37972.0,0.9958040490926257,-6.2474490995361975,0.37101940622869733,6.258456331324358
16,1,8,8,20,17,1,1284,0.6152371825586967,1617.0,1754.0,0.9218928164196123,-8.581009640302682,-4.16639024221692,9.539000686518893
16,1,8,8,21,18,1,1104,0.6865671641791045,1230.0,1482.0,0.8299595141700404,-5.88447714031804,-2.724268457259484,6.484497655342667
16,1,10,10,22,19,1,117,0.2765957446808511,315.0,225.0,0.7142857142857143,-7.988571428571504,-3.417777777777779,8.688986040250068
16,1,10,10,23,20,1,30366,0.8774525385037709,32731.0,32242.0,0.9850600348293667,-7.156755975110627,3.266752852605606,7.867072536038328
16,1,10,10,24,20,1,162,0.00501656705787632,213.0,32242.0,0.006606289932386328,79.51060320527904,-154.77072436063767,173.9997504055216
16,1,12,12,25,21,1,198731,0.9258374097367809,205188.0,208193.0,0.9855662774444867,-5.352815338311302,-2.6003164140980743,5.950989623540661
16,1,13,13,26,24,1,112681,0.9132545548855605,118229.0,117836.0,0.9966759424506678,-8.134575435903571,3.360022675315122,8.801197072048641
16,1,13,13,27,25,1,127,0.29466357308584684,322.0,236.0,0.7329192546583851,-7.4743920412674925,-3.227418675649915,8.141422952684419
16,1,13,13,28,26,1,108,0.20186915887850468,355.0,288.0,0.8112676056338028,-7.589866979655653,-2.704577464788599,8.057345718777961
16,1,13,13,29,27,1,270,0.46875,472.0,374.0,0.7923728813559322,-5.776794616151619,-3.2167248255232153,6.6120098790258695
16,1,14,14,30,28,1,65027,0.9039562944839857,67753.0,69210.0,0.9789481288831093,-7.139090476899128,4.546300809838158,8.463773620016482
16,1,14,15,30,31,0,279,0.002674104318822244,67753.0,36860.0,0.5440349504818974,168.27010513612868,-45.585947054067105,174.33561555614506
16,1,14,14,31,29,1,338,0.44415243101182655,624.0,475.0,0.7612179487179487,-6.67128542510136,-3.3256983805667915,7.4542819199218915
16,1,14,14,32,30,1,356,0.524300441826215,521.0,514.0,0.9865642994241842,-6.0457366483192345,-2.6160257511370446,6.587451886081783
16,1,15,15,33,31,1,34835,0.8898283437212628,37123.0,36860.0,0.9929154432562024,-3.3645663616321144,-5.2436465984695815,6.230259741894232
16,1,15,48,33,59,0,1126,0.024312827931682247,37123.0,10316.0,0.27788702421679284,4.102927853192341,102.90934651317957,102.99110455150078
16,1,15,48,33,60,0,28,0.000558447515905782,37123.0,13044.0,0.3513724645098726,78.81253460786502,-177.6138078857059,194.31438537323058
16,1,16,16,34,32,1,90736,0.8762360939431397,97700.0,96588.0,0.9886182190378711,-6.374671063906135,15.055493466133157,16.349443864602257
16,1,16,16,34,33,1,1238,0.012630590923930787,97700.0,1554.0,0.015905834186284544,-64.56021682744267,-354.20295646721434,360.03854789025263
16,1,16,16,35,34,1,173,0.47790055248618785,285.0,250.0,0.8771929824561403,-6.551228070175512,-3.3345263157893896,7.3510308786011445
16,1,16,16,36,35,1,4804,0.7292046144505161,5983.0,5409.0,0.9040615076048805,-0.46811748342133797,-2.7067465478928625,2.7469275295891324
16,1,16,16,37,36,1,323,0.5666666666666667,427.0,466.0,0.9163090128755365,-5.028650832739004,-2.0121418017708947,5.41627582643651
16,1,16,16,38,37,1,890,0.39803220035778175,1578.0,1548.0,0.9809885931558935,-5.588309704168751,-5.498887316886339,7.840087185326453
16,1,16,26,38,45,0,51,0.016283524904214558,1578.0,1605.0,0.983177570093458,-34.23511957641858,57.681526361299575,67.07609034358649
16,1,17,17,39,38,1,88266,0.9015474184158112,92209.0,93962.0,0.9813435218492582,-5.265947966639487,3.4485295512222365,6.294645665405448
16,1,17,43,39,51,0,55,0.0005201880243258836,92209.0,13577.0,0.14724159246928173,96.67704977990616,380.8403154262073,392.9195818587813
16,1,17,17,40,39,1,234,0.5010706638115632,355.0,346.0,0.9746478873239437,-5.763363999023113,-2.203476349425955,6.170224680488971
16,1,17,17,41,38,1,367,0.0039003549641847515,499.0,93962.0,0.005310657499840361,-47.1593658144925,-264.11375201393616,268.29103560667863
16,1,23,23,42,40,1,37784,0.8346735000441813,41884.0,41168.0,0.9829051666507497,-10.672440327389268,0.819808068445127,10.703880969572321
16,1,23,23,43,41,1,592,0.5391621129326047,890.0,800.0,0.898876404494382,-9.562022471910268,-3.95431179775278,10.347408156014904
16,1,23,23,44,42,1,987,0.6950704225352112,1235.0,1172.0,0.9489878542510122,-6.3843556120546054,-2.507315775656025,6.859054525226251
16,1,24,24,45,43,1,7374,0.6445240800629316,9314.0,9501.0,0.9803178612777602,-0.7837281212919152,-17.559814121258114,17.57729506326954
16,1,24,24,46,44,1,378,0.5121951219512195,500.0,616.0,0.8116883116883117,-7.2345714285715985,-4.460155844155906,8.498941928808701
16,1,26,16,47,35,0,52,0.007691169945274368,1404.0,5409.0,0.259567387687188,-29.86542016866497,25.131009096899334,39.03217826459775
16,1,26,26,47,45,1,1208,0.6707384786229872,1404.0,1605.0,0.874766355140187,-6.538481508107907,-3.203224432196521,7.2809605956144114
16,1,26,26,48,46,1,297,0.46845425867507884,436.0,495.0,0.8808080808080808,-4.737549810026849,-3.433222129552405,5.850759984252797
16,1,29,29,49,47,1,25963,0.6906890130353818,26509.0,37044.0,0.7156084656084656,-9.077546240160814,8.431132453567898,12.38894023683477
16,1,29,29,50,48,1,248402,0.9279742380884781,258294.0,257790.0,0.998048735162257,-8.44265028646464,1.8480869095814683,8.642555703315303
16,1,29,29,51,49,1,110,0.22540983606557377,295.0,303.0,0.9735973597359736,-6.531767075012567,-4.195457850869843,7.763108121148618
16,1,29,29,52,50,1,1224,0.5711619225384974,1679.0,1688.0,0.9946682464454977,-6.045609409798772,-3.6738544721666244,7.074362149233396
16,1,43,43,53,51,1,12383,0.8205009276437848,13898.0,13577.0,0.9769031515325947,-3.0365985418461605,-3.387562693983682,4.549341898562056
16,1,46,46,54,52,1,4654,0.5794322709163346,6990.0,5696.0,0.8148783977110158,-8.424601607834575,-4.6357185626334285,9.615809838108959
16,1,46,46,55,53,1,444,0.5097588978185993,688.0,627.0,0.9113372093023255,-6.508215570639095,-1.3016741775159062,6.637109730772941
16,1,46,46,56,54,1,355,0.6173913043478261,410.0,520.0,0.7884615384615384,-3.3208255159470355,0.4744840525327163,3.3545517172153962
16,1,46,13,57,24,0,14,0.00011753742307595437,1289.0,117836.0,0.01093893207508741,137.38835741939647,-91.35080192320538,164.98645328151198
16,1,46,46,57,55,1,875,0.561617458279846,1289.0,1144.0,0.8875096974398758,-7.533498890558803,-2.9301011246316193,8.083260365385875
16,1,46,46,58,56,1,133,0.2736625514403292,367.0,252.0,0.6866485013623979,-5.918072315211248,-4.800960166082859,7.620551059102234
16,1,46,46,59,57,1,4648,0.6644746247319514,5944.0,5699.0,0.9587819650067295,-5.022403903355553,-10.986915634416164,12.080432778928884
16,1,46,13,60,24,0,52,0.0004391891891891892,616.0,117836.0,0.005227604467225635,106.85779537089411,85.69568281780994,136.97568574436326
16,1,46,46,60,58,1,443,0.5600505689001264,616.0,618.0,0.9967637540453075,-6.080417559786383,-1.2906422056908013,6.215885697506753
16,1,48,48,61,59,1,8572,0.6890121372879994,10697.0,10316.0,0.9643825371599514,-6.515925310256989,-1.113258626722427,6.610342458512989
16,1,48,15,62,31,0,118,0.0023474645393598186,13525.0,36860.0,0.3669289202387412,-87.54947196917328,168.32251402368752,189.72975193504982
16,1,48,48,62,60,1,11981,0.821291472443104,13525.0,13044.0,0.9644362292051756,-5.37237099967615,-4.047647263548811,6.7265012100107064
16,1,53,53,63,61,1,3418,0.6469808820745788,4894.0,3807.0,0.7778912954638333,-14.930297510801353,-2.9349927955181556,15.216043062201965
16,1,53,53,64,62,1,2383,0.7085935176925364,2938.0,2808.0,0.9557522123893806,-8.679761364495846,-2.9533885485211613,9.168465589351946
16,1,53,54,64,64,0,271,0.00729219923041735,2938.0,34496.0,0.08516929499072357,126.08647933924487,-162.40527941559048,205.60465718028334
16,1,53,53,67,63,1,7191,0.7253379059915271,8869.0,8236.0,0.9286278047130454,-4.431304986931082,-5.665180411046094,7.192408009623805
16,1,54,3,68,5,0,285,0.0035339632467822333,33891.0,47040.0,0.7204719387755102,103.89782524588134,-261.63364690425624,281.50830055834007
16,1,54,54,68,64,1,29724,0.7687970410987249,33891.0,34496.0,0.9824617346938775,-11.833954284112451,0.9330023690895359,11.870676788590874
16,1,55,55,69,65,1,20547,0.693827243871142,24431.0,25730.0,0.9495141857753595,-2.5071104764970187,0.8215224319742447,2.6382763402642238
16,1,55,55,70,66,1,26825,0.784953473400831,29503.0,31496.0,0.9367221234442469,-6.506364814258404,-4.385470596916548,7.846345356447126
16,1,55,55,71,67,1,4237,0.730013783597519,4863.0,5178.0,0.9391657010428737,-3.484690961070328,2.7332381172277564,4.428731387161788
16,1,55,55,72,68,1,27499,0.8201801479360534,28688.0,32339.0,0.8871022604285846,-3.9822526988862137,-6.874835310758044,7.944916431771462
16,1,55,55,73,68,1,122,0.0037580088713652046,247.0,32339.0,0.007637836667800489,-81.24038585165522,139.86367333510043,161.74624388873303
16,1,55,17,74,38,0,289,0.0008699761885409987,238520.0,93962.0,0.3939376152943149,6.782571111514699,364.2607178632659,364.3238584681829
16,1,55,55,74,69,1,214902,0.8375698617964128,238520.0,232960.0,0.9766895857789704,-33.76160676852487,57.6196074050049,66.78222255285758
16,1,55,55,74,71,1,4706,0.01971107732388408,238520.0,4935.0,0.02069008888143552,392.9684052628836,-792.395492743074,884.4856044359303
16,1,55,55,76,70,1,59,0.12317327766179541,400.0,138.0,0.345,-9.96434782608685,-7.3598913043479115,12.387745057558206
16,1,999,999,77,72,1,24264,0.8063808574277168,26794.0,27560.0,0.9722060957910015,-9.701047415138419,-2.6621750959561723,10.059696674964561
17,1,1,1,1,1,1,47471,0.8363607533607005,52469.0,51761.0,0.9865063180163525,-6.62840026952334,16.583287587552604,17.85892262552513
17,1,2,2,2,2,1,50655,0.9140861844954525,52577.0,53494.0,0.9828578906045538,6.562256751562529,2.849906618931982,7.154381972613729
17,1,2,2,3,2,1,389,0.007267903518113708,418.0,53494.0,0.007813960444161962,-168.421207100452,-111.59801528517369,202.03915466256336
17,1,2,2,4,3,1,4905,0.7109726047253225,6104.0,5700.0,0.9338138925294889,-3.45331666321772,-4.066692304154913,5.335108459359562
17,1,3,3,5,4,1,42080,0.8444034193522495,47040.0,44874.0,0.953954081632653,-11.26533752557043,21.334595179996086,24.126184552459545
17,1,4,4,6,5,1,106396,0.9363866788706612,110361.0,109659.0,0.993639057275668,-1.619373993700151,11.90870605754526,12.018304876166503
17,1,4,4,7,6,1,3588,0.659316427783903,3929.0,5101.0,0.7702411291903548,2.800653223815061,15.04004439914138,15.298581437774212
17,1,4,4,8,6,1,759,0.147809152872444,793.0,5101.0,0.15545971378161144,-5.467466879006224,-44.634398269706026,44.968018668513366
17,1,4,4,10,7,1,585,0.7386363636363636,696.0,681.0,0.978448275862069,2.823048002430369,0.9157678869814845,2.967866379548215
17,1,5,5,11,8,1,903,0.6413352272727273,1285.0,1026.0,0.798443579766537,3.233479721786125,-2.0868576542956703,3.848423830673345
17,1,5,5,12,10,1,45267,0.8886860239118911,48999.0,47205.0,0.9633870078981204,7.216946380616832,-4.173203026334932,8.336662315321966
17,1,5,5,13,9,1,411,0.5676795580110497,649.0,486.0,0.74884437596302,2.6346452598805854,3.9908659729752003,4.782088127550822
17,1,6,6,14,11,1,270,0.5103969754253308,429.0,370.0,0.8624708624708625,3.5952056952057774,1.949322749322846,4.089665410747881
17,1,6,6,15,12,1,56295,0.9024237760892565,59529.0,59148.0,0.9935997581010936,-0.8407375782492181,14.30047312193301,14.325165660005778
17,1,6,6,15,13,1,426,0.007126248348082102,59529.0,676.0,0.01135580977338776,120.0737303115452,-177.03999025486166,213.91787877681284
17,1,8,8,16,14,1,36018,0.918967188855437,37972.0,37240.0,0.9807226377330664,3.2866793645109738,6.514085187762873,7.296270765160372
17,1,8,8,17,15,1,1675,0.8947649572649573,1754.0,1793.0,0.9782487451199108,1.2463749498397192,0.5859849624251297,1.3772541130003364
17,1,8,8,18,16,1,1455,0.8016528925619835,1482.0,1788.0,0.8288590604026845,1.9149322066136847,0.009489715512302155,1.9149557202783725
17,1,10,10,20,17,1,30411,0.8996804922785634,32242.0,31971.0,0.9915948142174803,2.9199167950205265,4.635623051837172,5.478586968239814
17,1,12,12,21,18,1,203320,0.9376412318646756,208193.0,211969.0,0.9821860743788007,0.3262614595660125,17.96924441138924,17.972206076501617
17,1,12,12,22,19,1,418,0.6863711001642037,472.0,555.0,0.8504504504504504,1.2348030233620193,2.6070392426324815,2.884682325513457
17,1,12,12,23,20,1,121,0.5020746887966805,140.0,222.0,0.6306306306306306,2.6541827541827843,2.578957528957517,3.7007712748517667
17,1,13,13,24,21,1,113002,0.9378459801976912,117836.0,115657.0,0.9815081978342781,-0.25510203696649114,11.947746241177356,11.950469333579836
17,1,13,46,24,53,0,44,0.0003716687080288888,117836.0,593.0,0.00503241793679351,-107.03987362148018,-83.88186467979313,135.99155035170963
17,1,13,13,25,22,1,124,0.5210084033613446,236.0,126.0,0.5338983050847458,2.0768765133175293,-0.7097793919829201,2.1948127111108184
17,1,13,13,26,23,1,233,0.8006872852233677,288.0,236.0,0.8194444444444444,0.014359698681801092,0.7266949152540292,0.7268367772769158
17,1,13,13,27,24,1,216,0.49884526558891457,374.0,275.0,0.7352941176470589,3.1209625668448098,-0.6780748663104532,3.193774079043238
17,1,14,14,28,25,1,67359,0.9110816550119702,69210.0,72082.0,0.9601564884437169,1.725572749406183,10.775192352754061,10.91248695542601
17,1,14,14,29,26,1,269,0.5203094777562862,475.0,311.0,0.6547368421052632,4.1412489422914405,0.2576950414621706,4.149258914122396
17,1,14,14,30,27,1,361,0.6824196597353497,514.0,376.0,0.7315175097276264,1.2874720589452409,1.5189895686728505,1.9912090830200704
17,1,15,14,31,25,0,374,0.0034448456267040014,36860.0,72082.0,0.511362059876252,-173.68362286362162,60.907440216659325,184.05357134480894
17,1,15,15,31,28,1,35876,0.9440804189363438,36860.0,37017.0,0.9957587054596537,4.494557904361045,-1.447662557879994,4.721946382281569
17,1,16,16,32,29,1,94410,0.9458498221710164,96588.0,97637.0,0.9892561221668015,1.773639323176667,8.480985724029097,8.664462781956185
17,1,16,16,33,30,1,1433,0.8840222085132634,1554.0,1500.0,0.9652509652509652,-0.8172741312741891,0.34434234234231553,0.8868532315889551
17,1,16,16,34,31,1,222,0.7816901408450704,250.0,256.0,0.9765625,1.3467187500000364,1.3724374999999327,1.9228198259347458
17,1,16,16,35,33,1,4686,0.6790320243442979,5409.0,6178.0,0.8755260602136614,-1.968449254958614,-0.01065140823470756,1.968478072482522
17,1,16,26,35,41,0,90,0.012633352049410443,5409.0,1805.0,0.33370308744684785,23.934166765250666,-27.3040145976056,36.30913868288656
17,1,16,16,36,33,1,355,0.05644776594053109,466.0,6178.0,0.07542894140498543,74.87594496322981,55.08856012682418,92.95782156969548
17,1,16,16,37,34,1,887,0.5502481389578163,1548.0,951.0,0.6143410852713178,9.267908525501753,-6.977875186462143,11.601071957147415
17,1,16,26,37,41,0,17,0.005095923261390888,1548.0,1805.0,0.8576177285318559,-28.03958176755623,64.21063260967617,70.06585106765121
17,1,17,17,38,35,1,91136,0.9346898588775845,93962.0,94678.0,0.992437525085025,1.3323890192705221,6.418726376781251,6.555555567506085
17,1,17,55,38,65,0,127,0.0003873888163593992,93962.0,234001.0,0.40154529254148486,-50.895223413193435,-278.02123598463356,282.6413476912077
17,1,17,17,39,36,1,308,0.8020833333333334,346.0,346.0,1.0,1.7283236994217077,0.8294797687860864,1.9170653345173598
17,1,23,23,40,37,1,38812,0.8924145225448944,41168.0,41135.0,0.9991984065293432,-3.386289665931372,7.431391282063487,8.166549705274731
17,1,23,23,41,37,1,535,0.012922705314009662,800.0,41135.0,0.019448158502491795,96.88687978607027,-165.43211969733784,191.71555414789574
17,1,23,23,42,38,1,1002,0.7877358490566038,1172.0,1102.0,0.9402730375426621,3.105687456253918,2.1431387548550447,3.7733722713899516
17,1,24,24,43,39,1,8770,0.8193198804185351,9501.0,9973.0,0.9526722149804472,6.689139373287162,-3.1737280595511947,7.403859490241772
17,1,24,24,44,40,1,602,0.7639593908629442,616.0,774.0,0.7958656330749354,-1.5727205610924102,0.27503439712745603,1.5965882007850642
17,1,26,26,45,41,1,1554,0.8372844827586207,1605.0,1805.0,0.889196675900277,0.6072281046936041,1.0302189314902535,1.1958582766911412
17,1,26,26,46,42,1,444,0.736318407960199,495.0,552.0,0.8967391304347826,2.1010320597279133,1.6266139657443546,2.6571053252664063
17,1,29,29,47,43,1,36327,0.8692125475558108,37044.0,41076.0,0.901840490797546,5.287415794051526,-0.7452841687845648,5.339682974805379
17,1,29,29,48,44,1,254348,0.9669482440066606,257790.0,259600.0,0.9930277349768876,1.8836667423067865,5.180462723447988,5.512294841997007
17,1,29,29,50,45,1,1517,0.747658945293248,1688.0,1858.0,0.9085037674919269,4.251985776888887,1.9950196154454147,4.696752741296625
17,1,43,17,51,35,0,173,0.0016006365537277252,13577.0,94678.0,0.14340184625784236,-100.61060872727512,-370.97305949820384,384.3741737707292
17,1,43,43,51,46,1,12805,0.8998594518622628,13577.0,13458.0,0.9912351771378066,7.1164671217534305,1.2500785385161635,7.2254273678071295
17,1,46,46,52,47,1,4207,0.716695059625213,5696.0,4381.0,0.7691362359550562,-7.656255089328624,6.706968324660465,10.178490364531926
17,1,46,46,53,48,1,518,0.8031007751937984,627.0,536.0,0.8548644338118022,0.5180645813993578,1.0618052084078045,1.1814487763345616
17,1,46,46,54,49,1,456,0.7475409836065574,520.0,546.0,0.9523809523809523,2.16483516483504,1.8956043956045505,2.8774689078323066
17,1,46,46,55,50,1,909,0.7613065326633166,1144.0,959.0,0.8382867132867133,2.7400610338568185,0.8624532401904617,2.8725876941836823
17,1,46,46,56,52,1,102,0.3709090909090909,252.0,125.0,0.49603174603174605,3.5955873015873294,0.655238095238019,3.654803004922044
17,1,46,46,57,51,1,4733,0.732322450874207,5699.0,5497.0,0.9645551851201966,2.074620963633606,-11.174531383913745,11.365482998659637
17,1,46,46,58,53,1,438,0.5666235446313066,618.0,593.0,0.959546925566343,5.89833930920031,3.104460343707615,6.665439267753536
17,1,48,15,59,28,0,212,0.004499055622758431,10316.0,37017.0,0.27868276737715103,-2.9729363104634103,-109.60065566952915,109.64096895548107
17,1,48,48,59,54,1,9196,0.8246054519368723,10316.0,10032.0,0.9724699495928655,1.918932313069945,2.391942681441833,3.066543822195782
17,1,48,15,60,28,0,11,0.00021978021978021978,13044.0,37017.0,0.3523786368425318,-77.68254306513609,170.92249872935633,187.74737832777728
17,1,48,48,60,55,1,12294,0.9107341284539595,13044.0,12749.0,0.9773842379638148,2.7389847473532427,-1.1106369641729543,2.9555967100436797
17,1,53,53,61,56,1,3385,0.8692860811504879,3807.0,3472.0,0.9120042027843446,4.486420615552987,-1.170831320911475,4.636681563541554
17,1,53,53,62,57,1,2034,0.7235859124866596,2808.0,2037.0,0.7254273504273504,5.192979557670242,0.7058047908562912,5.240724862953284
17,1,53,54,62,59,0,34,0.0008798488730171052,2808.0,35869.0,0.07828486994340517,132.70946667157529,-153.00044183809405,202.53626279485349
17,1,53,53,63,58,1,6521,0.7486796785304248,8236.0,6995.0,0.8493200582807188,-0.3648053091416159,3.518340912349231,3.5372030884709362
17,1,54,3,64,4,0,1116,0.014261251820993175,34496.0,44874.0,0.7687302224004992,104.46644200442336,-241.2320540933497,262.880469847344
17,1,54,54,64,59,1,32899,0.878102813217317,34496.0,35869.0,0.9617218210711199,-2.0567740321654355,6.451449028975276,6.771374601427401
17,1,55,55,65,60,1,21095,0.7967894239848914,25730.0,21840.0,0.8488146132918772,-3.5194928953674207,8.006503504268721,8.745909249724072
17,1,55,55,66,61,1,30263,0.8726858527020013,31496.0,33445.0,0.9417252205112872,12.137861407237324,-9.359973564998654,15.327647721642576
17,1,55,55,67,63,1,4614,0.7503659131566108,5178.0,5585.0,0.9271262309758281,8.1974641699112,8.851246078288113,12.064119360955802
17,1,55,55,68,64,1,31980,0.8411362440820621,32339.0,37661.0,0.8586867050795253,3.7324053776480923,0.4634513324672298,3.76106860355698
17,1,55,55,69,65,1,223682,0.9194463969352061,232960.0,234001.0,0.995551301062816,-10.351045533153865,28.61987447362742,30.434213617499875
17,1,999,999,72,67,1,26505,0.9208880550343965,27560.0,27727.0,0.993976989937606,-0.11379932153130312,2.00032919058458,2.0035636142348325
18,1,1,1,1,1,1,30917,0.5859820700896495,51761.0,31917.0,0.6166225536600916,-40.16433919478957,94.389318413213,102.57932332329464
18,1,1,1,1,2,1,9150,0.17374957274695227,51761.0,10051.0,0.19418094704507255,72.97307174610393,-169.34832546820508,184.40153073916483
18,1,2,2,2,3,1,51624,0.9286061194754736,53494.0,53723.0,0.9957373936675167,-1.0526857828274387,2.7094708938527674,2.9067817052545126
18,1,2,2,3,4,1,3666,0.58656,5700.0,4216.0,0.7396491228070176,-26.194038416724936,-13.622422184493416,29.52453276089971
18,1,3,3,4,5,1,42206,0.8916258238972452,44874.0,44668.0,0.9954093684538932,-6.336678360035194,1.7836111395381522,6.582914349710385
18,1,3,54,4,67,0,262,0.0032054419105412547,44874.0,37124.0,0.8272942015420957,-112.05340284957975,252.58679537533726,276.32599278416194
18,1,4,4,5,6,1,217,0.0019786452207055647,109659.0,229.0,0.0020882918866668492,-174.09571573425853,84.25654455369795,193.4127284776083
18,1,4,4,5,7,1,105914,0.9285326039310574,109659.0,110321.0,0.9939993292301557,-6.780799425522446,8.204389961871584,10.643836502672556
18,1,4,4,6,8,1,4118,0.7111034363667761,5101.0,4808.0,0.9425602822975887,-8.601641353804553,5.5963844402958784,10.261956576748238
18,1,4,4,7,9,1,539,0.7612994350282486,681.0,566.0,0.8311306901615272,-2.2512647686055516,0.4479460157842823,2.2953972840058907
18,1,5,5,8,10,1,843,0.7248495270851246,1026.0,980.0,0.9551656920077972,-5.677964753152764,-0.7378187532323182,5.7257017256111435
18,1,5,5,9,11,1,342,0.6151079136690647,486.0,412.0,0.8477366255144033,-3.5198869311598173,1.7863977785768554,3.947254872877352
18,1,5,5,10,12,1,452,0.00955117910573916,47205.0,571.0,0.012096176252515623,-167.7315227708781,252.2761145586443,302.9473579812899
18,1,5,5,10,13,1,44488,0.9158055086664746,47205.0,45861.0,0.9715284397839212,0.3085084190829548,-5.302613533564255,5.311580530405602
18,1,6,6,11,14,1,267,0.6252927400468384,370.0,324.0,0.8756756756756757,-2.554154154154162,0.4059392726059059,2.586211541275534
18,1,6,6,12,15,1,56317,0.9233657424865964,59148.0,58160.0,0.9832961385000338,-5.092472258989119,7.8612777901962545,9.366587543134727
18,1,6,6,13,16,1,546,0.7174770039421814,676.0,631.0,0.9334319526627219,-2.597150198332656,0.8777745477733561,2.7414735653327162
18,1,8,8,14,17,1,35348,0.9331819741809446,37240.0,35987.0,0.9663533834586466,-0.7268456382848854,4.937567200018577,4.990778940866151
18,1,8,8,15,18,1,1695,0.8973001588141875,1793.0,1791.0,0.9988845510317903,-1.620900561554663,-1.0782922482524668,1.9468006582826043
18,1,8,8,16,19,1,1760,0.8518877057115198,1788.0,2038.0,0.8773307163886163,-2.0618631899942557,-1.2935308555784673,2.434029968711735
18,1,10,10,17,20,1,30857,0.9403608216005364,31971.0,31700.0,0.9915235682337118,-2.100316804256636,3.734881969631971,4.284935706089976
18,1,12,12,18,21,1,208226,0.9613166824403869,211969.0,212862.0,0.9958047937161165,-3.2269431733188867,6.226755435603309,7.013247856638515
18,1,12,12,19,22,1,496,0.797427652733119,555.0,563.0,0.9857904085257548,-2.1848399020686884,0.5671035155936579,2.25723986210376
18,1,12,12,20,24,1,163,0.5309446254071661,222.0,248.0,0.8951612903225806,-3.0813716942748215,-2.210985178727128,3.7925330557332146
18,1,13,13,21,25,1,111753,0.9557419950738916,115657.0,113024.0,0.9772344086393387,-3.6223556329819075,6.400603193443203,7.354534762424547
18,1,13,13,23,26,1,148,0.4966442953020134,236.0,210.0,0.8898305084745762,-3.233010492332596,0.25782889427000555,3.2432749778970558
18,1,13,13,24,27,1,237,0.7292307692307692,275.0,287.0,0.9581881533101045,-1.1442255305669278,-1.3789040228061822,1.7918226387988963
18,1,14,14,25,28,1,70881,0.9572563001377522,72082.0,72845.0,0.9895257052646029,-2.4365834817181167,4.799057376119322,5.3821827136085645
18,1,14,15,25,31,0,35,0.00032050695042215344,72082.0,37155.0,0.5154546211259399,177.64276505826547,-64.92971681263543,189.1370405365251
18,1,14,14,26,29,1,199,0.629746835443038,311.0,204.0,0.6559485530546624,-1.113911480990737,-1.1113895719059883,1.5735264751583788
18,1,14,14,27,30,1,253,0.5938967136150235,376.0,303.0,0.8058510638297872,-4.0653482901484495,-0.7072624815673407,4.126412114421646
18,1,15,14,28,28,0,16,0.00014565846730877775,37017.0,72845.0,0.5081611641155879,-180.61476424970078,67.15416015065864,192.6950292314654
18,1,15,15,28,31,1,36145,0.9505088489757277,37017.0,37155.0,0.9962858296326201,-0.5354157097171992,-2.574614038096115,2.629697212108945
18,1,15,48,28,60,0,212,0.0047258136424431565,37017.0,8055.0,0.2176027230731826,4.490326519161044,102.69251177512729,102.79063676684437
18,1,16,16,29,32,1,93783,0.932421952674488,97637.0,96726.0,0.9906695207759354,-2.7974563025354655,14.202249157517144,14.475138786788603
18,1,16,16,30,33,1,1360,0.8364083640836408,1500.0,1486.0,0.9906666666666667,-3.193991027366792,-1.8822153432031428,3.707332367226993
18,1,16,16,31,34,1,200,0.6825938566552902,256.0,237.0,0.92578125,-1.8529634757383064,-0.33198180379736186,1.882467944075738
18,1,16,16,32,35,1,261,0.7092391304347826,310.0,319.0,0.9717868338557993,-1.7621700879763011,-1.506431388411329,2.318313815459264
18,1,16,16,33,36,1,5025,0.771889400921659,6178.0,5357.0,0.8671090967950793,2.6320458650238834,1.3098372209963145,2.939955608694912
18,1,16,16,34,37,1,523,0.5386199794026777,951.0,543.0,0.5709779179810726,3.3512150629462667,-6.962604063184472,7.727127392426688
18,1,17,17,35,38,1,92214,0.9515524873850726,94678.0,94445.0,0.9975390270178922,-2.9248332041511276,6.501655870462855,7.129248090088397
18,1,17,17,36,39,1,278,0.7164948453608248,346.0,320.0,0.9248554913294798,-2.6234104046238826,-0.812843208092545,2.746451571033253
18,1,23,23,37,41,1,38892,0.9163132598247102,41135.0,40201.0,0.9772942749483409,-5.506941973578023,2.7680927763658474,6.163501238656823
18,1,23,23,38,43,1,943,0.769795918367347,1102.0,1066.0,0.9673321234119783,-4.572511858023745,-0.18548230575152047,4.576272323356059
18,1,24,24,39,44,1,9239,0.8306212352782523,9973.0,10389.0,0.9599576475117914,2.190495954246444,-9.013692277648715,9.276040157400901
18,1,24,24,40,45,1,763,0.7091078066914498,774.0,1065.0,0.7267605633802817,-4.630632892964968,-1.3921461586053283,4.8353729862678305
18,1,26,16,41,36,0,29,0.004065610542548718,1805.0,5357.0,0.33694231846182565,-23.270570155185396,28.603200410367208,36.87360179129558
18,1,26,26,41,46,1,1734,0.8470933072789448,1805.0,1976.0,0.9134615384615384,-3.231589601534324,-0.8534040059664676,3.3423748667892395
18,1,26,26,42,47,1,512,0.7913446676970634,552.0,607.0,0.9093904448105437,-0.3812943198913672,-2.0705059331949087,2.1053218703506453
18,1,29,29,43,48,1,40107,0.8778646004333837,41076.0,44718.0,0.918556286059305,-4.767711733622264,3.369146645821729,5.837998312433056
18,1,29,29,44,49,1,256105,0.9674525254890999,259600.0,261226.0,0.9937755047353632,-3.457093542536768,5.20828537535408,6.251218466265326
18,1,29,29,45,50,1,1689,0.8521695257315842,1858.0,1813.0,0.9757804090419806,0.48275254011082325,1.2613260764114216,1.3505530296951997
18,1,43,17,46,38,0,33,0.00030592379716325207,13458.0,94445.0,0.14249563237863308,-110.65190905317968,-365.72148216625715,382.0942913666692
18,1,43,43,46,51,1,12504,0.9060213028041446,13458.0,12847.0,0.9545994947243276,2.0775595404115847,-1.004702225905703,2.307743531394914
18,1,46,46,47,52,1,398,0.08548109965635739,4381.0,673.0,0.15361789545765808,-52.053047181653255,37.83775949977144,64.35227862988197
18,1,46,46,47,53,1,3132,0.6655333616659583,4381.0,3457.0,0.7890892490299019,0.21629585298023812,-7.490343653337277,7.493465949819647
18,1,46,46,48,54,1,502,0.8338870431893688,536.0,568.0,0.9436619718309859,-0.8138532688672058,0.0038101744798950676,0.8138621877660883
18,1,46,46,49,55,1,501,0.8336106489184693,546.0,556.0,0.9820143884892086,-0.5699264764011787,-0.8088584077790983,0.9894787073696945
18,1,46,46,50,56,1,751,0.7166030534351145,959.0,840.0,0.8759124087591241,-3.4131213069167643,-1.457516510253754,3.7113005043234484
18,1,46,46,51,58,1,4705,0.7709323283631001,5497.0,5311.0,0.9661633618337275,2.1936735694694107,-9.160499794362295,9.419498936350081
18,1,46,46,52,57,1,74,0.47435897435897434,125.0,105.0,0.84,-1.9820952380950985,-2.4361904761904043,3.140656869057824
18,1,46,46,53,59,1,584,0.8795180722891566,593.0,655.0,0.9053435114503817,-0.47992482267682135,0.09377083789240714,0.48899980108423613
18,1,48,15,54,31,0,30,0.0006361727845282779,10032.0,37155.0,0.2700040371417037,-5.4272843332505545,-114.5672123890671,114.6956911563619
18,1,48,48,54,60,1,7462,0.7023058823529412,10032.0,8055.0,0.8029306220095693,-0.40154210437231086,-9.300086575843693,9.308751064443168
18,1,48,15,55,31,0,45,0.0009025451774002688,12749.0,37155.0,0.3431301305342484,-80.95694352220653,169.45852165543317,187.80366680686151
18,1,48,48,55,61,1,11530,0.8852207293666027,12749.0,11806.0,0.926033414385442,0.7171805697585114,-1.8619955072292669,1.9953383769629445
18,1,53,53,56,63,1,2681,0.7387710112978783,3472.0,2838.0,0.8173963133640553,-10.001429131633557,-0.2934597285684504,10.005733520706007
18,1,53,53,57,64,1,1548,0.7196652719665272,2037.0,1662.0,0.8159057437407953,-4.771055863634672,2.345330696199653,5.316347442413742
18,1,53,54,57,67,0,184,0.00472073273982092,2037.0,37124.0,0.054870164852925334,121.98630030091408,-148.80295437593804,192.41355641459438
18,1,53,53,58,65,1,1753,0.2485467177087764,6995.0,1811.0,0.25889921372408864,-49.63320862223509,-1.4302994684612713,49.653813093334456
18,1,53,53,58,66,1,847,0.12019298992479069,6995.0,899.0,0.1285203716940672,24.371193471262245,57.83078331018305,62.756310993262204
18,1,54,3,59,5,0,463,0.005782151509853385,35869.0,44668.0,0.803013342885287,100.1865376765536,-245.8998919827868,265.5260800915076
18,1,54,54,59,67,1,34037,0.8737293356607455,35869.0,37124.0,0.9661943756060769,-5.530186812990962,4.903292253012296,7.390889060527802
18,1,55,55,60,68,1,19307,0.8548594199690059,21840.0,20052.0,0.9181318681318681,-3.238708424031529,-1.183817020800916,3.448282905248748
18,1,55,55,61,69,1,31974,0.886885609674914,33445.0,34581.0,0.9671495908157659,-6.173507223085153,2.417451669638467,6.629952036668318
18,1,55,55,62,70,1,715,0.6962025316455697,886.0,856.0,0.9661399548532731,-4.751634986603676,1.5747742663656936,5.005791549387942
18,1,55,55,63,71,1,5401,0.884394956607172,5585.0,5923.0,0.9429343238223873,-1.290785522531678,0.45304472149359754,1.367982742892098
18,1,55,55,64,72,1,37248,0.8919540229885058,37661.0,41347.0,0.9108520569811595,-0.3186922530821903,1.0986451257358567,1.143934379445674
18,1,55,17,65,38,0,24,7.307671227871458e-05,234001.0,94445.0,0.403609386284674,49.30277922831283,290.94161823187767,295.08945975588387
18,1,55,55,65,73,1,229391,0.9433708530562056,234001.0,238551.0,0.9809265104736513,-7.7223681689624755,14.95286991521732,16.829239104558948
18,1,55,55,66,75,1,302,0.5571955719557196,346.0,498.0,0.6947791164658634,-2.481126819416204,-3.5125356919005526,4.300453148320728
18,1,999,999,67,76,1,25954,0.89508897779004,27727.0,27223.0,0.9818227720272659,-5.299051482772882,1.5344746272298835,5.516752577258632
19,1,1,1,1,1,1,29324,0.9132073121360281,31917.0,29518.0,0.9248362941379202,-4.616456197261584,13.010459390715368,13.80520631423843
19,1,1,1,2,2,1,3746,0.37140590918104305,10051.0,3781.0,0.3761814744801512,25.653194836984625,-1.6116564315957476,25.70377096454523
19,1,2,2,3,3,1,52904,0.9629063375923701,53723.0,54123.0,0.9926094266762744,1.8760908008881643,1.692858939072039,2.526952330530456
19,1,2,2,4,4,1,3245,0.7161774442727875,4216.0,3560.0,0.8444022770398482,-8.106181374325729,-0.619028633562948,8.129783079679074
19,1,3,3,5,5,1,42753,0.9234507635483941,44668.0,44382.0,0.9935972060535506,-4.240999691586467,7.2308995156822675,8.382838790644286
19,1,4,4,7,6,1,107026,0.9377387586303578,110321.0,110837.0,0.9953445149183034,-6.256564599611124,14.222350583241223,15.537691485601362
19,1,4,4,8,7,1,4580,0.868081880212282,4808.0,5048.0,0.9524564183835182,-2.549944822548923,1.0293234862128884,2.74985916681446
19,1,4,4,9,8,1,374,0.6393162393162393,566.0,393.0,0.6943462897526502,0.4765957255503963,2.0563527814492772,2.1108600729056124
19,1,5,5,10,9,1,872,0.797804208600183,980.0,985.0,0.9949238578680203,-0.6433026002279121,-1.2802911012120717,1.4328236246317312
19,1,5,5,11,10,1,285,0.6195652173913043,412.0,333.0,0.808252427184466,-2.770292136797025,0.45990407883613216,2.8082076641390925
19,1,5,5,13,11,1,43103,0.9287638173630115,45861.0,43651.0,0.9518109068707616,2.0885905908003224,-3.9844356439070623,4.49865958441142
19,1,5,5,13,12,1,310,0.006758524461498212,45861.0,317.0,0.006912191186411112,84.49683754992202,22.177041969572457,87.35866726580763
19,1,6,6,14,13,1,229,0.6676384839650146,324.0,248.0,0.7654320987654321,1.797789725208986,-1.772351652728048,2.5245352596061807
19,1,6,6,15,14,1,49861,0.8346753268493563,58160.0,51438.0,0.8844222833562586,-6.2403993840048315,34.837013019988035,35.39152526561555
19,1,6,6,15,15,1,6192,0.10639723697097789,58160.0,6229.0,0.10710110041265475,32.34859034195324,-207.02021383871818,209.5323369672092
19,1,6,6,16,16,1,568,0.8567119155354449,631.0,600.0,0.9508716323296355,1.3905229793977014,0.7999867934495342,1.604223496251918
19,1,8,8,17,17,1,34922,0.9104465938420627,35987.0,37292.0,0.9650058993886088,1.9847107197686,5.4605345690145555,5.810035664311139
19,1,8,8,18,18,1,1756,0.8745019920318725,1791.0,1973.0,0.9077546882919412,-1.4850489990074038,-0.8051707543744442,1.6892810521499386
19,1,8,8,19,19,1,2033,0.871410201457351,2038.0,2328.0,0.8754295532646048,-0.06614656576584821,-0.22019178562635489,0.2299125716874532
19,1,10,10,20,20,1,30655,0.94212920277829,31700.0,31493.0,0.9934700315457413,0.08072439812121956,3.7675240043829206,3.768388720932801
19,1,12,12,21,21,1,209682,0.9646228585098356,212862.0,214192.0,0.9937906177635019,-0.6624415741302982,7.418042273968922,7.447562018373948
19,1,12,12,22,22,1,509,0.8554621848739495,563.0,541.0,0.9609236234458259,1.2626837348111621,-0.1747536796209488,1.2747192093546431
19,1,12,12,23,23,1,42,0.26582278481012656,46.0,154.0,0.2987012987012987,3.0313382269901012,-3.752117447769592,4.823629006077114
19,1,12,12,24,24,1,246,0.7784810126582279,248.0,314.0,0.7898089171974523,0.40589685637951334,-0.2647421409492381,0.4846036104004566
19,1,13,13,25,25,1,107133,0.9323534019111274,113024.0,109015.0,0.9645296574178935,-0.652053213108502,12.917255125512838,12.933702229845592
19,1,13,13,27,26,1,209,0.5757575757575758,287.0,285.0,0.9930313588850174,2.230796503453803,0.14573017910606723,2.2355514587957934
19,1,14,14,28,27,1,71602,0.9394245529329958,72845.0,74976.0,0.9715775714895433,-0.37330625114555005,10.06277525132657,10.069697280249038
19,1,14,14,29,29,1,97,0.47549019607843135,204.0,97.0,0.47549019607843135,0.748180715585022,0.2304932282191885,0.7828802663423178
19,1,14,14,30,30,1,157,0.5181518151815182,303.0,157.0,0.5181518151815182,-1.1919867145948047,2.1855962666330697,2.4895106684830512
19,1,15,14,31,27,0,119,0.0010623861729100455,37155.0,74976.0,0.4955585787451985,-180.45265479112913,79.79154944008133,197.30649250142622
19,1,15,15,31,31,1,36203,0.9294975480756887,37155.0,37997.0,0.9778403558175646,4.2121000855140664,-3.645591922815356,5.570648759173762
19,1,15,48,31,65,0,27,0.0006848099018439141,37155.0,2299.0,0.06187592517830709,-63.08973393556198,160.46242045054305,172.41955487967962
19,1,16,16,32,32,1,95443,0.9541628344063662,96726.0,98745.0,0.9795533951086131,1.0003840914851025,5.646826953748587,5.734755703260429
19,1,16,16,33,33,1,1280,0.847682119205298,1486.0,1304.0,0.8775235531628532,-0.6877492589319445,-0.8107355770421236,1.0631515503648876
19,1,16,16,34,34,1,186,0.6763636363636364,237.0,224.0,0.9451476793248945,0.6983875828809687,-1.5619914104884174,1.7110120929911388
19,1,16,16,35,32,1,257,0.002601030291376117,319.0,98745.0,0.0032305433186490457,-28.903582690032636,-323.3086895078693,324.5980988909445
19,1,16,16,36,35,1,939,0.1736637691880895,5357.0,989.0,0.18461825648683966,-74.44175797502248,-35.320658095877434,82.39614201367499
19,1,16,16,36,36,1,3037,0.5424182889801751,5357.0,3279.0,0.6120963225686018,38.08689835469886,4.543101879280812,38.35689769737234
19,1,16,16,36,37,1,437,0.07974452554744525,5357.0,560.0,0.10453612096322569,-5.747138590362738,49.83002080055462,50.160348632765135
19,1,16,26,36,50,0,24,0.0031754432389521038,5357.0,2225.0,0.4153444091842449,19.667227380744862,-28.834682249204434,34.90327682694715
19,1,16,16,37,38,1,326,0.6003683241252302,543.0,326.0,0.6003683241252302,0.8494842332415828,-2.6685591295799895,2.8005055419675124
19,1,17,17,38,39,1,90885,0.9399627676078188,94445.0,93130.0,0.9860765524908677,-0.8765621319830643,2.125343431620877,2.2990097593443792
19,1,17,17,38,41,1,503,0.005312519803130479,94445.0,740.0,0.007835248027952777,56.31717315812284,130.60741136339902,142.23192291314254
19,1,17,17,38,43,1,575,0.006088199481179522,94445.0,575.0,0.006088199481179522,75.01308385142511,44.35701183343417,87.1464700816525
19,1,17,55,38,78,0,21,6.240249609984399e-05,94445.0,242101.0,0.3901057822974709,-64.36001023094059,-257.4558143765396,265.37842277248916
19,1,17,17,39,40,1,280,0.8536585365853658,320.0,288.0,0.9,-0.1402777777780102,-0.7371527777777374,0.7503812848970656
19,1,17,17,40,42,1,257,0.6908602150537635,258.0,371.0,0.6954177897574124,0.3564637790177585,-1.615620886353554,1.6544779461127501
19,1,23,23,41,44,1,38498,0.9180398235364254,40201.0,40232.0,0.9992294690793398,-3.6654031137447873,3.173901398999533,4.848590524762962
19,1,23,23,41,45,1,427,0.01060474357382342,40201.0,491.0,0.012213626526703316,122.20678316510453,-12.581306582083016,122.85270500430684
19,1,23,23,42,44,1,191,0.0047465208747514915,199.0,40232.0,0.004946311393915291,-145.19059092939347,39.99205412626861,150.59771607718648
19,1,23,23,43,46,1,817,0.7664165103189493,1066.0,817.0,0.7664165103189493,2.2981059153403294,0.5520884763500362,2.3634915874275326
19,1,24,24,44,47,1,9745,0.7998850857752606,10389.0,11539.0,0.9003379842274027,8.624367649187434,-19.451655599351852,21.277843474002413
19,1,24,24,45,49,1,1044,0.7670830271858927,1065.0,1340.0,0.7947761194029851,-0.3240452666245801,-1.6581353794408642,1.6895023738886235
19,1,26,26,46,50,1,1956,0.8712694877505568,1976.0,2225.0,0.8880898876404495,-0.37175317290621024,0.6219221671292416,0.7245602828837412
19,1,26,26,47,51,1,598,0.8271092669432918,607.0,714.0,0.8501400560224089,0.5927484667672616,-0.2969279968988303,0.6629607682188224
19,1,29,29,48,52,1,44695,0.8489562558170456,44718.0,52624.0,0.8497643660687139,6.396851154706155,-3.0034557919675535,7.066855834794489
19,1,29,29,49,53,1,259140,0.973069182012076,261226.0,264226.0,0.9886460832771945,-1.4012414652029292,8.354096915203172,8.470797655027017
19,1,29,29,50,54,1,1792,0.8381665107577175,1813.0,2117.0,0.8564005668398678,0.30483301594699697,-0.6801273331403195,0.7453162797738321
19,1,43,17,51,39,0,39,0.0003681398553871132,12847.0,93130.0,0.13794695586814132,-113.60603072557433,-362.59143650873057,379.9722095715487
19,1,43,43,51,55,1,12216,0.9258753979081401,12847.0,12563.0,0.9778936716743208,2.697976684936748,-0.176643887764385,2.7037531794797394
19,1,46,46,52,56,1,196,0.24287484510532836,673.0,330.0,0.4903417533432392,-13.143635463100509,-9.035683731820427,15.949881933367333
19,1,46,46,52,57,1,386,0.5338865836791148,673.0,436.0,0.6478454680534919,3.9909211118228995,5.849567866734105,7.081306062325079
19,1,46,46,53,59,1,2818,0.7599784250269687,3457.0,3069.0,0.8877639571883136,-3.059117305163454,-3.8807640260888547,4.941510711607928
19,1,46,46,54,60,1,476,0.8013468013468014,568.0,502.0,0.8838028169014085,0.0342924078336182,0.8669827731328041,0.8676607045061303
19,1,46,46,55,61,1,524,0.891156462585034,556.0,556.0,1.0,-0.2284172661870798,-0.23201438848946054,0.32558428088364094
19,1,46,46,56,62,1,502,0.5947867298578199,840.0,506.0,0.6023809523809524,0.03434029738355093,-4.934504987766104,4.934624477132272
19,1,46,46,58,63,1,3924,0.6751548520302821,5311.0,4425.0,0.8331764262850687,5.315371508020235,-22.177370620830516,22.80545859924658
19,1,46,46,59,64,1,471,0.7136363636363636,655.0,476.0,0.7267175572519083,1.6218006286485434,0.880608121111436,1.8454560254994494
19,1,48,15,60,31,0,389,0.008518932177036113,8055.0,37997.0,0.2119904202963392,-0.8136421433641772,-108.91271773603876,108.91575688663009
19,1,48,48,60,65,1,2268,0.2804847885233737,8055.0,2299.0,0.2854127870887647,-68.11547616444022,55.19529463731965,87.67119620039955
19,1,48,48,60,66,1,3518,0.4215192906781692,8055.0,3809.0,0.4728739913097455,59.762857253207585,-52.55330198218826,79.58296712424297
19,1,48,15,61,31,0,206,0.00415347702482005,11806.0,37997.0,0.31070874016369715,-77.46202400645097,167.67492523984708,184.7031286074069
19,1,48,48,61,67,1,10869,0.8943470747963466,11806.0,11216.0,0.9500254108080637,2.1675972383300177,-3.699436026266767,4.2876922347641
19,1,48,48,62,68,1,440,0.5472636815920398,442.0,802.0,0.5511221945137157,-1.0838514573297289,1.8171031696776936,2.115797228188112
19,1,53,53,63,69,1,2122,0.7477096546863988,2838.0,2122.0,0.7477096546863988,0.30649114382097764,-1.4045427645146447,1.437594239899121
19,1,53,53,64,70,1,1059,0.6329946204423191,1662.0,1070.0,0.6438026474127557,-1.2880731468673048,1.894007895003142,2.290501765555939
19,1,53,54,64,73,0,160,0.004091862308833308,1662.0,37600.0,0.044202127659574465,122.51662013211461,-144.59204201551574,189.5182862491468
19,1,53,53,65,71,1,1232,0.6802871341800111,1811.0,1232.0,0.6802871341800111,-1.8348673689645238,-0.5392021699999532,1.9124531999041054
19,1,53,53,66,72,1,777,0.8491803278688524,899.0,793.0,0.882091212458287,1.5973471995646378,0.35173311525886675,1.635614337283303
19,1,54,3,67,5,0,720,0.008912435322951997,37124.0,44382.0,0.8364652336532828,101.4757247979581,-243.57228472011684,263.86508031008685
19,1,54,54,67,73,1,35939,0.9266211164109837,37124.0,37600.0,0.9873404255319149,-4.2407360324341425,6.556243056621952,7.808211390215356
19,1,55,55,68,74,1,14824,0.729419869113812,20052.0,15095.0,0.7527927388789148,-1.9474842421959693,28.461359435325676,28.527910469931083
19,1,55,55,69,75,1,34079,0.9020381154049761,34581.0,37278.0,0.9276516980524706,2.281800567854816,-3.86501764311879,4.48831540926906
19,1,55,55,71,76,1,5570,0.800057454754381,5923.0,6609.0,0.8962021485852625,2.6777482559953114,11.820103110204855,12.119619352865849
19,1,55,55,72,77,1,41336,0.8746693751454749,41347.0,47248.0,0.8751058245851676,-0.2902252227072495,1.5074083649133172,1.5350930455533023
19,1,55,55,73,78,1,233522,0.9449358637154534,238551.0,242101.0,0.9853366983201226,-7.334862833665284,18.532933940120756,19.931629467195204
19,1,55,55,74,79,1,125,0.3980891719745223,125.0,314.0,0.3980891719745223,2.268025477706942,0.8062675159235368,2.407074339267758
19,1,55,55,75,78,1,478,0.0019742195018193384,498.0,242101.0,0.0020569927426982953,-438.1903387130624,706.5973571320901,831.4388721051733
19,1,999,999,76,80,1,26238,0.9315817503994319,27223.0,27180.0,0.9984204532931712,-1.93096460252508,4.583424309244492,4.973570417193084
20,1,1,1,1,1,1,27096,0.9154054054054054,29518.0,27178.0,0.9207263364726608,-4.16566969760094,12.5483155167326,13.221687726496299
20,1,2,2,3,2,1,52815,0.9562218239096193,54123.0,53925.0,0.9963416662047558,1.1961204095025266,-1.2714824865640821,1.745672291029354
20,1,2,2,4,3,1,2475,0.6806930693069307,3560.0,2551.0,0.7165730337078652,-15.196617431366406,-1.857182466448421,15.309680207927032
20,1,3,3,5,4,1,42862,0.9355859690480868,44382.0,44293.0,0.9979946825289532,-2.4213591585464656,2.6845642740290714,3.6152268969001216
20,1,3,54,5,70,0,27,0.0003322586202653147,44382.0,36907.0,0.8315758640890452,-109.16318926771226,254.02246956198496,276.48511159458104
20,1,4,4,6,5,1,107499,0.9487745249463827,110837.0,109965.0,0.9921325911022493,-5.586840070943936,11.414358998988064,12.708279715842135
20,1,4,4,7,6,1,4834,0.8927054478301015,5048.0,5201.0,0.9705825802730245,-2.3096324506045676,0.37638760192112386,2.340100357626911
20,1,4,4,8,7,1,269,0.6775818639798489,393.0,273.0,0.6946564885496184,0.12736627240451526,1.9798954226434944,1.9839879162814682
20,1,5,5,9,8,1,864,0.779783393501805,985.0,987.0,0.9979736575481256,-1.8325983984694858,-1.9816353715046944,2.6991286808285877
20,1,5,5,10,9,1,255,0.7244318181818182,333.0,274.0,0.8228228228228228,0.012461366476031799,0.39214396878628577,0.39234191454636785
20,1,5,5,11,10,1,42083,0.954804310833806,43651.0,42507.0,0.9737921238917779,1.9801169179681892,-2.164826259721849,2.9338261270234014
20,1,5,5,11,11,1,161,0.0036838733296723413,43651.0,214.0,0.00490252227898559,-97.16346800889039,41.23664197563642,105.55188372047884
20,1,6,6,14,12,1,50351,0.947248612548208,51438.0,52068.0,0.9879004378889145,-2.1021923492794485,6.840330423814521,7.156069660108933
20,1,6,6,15,13,1,4316,0.6928881040295393,6229.0,4316.0,0.6928881040295393,-2.9018733342547876,-3.0016421069138914,4.175011878552858
20,1,6,6,16,14,1,471,0.7190839694656489,600.0,526.0,0.8766666666666667,1.1229657794676768,-2.4447084917617303,2.690288414194166
20,1,8,8,17,15,1,36042,0.9065345339302782,37292.0,38508.0,0.9684221460475745,6.6804086121435375,-0.2806385822855759,6.686300714077165
20,1,8,8,18,15,1,1874,0.04854042013106431,1973.0,38508.0,0.05123610678300613,-113.17595115602148,57.11141967669806,126.76951596325551
20,1,8,8,19,16,1,2293,0.9231078904991948,2328.0,2449.0,0.9505920783993467,-0.5237910066384757,-0.8858293377337532,1.02910185804184
20,1,10,10,20,17,1,30758,0.947041073957756,31493.0,31743.0,0.9921242478656712,0.14764914428042175,3.642444850371419,3.645436154673952
20,1,12,12,21,18,1,211511,0.976892949185734,214192.0,213833.0,0.9983239336669903,-1.0667391584070174,3.477651691040137,3.637580750481457
20,1,12,12,22,19,1,514,0.7871362940275651,541.0,626.0,0.8642172523961661,-0.6977730271123619,1.3418412240969246,1.5124235742844931
20,1,12,12,23,20,1,134,0.7657142857142857,154.0,155.0,0.9935483870967742,1.2916631755342678,-0.341851696690469,1.336134851563053
20,1,12,12,24,21,1,295,0.7525510204081632,314.0,373.0,0.8418230563002681,1.4737624015983783,0.16680043032056346,1.4831716016429606
20,1,13,13,25,23,1,105715,0.9629012278208912,109015.0,106488.0,0.9768197037104985,-1.7266493545084813,7.425692143924607,7.62379313791817
20,1,13,13,26,24,1,220,0.7432432432432432,285.0,231.0,0.8105263157894737,0.3871952608792526,0.014126224652500241,0.3874528619977989
20,1,14,14,27,25,1,73511,0.9438039235825801,74976.0,76423.0,0.9810659094775133,0.10575041725496703,5.536295483372555,5.537305376260276
20,1,14,14,28,25,1,188,0.002459992410661712,188.0,76423.0,0.002459992410661712,103.07688784789934,33.73524992893704,108.45695872638262
20,1,14,14,29,26,1,62,0.6019417475728155,97.0,68.0,0.7010309278350515,-0.15994542146745516,-1.44617950272891,1.4549974886444441
20,1,15,14,31,25,0,51,0.0004459250321328332,37997.0,76423.0,0.4971932533399631,-184.55900445938823,88.97343684626924,204.8860624622318
20,1,15,15,31,27,1,36420,0.9377655328681412,37997.0,37260.0,0.980603731873569,3.490463033560445,-5.746778421117483,6.723748538581253
20,1,15,48,31,66,0,50,0.0012516584474428617,37997.0,2000.0,0.05263573440008422,-70.70989230728765,161.6625060662684,176.45014802412177
20,1,15,48,31,67,0,19,0.0004630306575035337,37997.0,3056.0,0.08042740216332868,71.3428380592045,44.395665752132345,84.02842185782697
20,1,16,16,32,28,1,97677,0.9661997744673274,98745.0,100026.0,0.9871933297342691,-0.9374195584737208,5.830780566701833,5.905654700847046
20,1,16,16,33,29,1,1184,0.8592162554426706,1304.0,1258.0,0.9647239263803681,-0.2690376681266571,-1.6739139446194713,1.6953964612628363
20,1,16,16,34,30,1,214,0.8106060606060606,224.0,254.0,0.8818897637795275,0.4214004499440307,-0.0024957817772701674,0.42140784062438996
20,1,16,16,35,31,1,763,0.7546983184965381,989.0,785.0,0.7937310414560161,-1.5645707882245006,-0.10095895616109374,1.5678247549374174
20,1,16,16,36,33,1,2810,0.8079355951696378,3279.0,3009.0,0.9176578225068619,8.079610208715167,-0.8224743275509354,8.121364734098247
20,1,16,26,36,50,0,20,0.0035511363636363635,3279.0,2373.0,0.7236962488563586,-18.00654010561766,-33.21440851235434,37.78137662130343
20,1,16,16,37,32,1,510,0.8471760797342193,560.0,552.0,0.9857142857142858,1.303105590062387,1.2331262939960652,1.7940692951489672
20,1,17,17,39,34,1,89751,0.9353934340802501,93130.0,92571.0,0.9939976377107269,-1.5864701446121217,8.305390672803469,8.455554490844257
20,1,17,17,39,37,1,472,0.005066225876392675,93130.0,508.0,0.005454740685063889,49.24270315560943,245.11132947678766,250.00881514848595
20,1,17,17,39,40,1,479,0.0051419676882615,93130.0,504.0,0.005411789971008268,124.48846930984018,-344.69410109439093,366.48520068398017
20,1,17,55,39,77,0,90,0.0002676715254005407,93130.0,243193.0,0.38294687758282514,-69.86054982278574,-245.09126295401268,254.8533374274995
20,1,17,17,40,35,1,279,0.8429003021148036,288.0,322.0,0.8944099378881988,0.9567374051071056,-0.6603045203587499,1.1624751704605465
20,1,17,17,41,36,1,671,0.746384872080089,740.0,830.0,0.891566265060241,3.530022793878288,-2.558173233474463,4.359508139431037
20,1,17,17,42,38,1,357,0.7212121212121212,371.0,481.0,0.7713097713097713,0.3827100996909394,-1.5243007884519102,1.5716106114685546
20,1,17,17,43,39,1,423,0.7356521739130435,575.0,423.0,0.7356521739130435,-1.164896700585814,-1.3813588241339403,1.806968877443222
20,1,23,23,44,43,1,38627,0.9371618506926753,40232.0,39612.0,0.9845893815867965,-3.944804314015528,4.292860677986027,5.830105820349591
20,1,23,23,45,44,1,411,0.7418772563176895,491.0,474.0,0.9653767820773931,-1.238366547216856,3.041910507274679,3.284322036514369
20,1,23,23,46,45,1,600,0.7263922518159807,817.0,609.0,0.7454100367197063,-0.4680104431085965,0.349321579811658,0.5840028604217768
20,1,24,24,47,46,1,10800,0.8655926905506132,11539.0,11738.0,0.9830465155903901,3.7817160575443722,-6.989218573219205,7.946732196577487
20,1,24,24,48,47,1,313,0.6849015317286652,382.0,388.0,0.9845360824742269,2.215374858314817,-2.565714902574655,3.3898051159538753
20,1,24,24,49,49,1,1277,0.7601190476190476,1340.0,1617.0,0.8286951144094001,-3.179465843325488,-1.9308443866013931,3.7198337454977164
20,1,26,26,50,50,1,2198,0.9158333333333334,2225.0,2373.0,0.9376316898440792,0.4131308683363386,0.16337561613090656,0.4442619793753349
20,1,26,26,51,51,1,711,0.8854296388542964,714.0,800.0,0.8925,0.7930567226890162,-0.7033088235295963,1.05999163518248
20,1,29,29,52,52,1,52295,0.9225870190356897,52624.0,56354.0,0.9338112645065124,2.007950407164799,-0.8692022210875621,2.188007618537201
20,1,29,29,53,53,1,260250,0.9675440553200981,264226.0,265004.0,0.9970641952574301,-1.668728903369356,2.5853199468180605,3.0770985327668066
20,1,29,29,53,54,1,470,0.0017779257280984139,264226.0,597.0,0.00225942942783829,223.86811072892397,-240.02216108308176,328.21878193109336
20,1,29,29,54,53,1,2017,0.007608334842175146,2117.0,265004.0,0.00798855866326546,140.0505786431495,167.93303257917506,218.66794005870926
20,1,43,17,55,34,0,122,0.0011617719879632804,12563.0,92571.0,0.13571204804960516,-117.8904775551232,-354.1094019481627,373.21794336052557
20,1,43,43,55,56,1,11446,0.882838411106826,12563.0,11848.0,0.9430868423147337,8.299810548354344,0.2765855832719808,8.304417783532324
20,1,46,46,56,57,1,324,0.3604004449388209,330.0,893.0,0.36954087346024633,9.74281448301599,8.9029658284976,13.197925389767216
20,1,46,46,57,57,1,405,0.4383116883116883,436.0,893.0,0.48824188129899215,-7.3917420919074175,-5.982285770056933,9.509237308422874
20,1,46,46,58,58,1,372,0.8017241379310345,421.0,415.0,0.9857482185273159,-2.839721832698615,0.7774375411386245,2.944219627928061
20,1,46,46,59,59,1,2646,0.8134030126037504,3069.0,2830.0,0.9221244705115673,-2.204862370426781,-2.506107697284733,3.3379625316821326
20,1,46,46,60,60,1,448,0.8452830188679246,502.0,476.0,0.9482071713147411,-1.1810405437076952,-0.513508989253296,1.2878463603727388
20,1,46,46,61,61,1,445,0.7960644007155635,556.0,448.0,0.8057553956834532,-0.5953719167523559,0.005845323741141328,0.5954006105699027
20,1,46,46,62,62,1,401,0.7771317829457365,506.0,411.0,0.8122529644268774,-1.9430820422567194,-0.7699527807430968,2.090070598691482
20,1,46,46,63,63,1,2910,0.6402640264026402,4425.0,3030.0,0.6847457627118644,-3.0842837165073433,-21.045688873972267,21.27049191306944
20,1,46,46,63,65,1,1017,0.22554890219560877,4425.0,1101.0,0.2488135593220339,9.314600286334553,51.54524915716047,52.38009630735644
20,1,46,46,64,64,1,319,0.6701680672268907,476.0,319.0,0.6701680672268907,-0.22418403097890405,-0.6624693764656513,0.6993741162644919
20,1,48,48,65,66,1,1861,0.7633305988515177,2299.0,2000.0,0.8699434536755111,-3.408058286211599,-2.4455063070899996,4.194682631645987
20,1,48,15,66,27,0,13,0.0003166406858924396,3809.0,37260.0,0.10222758990874933,-57.08603636301132,-62.10619417496798,84.35635662199901
20,1,48,48,66,67,1,2972,0.7634215258155664,3809.0,3056.0,0.8023103176686794,10.766338662632734,-11.963750001718154,16.09488621587961
20,1,48,15,67,27,0,35,0.0007225284366548998,11216.0,37260.0,0.3010198604401503,-76.13915821122055,165.62758284499637,182.2900644911549
20,1,48,48,67,68,1,10759,0.9369502743185578,11216.0,11026.0,0.9830599144079886,1.1582121870933406,-0.4789946302514636,1.2533520359983765
20,1,48,48,68,69,1,748,0.8519362186788155,802.0,824.0,0.9733009708737864,-0.5020609883058569,-0.5995296951795126,0.7819853524080186
20,1,54,3,73,4,0,534,0.0065635025012598484,37600.0,44293.0,0.8488926015397467,103.29510167184577,-247.44396350270972,268.13875718240973
20,1,54,54,73,70,1,36195,0.9447431614115682,37600.0,36907.0,0.9815691489361702,-3.4467284373200187,3.89394178524617,5.20026148837889
20,1,55,55,74,71,1,10502,0.690512196725623,15095.0,10616.0,0.7032792315336204,-9.662217984914832,20.39069793593103,22.564109082842016
20,1,55,55,74,72,1,1199,0.07908970976253298,15095.0,1264.0,0.08373633653527658,-11.222598542563674,-103.63672484601739,104.24258944815536
20,1,55,55,74,74,1,1265,0.08362530574469491,15095.0,1297.0,0.08592249089102352,76.7503197303738,-55.573775903472324,94.75788171378657
20,1,55,55,75,73,1,36730,0.9368464010610621,37278.0,38658.0,0.9643023436287443,2.04316192867509,-2.5580228787521264,3.2738344055566753
20,1,55,55,76,75,1,6213,0.8922878069797501,6609.0,6567.0,0.9936450295052202,2.553609392787166,2.8793553041484756,3.8485851813957295
20,1,55,55,77,76,1,47041,0.9123899297878117,47248.0,51351.0,0.9200989269926584,1.6143631604525126,0.607848089887284,1.7250065838152169
20,1,55,55,78,77,1,237548,0.958836873249215,242101.0,243193.0,0.9955097391783481,-6.377101723828218,14.489894854147792,15.83112375292138
20,1,55,55,79,78,1,314,0.6193293885601578,314.0,507.0,0.6193293885601578,1.0457417806755984,-0.2899282654304898,1.0851885877330743
20,1,999,999,80,79,1,26669,0.9633014267653964,27180.0,27174.0,0.9997792494481236,-1.1619707417377754,2.2006016009008817,2.4885384084924547
21,1,1,1,1,1,1,24074,0.8746548466792617,27178.0,24420.0,0.8985208624622857,-1.3268832604103835,16.467771046088274,16.521141074790826
21,1,2,2,2,2,1,52703,0.9589861164182907,53925.0,53735.0,0.9964765878535002,2.082752032793337,1.0810807565881078,2.3466127998393542
21,1,2,2,3,3,1,2339,0.8090626080940851,2551.0,2679.0,0.952220977976857,-0.9212926767990552,-0.20151229220300593,0.9430733800889929
21,1,3,3,4,4,1,42681,0.932612258275975,44293.0,44153.0,0.996839229675118,-3.521620988621862,5.154382329217697,6.2425532903815615
21,1,3,54,4,72,0,14,0.00017134394849890462,44293.0,37428.0,0.8450093694263202,-109.14679190148382,255.04061055725333,277.41437456592325
21,1,4,4,5,5,1,106310,0.9475129011845025,109965.0,108544.0,0.987077706542991,-2.774532134648439,9.723255425641582,10.111366111385014
21,1,4,4,6,6,1,4754,0.8409693967804706,5201.0,5206.0,0.9990395697272378,-4.009255438110813,0.03818372349701349,4.009437262853881
21,1,4,4,7,7,1,163,0.5800711743772242,273.0,171.0,0.6263736263736264,1.3058286742495966,3.7247606194976015,3.9470280210625073
21,1,5,5,8,8,1,876,0.8248587570621468,987.0,951.0,0.9635258358662614,-1.699295893939734,-1.0384909182143929,1.9914994156098094
21,1,5,5,9,9,1,126,0.45985401459854014,274.0,126.0,0.45985401459854014,-2.027690881705553,0.6308075541652158,2.1235462043816575
21,1,5,5,10,10,1,40085,0.932100918497849,42507.0,40583.0,0.9547368668689863,4.651618672272889,-3.129999293631016,5.6066435458631085
21,1,5,5,10,11,1,429,0.010073496606945781,42507.0,509.0,0.011974498317924107,-138.6425658864091,86.76074884788417,163.55179184653687
21,1,5,5,11,12,1,188,0.5465116279069767,214.0,318.0,0.6729559748427673,-2.5316816552048067,2.1871216128842548,3.3455811083944704
21,1,6,6,12,13,1,51642,0.9542128603104213,52068.0,53694.0,0.9697172868476924,-1.3242439940727309,3.492585733297574,3.7352077934529224
21,1,6,6,13,14,1,3610,0.7746781115879828,4316.0,3954.0,0.9161260426320668,6.113767899894356,1.201530646925221,6.2307169594902305
21,1,6,6,14,15,1,352,0.6365280289330922,526.0,379.0,0.720532319391635,1.1388284157831094,-0.8462985442980653,1.4188556609733392
21,1,8,8,15,16,1,36630,0.9272478736330498,38508.0,37626.0,0.9770956684325335,2.5418554227030654,3.2544361095260115,4.129453157612008
21,1,8,8,16,17,1,2338,0.8573524019068574,2449.0,2616.0,0.9361620795107034,1.1657366858842124,-1.6385409135351665,2.0109098304362045
21,1,10,10,17,18,1,30490,0.9264661197204497,31743.0,31657.0,0.9972907412657909,0.7437570651582064,4.444734959363643,4.506533416159485
21,1,12,12,18,20,1,210754,0.961276021236613,213833.0,216165.0,0.9892119445793722,-0.8053999864487196,10.038087203594273,10.070345765917608
21,1,12,12,19,21,1,509,0.7940717628705148,626.0,524.0,0.8370607028753994,1.7225081091628454,1.7081615979318485,2.4258710251744313
21,1,12,12,20,20,1,144,0.0006661238990452224,155.0,216165.0,0.0007170448499988435,105.61213902462487,87.88086743773238,137.39348882303332
21,1,12,12,21,22,1,345,0.8023255813953488,373.0,402.0,0.927860696517413,1.0690648633508317,-1.4218785429421814,1.7789430212715396
21,1,12,12,22,23,1,166,0.7579908675799086,168.0,217.0,0.7741935483870968,-0.013440860215268913,1.2292626728110463,1.2293361523561748
21,1,13,13,23,24,1,102061,0.9357470958750882,106488.0,104642.0,0.9826647133949366,-3.217599812654953,15.467926332774823,15.799040907300228
21,1,13,13,24,25,1,161,0.3888888888888889,231.0,344.0,0.6715116279069767,0.4237390516459527,-5.156058089197359,5.173440808887962
21,1,14,14,25,26,1,75120,0.9355501587894639,76423.0,78992.0,0.9674777192627102,0.477104961499208,7.434187105354681,7.449480992774529
21,1,15,14,27,26,0,128,0.0011022699872550033,37260.0,78992.0,0.47169333603402874,-187.57236253144947,102.1544023727414,213.58584482535696
21,1,15,15,27,27,1,36457,0.9525762959866221,37260.0,37469.0,0.9944220555659345,3.6600814468965837,-3.1573175302820573,4.833720118598405
21,1,16,16,28,28,1,97724,0.9485925063094545,100026.0,100718.0,0.993129331400544,-0.14554163910815987,11.03442036780757,11.035380157575037
21,1,16,16,28,30,1,550,0.005493572520151423,100026.0,641.0,0.006408333833203367,-71.36194768767291,-256.57148977459315,266.31082768624395
21,1,16,16,29,29,1,1073,0.8389366692728695,1258.0,1094.0,0.8696343402225755,-0.40849931553202623,-1.3919907110037002,1.4506928793892664
21,1,16,16,30,31,1,235,0.8303886925795053,254.0,264.0,0.9621212121212122,0.7252445717012961,-0.6269685039369506,0.9586809655516971
21,1,16,16,31,32,1,108,0.13584905660377358,785.0,118.0,0.1503184713375796,-13.074587066825188,21.831177804167055,25.446908481879458
21,1,16,16,31,33,1,164,0.20759493670886076,785.0,169.0,0.21528662420382166,9.192537594693476,6.779828892322712,11.422295182625371
21,1,16,16,31,34,1,106,0.13503184713375796,785.0,106.0,0.13503184713375796,3.1420742699192488,-18.71615190481907,18.978065571652742
21,1,16,16,32,35,1,398,0.6745762711864407,552.0,436.0,0.7898550724637681,3.1541683286795887,1.2751961175374618,3.402190909374135
21,1,16,16,33,36,1,2491,0.7455851541454654,3009.0,2823.0,0.938185443668993,9.762839360063936,-1.5550493401128733,9.88590971133153
21,1,16,26,33,52,0,104,0.01888848528877588,3009.0,2601.0,0.864406779661017,-27.633680657374043,-30.87376432793144,41.43440153363362
21,1,17,17,34,37,1,90686,0.9498800682929895,92571.0,93586.0,0.9891543606949758,-0.6155372872526641,6.6459758258081365,6.674419887093148
21,1,17,55,34,79,0,31,9.226767149137298e-05,92571.0,243439.0,0.38026363894035053,-79.42642941459144,-228.5478805718733,241.95596996860056
21,1,17,17,35,38,1,312,0.8342245989304813,322.0,364.0,0.8846153846153846,-0.5258002866698916,-0.7882226469182569,0.9475024446284893
21,1,17,17,36,40,1,714,0.7571580063626723,830.0,827.0,0.9963855421686747,4.1905595780949625,-1.0142261913433686,4.311547789920727
21,1,17,17,37,39,1,334,0.626641651031895,508.0,359.0,0.7066929133858267,2.7068628956199063,2.8985973724036285,3.9659769871986152
21,1,17,17,38,41,1,457,0.7479541734860884,481.0,587.0,0.8194207836456558,0.2759866405522189,-0.5015743039591598,0.5724905310617944
21,1,17,17,40,42,1,420,0.7526881720430108,504.0,474.0,0.9404761904761905,-2.6458458910992704,-0.1122161944946356,2.6482244908152612
21,1,17,17,41,43,1,126,0.5338983050847458,126.0,236.0,0.5338983050847458,-1.4942157654022594,1.3137610976593805,1.9896353875270314
21,1,17,17,42,44,1,192,0.514745308310992,192.0,373.0,0.514745308310992,0.10651251117042193,0.23551999553171754,0.25848517042780134
21,1,23,23,43,45,1,37947,0.9239365975992793,39612.0,39406.0,0.9947995556901948,-5.779214219680853,6.700055599201278,8.848167156499123
21,1,23,23,44,46,1,387,0.780241935483871,474.0,409.0,0.8628691983122363,0.6318900683977517,2.022087421208198,2.118518963225993
21,1,23,23,45,47,1,501,0.7672281776416539,609.0,545.0,0.8949096880131363,-0.6023229538573105,-1.691378557117332,1.7954259562064108
21,1,24,24,46,48,1,9704,0.7422932762181595,11738.0,11039.0,0.9404498210938831,4.084956037541133,-25.340468267442247,25.667609897337368
21,1,24,24,46,49,1,559,0.047405020352781546,11738.0,613.0,0.05222354745271767,50.02021390350569,48.440870089949385,69.6314562107085
21,1,24,24,47,48,1,172,0.01528209684584629,388.0,11039.0,0.03514811124196032,7.605924589762935,95.80697162730439,96.10840702696237
21,1,24,24,48,50,1,383,0.6118210862619808,390.0,619.0,0.630048465266559,2.3416345636055667,1.8994697816992812,3.0151679689630804
21,1,24,24,49,51,1,1574,0.8038815117466803,1617.0,1915.0,0.8443864229765013,-0.09902875937905264,1.5971142124071775,1.600181396797611
21,1,26,26,50,52,1,2338,0.8869499241274659,2373.0,2601.0,0.9123414071510957,-1.5475303430412168,1.518169856871964,2.167876813139507
21,1,26,26,51,53,1,757,0.8373893805309734,800.0,861.0,0.9291521486643438,2.020497967479969,0.3152511614403011,2.04494384553223
21,1,29,29,52,54,1,56211,0.86128646727139,56354.0,65121.0,0.8653736889789776,7.326474482379126,-8.318071502459588,11.084563223735195
21,1,29,29,53,55,1,261060,0.970598732934773,265004.0,265024.0,0.9999245351364405,-1.2494653695837314,6.834091462431843,6.9473714328998435
21,1,29,29,54,58,1,409,0.6032448377581121,597.0,490.0,0.8207705192629816,5.193573308720488,1.8325129046593531,5.507386608800669
21,1,29,29,55,57,1,239,0.6927536231884058,239.0,345.0,0.6927536231884058,-0.26079679825352287,0.019246861924671066,0.2615060451944392
21,1,43,17,56,37,0,96,0.0009113520287075889,11848.0,93586.0,0.12660013249845062,-126.8058253907302,-347.74001170562656,370.13893755460754
21,1,43,43,56,59,1,10807,0.8785464596374278,11848.0,11260.0,0.9503713706954761,7.527500740582582,0.9903488893660324,7.592368426396328
21,1,46,46,57,60,1,769,0.7531831537708129,893.0,897.0,0.9955406911928651,-0.6480541708647252,-1.609715600464824,1.735269005876321
21,1,46,46,58,61,1,347,0.7762863534675615,415.0,379.0,0.9132530120481928,0.6750993419586848,0.015322503735205828,0.6752732044393326
21,1,46,46,59,62,1,2062,0.6712239583333334,2830.0,2304.0,0.8141342756183746,-6.909849516588565,-2.249331014429117,7.266740008722753
21,1,46,46,60,63,1,400,0.7827788649706457,476.0,435.0,0.9138655462184874,1.1716024340771583,1.9789529604945528,2.299762397158819
21,1,46,46,61,64,1,441,0.8563106796116505,448.0,508.0,0.8818897637795275,0.9947799493811544,-0.7760826771655047,1.2617018148069492
21,1,46,46,62,65,1,374,0.8717948717948718,411.0,392.0,0.9537712895377128,0.5748982074578635,-0.028365360742554913,0.5755975526601202
21,1,46,46,63,66,1,2651,0.8139392078599939,3030.0,2878.0,0.9498349834983498,0.36323033276221395,-3.746727077155356,3.764292770936881
21,1,46,46,65,67,1,372,0.31767719897523483,1101.0,442.0,0.4014532243415077,10.499356816715135,-14.188705454933825,17.650944905346325
21,1,48,48,66,68,1,1600,0.7740686985970004,2000.0,1667.0,0.8335,0.5892969406118027,-2.4456946610678187,2.515689420296167
21,1,48,15,67,27,0,123,0.0030444037423889908,3056.0,37469.0,0.08156075689236436,-64.19229357874747,-53.299761703531885,83.43569471487241
21,1,48,48,67,69,1,2606,0.7460635556827941,3056.0,3043.0,0.9957460732984293,-1.9803734818387966,3.869036502108429,4.346414911420417
21,1,48,15,68,27,0,103,0.0021284509836336585,11026.0,37469.0,0.2942699298086418,-73.6372889514173,162.94925994496577,178.81530035409875
21,1,48,48,68,70,1,10384,0.8704107292539816,11026.0,11288.0,0.9767895109851169,3.2059695124326026,-3.7403102556511385,4.9262725587584395
21,1,48,48,69,71,1,686,0.6533333333333333,824.0,912.0,0.9035087719298246,4.005908277976687,6.3023122125702,7.467693108067151
21,1,54,3,70,4,0,379,0.004697512425478117,36907.0,44153.0,0.8358888410753517,103.22020912054393,-246.1835229587382,266.94707068492886
21,1,54,54,70,72,1,35969,0.9375228066517228,36907.0,37428.0,0.986079940151758,-2.4049617923180335,3.7027052692974394,4.415186013498479
21,1,55,55,71,73,1,9450,0.852734163508392,10616.0,9916.0,0.9340617935192163,1.5654262192772421,3.552269736472226,3.8819041112136063
21,1,55,55,72,74,1,897,0.6518895348837209,1264.0,1009.0,0.7982594936708861,0.12772547076315277,3.4175325551052538,3.419918502111697
21,1,55,55,73,75,1,38146,0.919114280895357,38658.0,40991.0,0.9430850674538314,2.7026496369458073,-2.409146282152051,3.6205387539550453
21,1,55,55,74,76,1,1085,0.8133433283358321,1297.0,1122.0,0.8650732459521974,1.7175897484528377,-1.0674743718191166,2.022279920901382
21,1,55,55,75,77,1,6166,0.8778473804100227,6567.0,6623.0,0.9915446172429413,3.046292319305394,1.219707241407832,3.2813994955509056
21,1,55,55,76,78,1,50455,0.8810484223025478,51351.0,56371.0,0.910947118199074,-1.8554141431079643,0.08086930978788587,1.857175674972788
21,1,55,55,77,79,1,235172,0.9352262785333652,243193.0,243439.0,0.9989894799107785,-11.152349736417818,24.848773054942853,27.23667430101246
21,1,55,55,77,81,1,373,0.0015332757841081926,243193.0,450.0,0.0018503822067247,440.224495323102,-748.0876000451401,868.0049905523455
21,1,55,55,77,82,1,183,0.0007523248069855208,243193.0,236.0,0.0009704226684156206,445.835870087697,-709.7284098379839,838.1432089971303
21,1,55,55,78,80,1,481,0.5699052132701422,507.0,818.0,0.6198044009779952,1.3499491230354579,3.1347805539079445,3.413094161599355
21,1,999,999,79,83,1,26378,0.8668989088996977,27174.0,29632.0,0.9170491360691144,-4.929183646374781,1.644483341972773,5.196265666968398
22,1,1,1,1,1,1,21872,0.8773365423184918,24420.0,22382.0,0.9165438165438166,-3.1397340322101286,14.442440053801874,14.779783641876467
22,1,2,2,2,2,1,52697,0.9630827713507685,53735.0,53679.0,0.9989578487019634,-0.3309069616924205,0.7714803366941396,0.8394529928484454
22,1,2,2,3,3,1,2386,0.8524473026080743,2679.0,2506.0,0.9354236655468459,-3.4480975408924905,0.340835149802615,3.4649019107111547
22,1,3,3,4,4,1,41873,0.9103419788247059,44153.0,43717.0,0.9901252463026295,-3.880765096901996,8.272042689753107,9.137123617333334
22,1,3,3,4,5,1,770,0.01741214779973769,44153.0,839.0,0.01900210631214187,-11.660438117352669,-130.25712932279293,130.77800104185494
22,1,3,54,4,74,0,31,0.00038129912301201706,44153.0,37179.0,0.842049237877381,-110.31575371341194,253.34172595266,276.3179249090273
22,1,4,4,5,6,1,101545,0.9199416571542461,108544.0,103383.0,0.9524524616745284,-8.51122408953745,17.337386206663496,19.31387832573583
22,1,4,4,5,7,1,3570,0.03287565267839876,108544.0,3617.0,0.0333228920990566,109.78716922161664,-298.60048824864725,318.14379470300287
22,1,4,4,6,8,1,4857,0.8726194753862738,5206.0,5217.0,0.9978915085298063,-3.1736826862091903,0.2825964732603552,3.1862395640383308
22,1,4,4,7,9,1,82,0.4581005586592179,171.0,90.0,0.5263157894736842,-1.7479532163742988,0.8549707602337548,1.9458456895365421
22,1,5,5,8,10,1,836,0.8116504854368932,951.0,915.0,0.9621451104100947,-3.592573822206191,-0.9497164330902592,3.7159854643530137
22,1,5,5,10,11,1,38616,0.9432570409633846,40583.0,38972.0,0.9603035753887096,-1.4841957439830367,-0.4056934425589418,1.5386436155889658
22,1,5,5,11,12,1,383,0.746588693957115,509.0,387.0,0.7603143418467584,-1.0988359401573007,-1.329830492986673,1.7250766833560056
22,1,5,5,12,13,1,256,0.5089463220675944,318.0,441.0,0.7210884353741497,-4.384439310315315,4.273905788730588,6.122873406888555
22,1,6,6,13,14,1,51571,0.9201712909269337,53694.0,53922.0,0.9957716701902748,-3.990494605284539,11.168137100763033,11.859651491348503
22,1,6,6,14,15,1,3295,0.818226967966228,3954.0,3368.0,0.8517956499747091,-0.6229273221622407,-1.7197867519225838,1.8291268192185721
22,1,6,6,15,16,1,288,0.732824427480916,379.0,302.0,0.7968337730870713,-1.5983504866414933,0.21953904488987064,1.6133572668129819
22,1,8,8,16,17,1,36601,0.8745131770721334,37626.0,40828.0,0.9215734299990203,7.2228202980320475,3.158711333296935,7.883310874547715
22,1,8,8,17,17,1,2554,0.062460259232086084,2616.0,40828.0,0.06407367492897031,-106.24392251644758,10.055625164597416,106.71872689051254
22,1,10,10,18,18,1,30897,0.9163354884631354,31657.0,32958.0,0.9605255173250804,-3.351018899187693,9.23656020932222,9.825648689178117
22,1,10,10,19,18,1,173,0.005248945659759094,174.0,32958.0,0.005279446568359731,53.111424990217074,-192.99796292459996,200.17251848727068
22,1,12,12,20,19,1,212593,0.9687007317895581,216165.0,215890.0,0.9987278236532279,-2.5595701387373992,5.640514418918087,6.194094139189284
22,1,12,12,21,20,1,482,0.8183361629881154,524.0,547.0,0.9579524680073126,-0.9251294360637985,0.8825481111405225,1.2785756301249551
22,1,12,12,22,21,1,365,0.8093126385809313,402.0,414.0,0.9710144927536232,-0.9131155815125567,-1.6839353954862872,1.9155726249277456
22,1,12,12,23,22,1,213,0.6339285714285714,217.0,332.0,0.6536144578313253,-1.7061517961246864,-1.3346843595580822,2.166180115103188
22,1,13,13,24,23,1,98069,0.9252228878720694,104642.0,99422.0,0.9501156323464766,-6.886246706379552,19.541526759634053,20.71935476308606
22,1,13,13,25,24,1,317,0.7601918465227818,344.0,390.0,0.882051282051282,-1.6943351222416823,-1.6754770423376613,2.3828543442397594
22,1,14,14,26,25,1,77398,0.9519815010700844,78992.0,79708.0,0.9910172128268179,-0.4618690577049165,3.967826210594694,3.994617361393639
22,1,15,14,27,25,0,141,0.0012047575105095867,37469.0,79708.0,0.4700782857429618,-191.69431303605097,109.27954611361815,220.65522619952128
22,1,15,15,27,26,1,36257,0.951877133105802,37469.0,36878.0,0.984226960954389,0.8992294631366349,-3.6391543140202884,3.7486074412540824
22,1,15,48,27,69,0,37,0.0009357612544258978,37469.0,2108.0,0.05625984146894766,80.24297497696125,37.18460391520114,88.43997852489349
22,1,16,16,28,27,1,97982,0.9520857423260424,100718.0,100177.0,0.9946285668897318,-2.327999370818361,-1.7973661482656098,2.9411062785050524
22,1,16,16,29,28,1,926,0.7989646246764452,1094.0,991.0,0.9058500914076782,-2.7185639678496045,-1.3844158671183777,3.05076995862017
22,1,16,16,30,29,1,495,0.7568807339449541,641.0,508.0,0.7925117004680188,-1.6095053250951423,1.216980726473139,2.017808088029362
22,1,16,16,31,30,1,238,0.7041420118343196,264.0,312.0,0.8461538461538461,-1.2377622377621265,-1.2820512820512704,1.7820524254463483
22,1,16,16,32,31,1,67,0.5075757575757576,118.0,81.0,0.6864406779661016,-1.984829462230664,2.1835111948107624,2.9508082167438108
22,1,16,16,33,32,1,129,0.7087912087912088,169.0,142.0,0.8402366863905325,1.268564047003565,0.9882073506125835,1.6080449338108698
22,1,16,16,35,33,1,386,0.8635346756152126,436.0,397.0,0.9105504587155964,-0.19712638365717794,0.0854343354978937,0.2148437497711385
22,1,16,16,36,34,1,2706,0.7646227747951398,2823.0,3422.0,0.8249561659848043,5.490905153521908,-7.863264683334137,9.590671034142677
22,1,17,17,37,35,1,91239,0.9514766612438994,93586.0,93545.0,0.9995619002842305,-2.2839259733959807,5.084016646396776,5.573467781623242
22,1,17,17,37,41,1,273,0.0029147670855532186,93586.0,348.0,0.003718504904579745,176.39196825785166,-273.789693099297,325.69145293250506
22,1,17,17,38,36,1,359,0.7977777777777778,364.0,445.0,0.8179775280898877,-0.6406593406595675,-0.5644956167429882,0.8538733466366065
22,1,17,17,39,37,1,212,0.585635359116022,359.0,215.0,0.5988857938718662,-0.004793677528141416,1.4217011077282677,1.4217091893421903
22,1,17,17,40,39,1,630,0.7482185273159145,827.0,645.0,0.7799274486094316,-0.5493902496182272,-0.036180084924581024,0.5505802801778573
22,1,17,17,41,38,1,577,0.8058659217877095,587.0,706.0,0.8314447592067988,-1.4598428654849158,-1.262087920042859,1.9297686674379704
22,1,17,17,42,40,1,407,0.7386569872958257,474.0,484.0,0.9793388429752066,-3.376373051574319,-0.77578721623604,3.4643528671705117
22,1,17,17,43,35,1,189,0.0020194033678092144,236.0,93545.0,0.002522849965257363,-173.9782028227146,106.68556441158125,204.08386685683723
22,1,17,17,44,42,1,335,0.6620553359683794,373.0,468.0,0.7970085470085471,-2.875209092367186,0.933416970280291,3.0229281442399807
22,1,23,23,45,43,1,38022,0.9387221015208375,39406.0,39120.0,0.9927422219966503,-5.8720703572801085,4.513101371574521,7.406030939103317
22,1,23,23,46,44,1,292,0.6403508771929824,409.0,339.0,0.8288508557457213,-2.7344627878630945,-0.7579822720354059,2.83757358722694
22,1,23,23,47,45,1,213,0.3908256880733945,545.0,213.0,0.3908256880733945,0.5681871042770581,1.0460352328036606,1.1903891354231007
22,1,24,24,48,46,1,10275,0.7906278855032317,11039.0,12232.0,0.902468933943754,8.947728832391704,-14.150211093837697,16.74187340945395
22,1,24,24,49,47,1,510,0.827922077922078,613.0,513.0,0.8368678629690048,-1.0814197901859188,0.409127767760765,1.1562241534229698
22,1,24,24,50,46,1,606,0.04948958758677011,619.0,12232.0,0.05060497056899935,-65.24120609519127,50.73344724132585,82.6456147762458
22,1,24,24,51,48,1,1818,0.7638655462184873,1915.0,2283.0,0.838808585194919,-4.472499768409762,-0.5874932095441636,4.510920355059029
22,1,26,16,52,34,0,9,0.0014965081476554707,2601.0,3422.0,0.7600818234950322,42.88742517095989,21.45545030448443,47.95484944781794
22,1,26,26,52,51,1,2566,0.923353724361281,2601.0,2744.0,0.9478862973760933,-1.2904621232246427,0.7268893551820383,1.481101153248627
22,1,26,26,53,52,1,796,0.8300312825860271,861.0,894.0,0.9630872483221476,-1.9052490860481157,-0.7008356133417237,2.030060254478977
22,1,29,29,54,53,1,65010,0.9442402939766736,65121.0,68738.0,0.9473799063109197,0.33847922689790266,0.3139165919105835,0.4616403510506395
22,1,29,29,55,54,1,261571,0.972881998943696,265024.0,265409.0,0.9985494086485387,-2.5522313690260034,3.4790014572717496,4.314781118520302
22,1,29,29,56,55,1,347,0.6152482269503546,401.0,510.0,0.7862745098039216,-2.4586377194268607,1.796107769791206,3.044815685077318
22,1,29,29,57,56,1,335,0.6180811808118081,345.0,532.0,0.6484962406015038,-0.767587446878224,2.9139097744360924,3.013313900369364
22,1,29,29,58,57,1,442,0.7441077441077442,490.0,546.0,0.8974358974358975,-2.9135007849295107,-1.0536368393511282,3.098166782634968
22,1,43,17,59,35,0,11,0.00010496784167032464,11260.0,93545.0,0.12036987546100807,-136.61725210470877,-343.6463439485958,369.8068188688226
22,1,43,24,59,49,0,44,0.003664834249541896,11260.0,790.0,0.07015985790408526,-85.81021426804864,17.391702452953268,87.55492097501133
22,1,43,43,59,58,1,10205,0.8836262879903022,11260.0,10494.0,0.9319715808170516,6.340722855756667,0.4625011975040252,6.357568221514232
22,1,46,46,60,59,1,797,0.7790811339198436,897.0,923.0,0.971830985915493,-1.9102171557774454,-0.5976101873220614,2.001516304759365
22,1,46,46,61,60,1,313,0.769041769041769,379.0,341.0,0.899736147757256,-2.9276379421071397,0.8968422844495763,3.061925865079372
22,1,46,46,62,61,1,1898,0.7595038015206083,2304.0,2093.0,0.9084201388888888,-4.222745419586317,-3.3817269121277604,5.40995894502411
22,1,46,46,63,63,1,370,0.7805907172995781,435.0,409.0,0.9402298850574713,-1.2993170896211268,1.4661889104349939,1.959064782099885
22,1,46,46,64,64,1,388,0.7185185185185186,508.0,420.0,0.8267716535433071,-1.986595425571977,0.35763029621330134,2.0185293690390336
22,1,46,46,65,65,1,280,0.6557377049180327,392.0,315.0,0.8035714285714286,-3.0780612244898293,-2.3397959183675994,3.8664073558430836
22,1,46,46,66,66,1,2524,0.8404928404928405,2878.0,2649.0,0.9204308547602502,-1.27976636915173,-3.1089401090421234,3.36203964301771
22,1,46,46,67,67,1,332,0.7248908296943232,442.0,348.0,0.7873303167420814,2.6864695480317096,-1.3492224475999137,3.006246803841827
22,1,48,48,68,68,1,1328,0.7676300578034682,1667.0,1391.0,0.8344331133773245,-0.4009906861183481,-2.7047934769623225,2.7343557346057943
22,1,48,48,69,69,1,2027,0.6488476312419974,3043.0,2108.0,0.6927374301675978,18.03105488005258,-19.984194290439177,26.916295464374173
22,1,48,15,70,26,0,9,0.00018688871815104763,11288.0,36878.0,0.306090351971365,-75.94402900071327,163.05041588659662,179.86921265645574
22,1,48,48,70,70,1,10687,0.9296276965901183,11288.0,10895.0,0.9651842664776754,-0.6858678078128833,-1.8629195669376486,1.9851659786207314
22,1,48,48,71,71,1,818,0.7957198443579766,912.0,934.0,0.9764453961456103,-1.839167981517221,0.2842894173335253,1.8610103000913145
22,1,54,3,72,4,0,595,0.007386716325263811,37428.0,43717.0,0.8561429192305053,101.74440581595996,-241.61418553828253,262.16280965875075
22,1,54,54,72,74,1,35949,0.9299239484712091,37428.0,37179.0,0.9933472266752165,-4.690582800549976,3.455497724624365,5.825979019332237
22,1,55,55,73,75,1,8810,0.8459765700019205,9916.0,9308.0,0.9386849536103268,-2.0868617833721146,3.401606065076294,3.990728746089224
22,1,55,55,74,76,1,699,0.6454293628808865,1009.0,773.0,0.7661050545094152,-4.651173077490284,3.0980271989353696,5.588486693382546
22,1,55,55,75,77,1,40215,0.9366484220333061,40991.0,42159.0,0.9722953580492896,-1.0987950383537282,-1.41623960234665,1.7925080606696775
22,1,55,55,76,78,1,998,0.8344481605351171,1122.0,1072.0,0.9554367201426025,0.20874570995306385,-1.7152223508128372,1.7278780293040723
22,1,55,55,77,79,1,5891,0.8492143577915525,6623.0,6205.0,0.9368866072776687,2.4565019735025544,2.3419083230453452,3.3939558835334034
22,1,55,55,78,80,1,55892,0.9191100294354639,56371.0,60332.0,0.9343466153948153,-0.4452901486808969,0.9086638219068846,1.0119057553718536
22,1,55,55,79,81,1,238854,0.957952658640079,243439.0,244753.0,0.9946313221901264,-5.035928734650042,10.904167571986818,12.010888753895061
22,1,55,55,80,81,1,805,0.003288855478293554,818.0,244753.0,0.0033421449379578594,-228.79871239781005,189.27697642322437,296.9421233149882
22,1,999,999,83,82,1,28564,0.9165409914968715,29632.0,30097.0,0.9845499551450311,-4.27446790945595,1.3518647383179996,4.483147798107521
23,1,1,1,1,1,1,21171,0.9162555180472605,22382.0,21895.0,0.9782414440175141,0.20818776277850048,0.5649608127791907,0.60209871661285
23,1,2,2,2,2,1,52167,0.9455168288836932,53679.0,53661.0,0.9996646733359414,3.00475966165979,-0.8532617044102153,3.123561454582074
23,1,2,2,3,3,1,2262,0.8273591806876371,2506.0,2490.0,0.9936153232242618,1.118366522755025,-1.3550861065971276,1.7569866349838088
23,1,3,3,4,4,1,42114,0.9251147771456187,43717.0,43920.0,0.9953779599271403,-1.8997580813805826,0.48860299174202737,1.961584474681142
23,1,3,3,5,4,1,763,0.017342485680516412,839.0,43920.0,0.019102914389799636,5.87991493907009,139.01777500428807,139.1420682857401
23,1,4,4,6,5,1,101012,0.9460887157200659,103383.0,104397.0,0.9902870772148625,-2.1875204683123,9.910055408367725,10.148617836740314
23,1,4,4,7,6,1,2082,0.5754560530679934,3617.0,2083.0,0.5758916228918993,7.802756917744887,-4.940021058608409,9.23508654950836
23,1,4,4,8,7,1,4932,0.8862533692722372,5217.0,5280.0,0.9880681818181818,-2.470680097408831,-0.7174857763952787,2.5727506647675065
23,1,5,5,10,8,1,795,0.7306985294117647,915.0,968.0,0.9452479338842975,-0.3341225217901638,-2.457915594092924,2.4805215030820817
23,1,5,5,11,9,1,486,0.012468252135765412,38972.0,493.0,0.012650107769680797,-159.19345558125792,215.24865269682354,267.7210092385349
23,1,5,5,11,10,1,36428,0.9221111251740286,38972.0,36961.0,0.9483988504567382,6.481173446334651,-6.714424167321312,9.332154153258607
23,1,5,5,12,11,1,292,0.7053140096618358,387.0,319.0,0.8242894056847545,1.7188727693941246,0.6534227600787403,1.8388814265073066
23,1,5,5,13,12,1,435,0.7699115044247787,441.0,559.0,0.7889087656529516,-0.12216502581952682,0.6149343458313581,0.626951786995241
23,1,6,6,14,13,1,52610,0.9247670943926877,53922.0,55578.0,0.9702040375688222,-1.087625728837338,8.38767950722206,8.457901467970755
23,1,6,6,15,14,1,2546,0.7420577091227047,3368.0,2609.0,0.774643705463183,2.6081060535020697,-3.3020771784860017,4.207841593856905
23,1,8,8,17,15,1,38889,0.9081758950047873,40828.0,40882.0,0.9986791252874125,2.6686027739560814,3.379882555316101,4.306396039949901
23,1,10,10,18,16,1,31565,0.9075096314185498,32958.0,33389.0,0.9870915570996436,3.5133647144243696,1.0822593908806084,3.6762776018292604
23,1,12,12,19,17,1,213056,0.9625429755090423,215890.0,218513.0,0.9879961375295749,-0.45440720568603865,9.997945922327176,10.008267011543907
23,1,12,12,19,18,1,359,0.0016625835344025119,215890.0,398.0,0.0018435314280420584,-97.74448005463455,-99.29970897611872,139.33562209245963
23,1,12,48,19,69,0,19,8.327817980197325e-05,215890.0,12280.0,0.05688081893556904,-151.78880141714717,-99.37208060625642,181.42395277269887
23,1,12,12,20,17,1,371,0.0016964730736342478,547.0,218513.0,0.0025032835575000112,133.99647506110614,-167.25050178993195,214.30768926425776
23,1,12,12,21,19,1,320,0.6986899563318777,414.0,364.0,0.8792270531400966,2.198173806869363,-0.9246562616127676,2.384734217338747
23,1,12,12,22,20,1,293,0.7610389610389611,332.0,346.0,0.9595375722543352,0.7694825544954256,-1.6590291803049695,1.8287922853009264
23,1,13,13,23,21,1,96668,0.9333140236543568,99422.0,100821.0,0.986123922595491,0.15825380020987723,11.416395205684694,11.417492008215346
23,1,13,13,24,22,1,292,0.5251798561151079,390.0,458.0,0.851528384279476,2.591613481132754,-2.6996752883214867,3.7422863463346485
23,1,14,14,25,23,1,78102,0.9470238023062653,79708.0,80865.0,0.9856922030544735,1.952939007225723,3.7145346031161353,4.196634137459559
23,1,15,14,26,23,0,432,0.003682519115854438,36878.0,80865.0,0.4560440239906016,-190.64060349196188,116.63323503075458,223.4885930277397
23,1,15,15,26,24,1,35766,0.9296148048032438,36878.0,37362.0,0.9870456613671645,4.805394184855686,-4.913286492571729,6.872568474008291
23,1,16,16,27,25,1,98751,0.9649777690917086,100177.0,100909.0,0.9927459394107562,0.04555652961607848,6.04825287057065,6.048424438129055
23,1,16,16,28,26,1,820,0.8086785009861933,991.0,843.0,0.8506559031281534,0.600258794153433,-1.562168651912316,1.6735236828249775
23,1,16,16,29,27,1,388,0.7003610108303249,508.0,434.0,0.8543307086614174,3.140063137269408,0.08170652055605387,3.1411259862570895
23,1,16,16,30,28,1,283,0.7237851662404092,312.0,362.0,0.861878453038674,2.2622892761010007,-1.7435012041364644,2.8561773785230655
23,1,16,16,31,29,1,70,0.6086956521739131,81.0,104.0,0.7788461538461539,1.519705603039256,0.8723884140549671,1.7523032456987144
23,1,16,16,33,30,1,265,0.6575682382133995,397.0,271.0,0.6826196473551638,2.5036110310725235,-1.1250429884651112,2.7447750218920555
23,1,16,16,34,31,1,2555,0.6561376476630714,3422.0,3027.0,0.8845704266510812,6.074500352081486,6.438111255470631,8.851487505795607
23,1,17,17,35,33,1,89403,0.9366278338850941,93545.0,91310.0,0.9761077556256347,-0.050082641776953096,7.129155698158684,7.1293316124020905
23,1,17,55,35,78,0,32,9.425153968726161e-05,93545.0,246004.0,0.3802580445846409,-84.5979133435103,-217.99707719117225,233.8365510478847
23,1,17,17,36,34,1,404,0.7769230769230769,445.0,479.0,0.9290187891440501,1.0192066805848299,-1.779071567638539,2.0503360457565476
23,1,17,17,38,35,1,663,0.8350125944584383,706.0,751.0,0.9400798934753661,0.7034794023456925,-1.0781149213701156,1.2873286500367895
23,1,17,17,39,36,1,405,0.627906976744186,645.0,405.0,0.627906976744186,0.9809933964975244,-0.013092161929307622,0.9810807554303226
23,1,17,17,42,37,1,414,0.7052810902896082,468.0,533.0,0.8780487804878049,1.412966437356772,-3.0138107150302176,3.3285926724559793
23,1,23,23,43,38,1,37536,0.9355699010493258,39120.0,38537.0,0.9850971370143149,-5.511170721490089,4.82276718114872,7.323393066398577
23,1,23,23,43,40,1,426,0.01086069753212319,39120.0,530.0,0.0135480572597137,213.5332523054367,-100.63855722112885,236.0605198665963
23,1,23,23,44,39,1,271,0.7344173441734417,339.0,301.0,0.887905604719764,1.8335538372582505,-0.40676604043574116,1.878131594371445
23,1,24,24,46,41,1,11202,0.8208998974058332,12232.0,12616.0,0.9695624603677869,4.620551808970731,-12.843594957435016,13.64944799067101
23,1,24,24,47,44,1,353,0.6537037037037037,513.0,380.0,0.7407407407407407,2.474366471734811,-0.5374269005847054,2.5320578804437823
23,1,24,24,48,46,1,1999,0.7772161741835147,2283.0,2288.0,0.9978146853146853,-3.001077437674212,-1.3225729318862705,3.2795830446987404
23,1,24,24,49,48,1,730,0.6803355079217148,790.0,1013.0,0.7798617966436328,3.3857148212478023,-0.9050445474651951,3.5045927700252877
23,1,24,24,50,49,1,326,0.5640138408304498,353.0,551.0,0.6406533575317604,4.203431309542793,2.3898191801667963,4.835294250398598
23,1,26,26,51,51,1,2517,0.8546689303904924,2744.0,2718.0,0.9905247813411079,3.289182686634831,-0.8796668146919728,3.404781410153763
23,1,26,26,52,52,1,835,0.8170254403131115,894.0,963.0,0.9283489096573209,2.0783868921921567,-1.4356317993965604,2.526010834710488
23,1,29,29,53,53,1,68442,0.9363687357202468,68738.0,72797.0,0.9442422077832878,3.4983141475710227,-3.5576442679493994,4.989492420313793
23,1,29,29,54,54,1,261906,0.9724894640105453,265409.0,265812.0,0.9984838908702391,1.4089961517870506,3.584301223063676,3.8512965886057753
23,1,29,29,55,55,1,489,0.7138686131386861,510.0,664.0,0.7680722891566265,-2.4179246397354746,-2.3959898417198247,3.403986910236952
23,1,29,29,56,54,1,455,0.0017112404048305872,532.0,265812.0,0.0020014145335801245,-218.21178162665478,141.47069739153085,260.0583393416273
23,1,29,29,57,56,1,386,0.6380165289256199,546.0,445.0,0.815018315018315,5.108593653537582,1.8672346380211593,5.439144630398283
23,1,43,24,58,48,0,89,0.007794710106848835,10494.0,1013.0,0.09653135124833238,-88.7652223025575,16.024156707984048,90.19999051343898
23,1,43,24,58,50,0,78,0.006941972232111072,10494.0,820.0,0.07813988946064418,-54.01538602778828,-20.69864684581671,57.84544847244961
23,1,43,43,58,57,1,484,0.045959548001139494,10494.0,521.0,0.04964741757194587,-139.03224619351067,-13.820719782477,139.71749273773386
23,1,43,43,58,58,1,7944,0.728673637864612,10494.0,8352.0,0.7958833619210978,31.435711416375852,1.752957560313689,31.484548789238257
23,1,46,46,59,59,1,759,0.662303664921466,923.0,982.0,0.939918533604888,2.298824121290636,-2.408872158219765,3.329753356522674
23,1,46,46,60,61,1,268,0.7165775401069518,341.0,301.0,0.8826979472140762,0.3291667072612654,0.877612260208025,0.9373121147390883
23,1,46,46,61,60,1,1726,0.604553415061296,2093.0,2488.0,0.8412379421221865,-3.77176294277524,-14.05560143058392,14.552873505666339
23,1,46,46,62,62,1,340,0.7674943566591422,362.0,421.0,0.8598574821852731,-1.1069671001691859,-1.7570504324089598,2.076680616485233
23,1,46,46,63,63,1,384,0.7820773930753564,409.0,466.0,0.8776824034334764,0.9782574477685557,1.361905411502903,1.6768345130022642
23,1,46,46,64,64,1,300,0.6896551724137931,420.0,315.0,0.75,2.4674603174603362,-0.36507936507950944,2.494322224783382
23,1,46,46,65,65,1,298,0.7883597883597884,315.0,361.0,0.8725761772853186,1.8415512465376196,0.01432528690156687,1.8416069633526782
23,1,46,46,66,66,1,2476,0.7918132395267029,2649.0,2954.0,0.8967501692620176,1.3192741707312052,-3.5729178727146973,3.8087040397913077
23,1,46,46,67,67,1,153,0.3943298969072165,348.0,193.0,0.5545977011494253,5.792582335775023,0.12307188374734324,5.793889609347243
23,1,48,48,68,68,1,1003,0.6695594125500668,1391.0,1110.0,0.7979870596693026,4.807315367128012,-5.908151501609495,7.6168586178946285
23,1,48,15,69,24,0,96,0.002438157159546909,2108.0,37362.0,0.056420962475242226,-74.53835132896893,-45.737044721793154,87.45194725518758
23,1,48,48,69,70,1,1731,0.7605448154657294,2108.0,1899.0,0.900853889943074,3.912136418548471,-1.608618537870143,4.229948576249211
23,1,48,15,70,24,0,220,0.004579803068468056,10895.0,37362.0,0.2916064450511215,-70.4527670080447,160.00004896096254,174.8245064245864
23,1,48,48,70,69,1,10335,0.8049065420560748,10895.0,12280.0,0.887214983713355,1.403810992700528,-15.005445674060866,15.070968289410564
23,1,48,48,71,69,1,719,0.057543017206882756,934.0,12280.0,0.0760586319218241,21.196674839051866,119.352278386541,121.21990504983444
23,1,54,54,72,71,1,2474,0.8037686809616634,2664.0,2888.0,0.9224376731301939,3.497048988046231,0.7187845740477314,3.5701544628606965
23,1,54,54,73,72,1,531,0.014037963305662772,602.0,37755.0,0.0159449079592107,138.26523155279426,72.05115390318133,155.91229276464296
23,1,54,3,74,4,0,355,0.004396611512929753,37179.0,43920.0,0.846516393442623,104.53523053512936,-244.58108027116486,265.9840582622249
23,1,54,54,74,72,1,35579,0.9040528522424088,37179.0,37755.0,0.9847437425506556,-4.320872988234214,0.2148382750701785,4.326210681981079
23,1,55,55,75,73,1,8489,0.875244870605217,9308.0,8880.0,0.954018048990116,2.7474288803198306,1.0698945400063167,2.948396136741263
23,1,55,55,77,74,1,41451,0.9340228486446293,42159.0,43671.0,0.965377481623961,4.868164337475491,-4.283309486753751,6.484270519956957
23,1,55,55,78,75,1,928,0.7818028643639428,1072.0,1043.0,0.9729477611940298,4.258584236058368,-1.7845811093143311,4.617387728069455
23,1,55,55,79,76,1,5397,0.792511013215859,6205.0,6002.0,0.9672844480257856,4.175239733411445,1.6237411059059923,4.479861829394572
23,1,55,55,80,77,1,60018,0.8941495463551986,60332.0,66809.0,0.9030519840141298,5.9225499596946065,-0.9424562350736778,5.997067765175564
23,1,55,55,81,78,1,238911,0.948639247794287,244753.0,246004.0,0.9949147168338727,-3.035018454917463,11.376628280919135,11.774506701509779
23,1,999,999,82,79,1,28528,0.9097228865716381,30097.0,29790.0,0.9897996478054291,-0.13072120185017866,1.9108603977497296,1.9153264714667861
24,1,1,1,1,1,1,18544,0.8350144092219021,21895.0,18857.0,0.8612468600137018,-2.3174618848318644,11.514918990481874,11.745807292179135
24,1,2,2,2,2,1,52751,0.9647749510763209,53661.0,53767.0,0.9980285305112802,0.33430423959660516,1.7790248389542285,1.81016261761986
24,1,2,2,3,3,1,2410,0.8211243611584327,2490.0,2855.0,0.87215411558669,-1.163762580971877,1.3469288713522474,1.7800451481219692
24,1,3,3,4,4,1,41381,0.8876804599180557,43920.0,44078.0,0.9964154453468851,-1.6158053892045245,5.730904887642737,5.954334378164347
24,1,3,3,4,5,1,627,0.014256480218281038,43920.0,687.0,0.01564207650273224,-4.015641778223198,-136.83252986772322,136.89144096287532
24,1,3,54,4,72,0,159,0.0019639813236492997,43920.0,37197.0,0.8469262295081967,-111.6960302633255,246.67154221960436,270.7819287130952
24,1,4,4,5,6,1,100834,0.9476701565760042,104397.0,102839.0,0.9850761995076487,-4.716760885092754,8.684435595290324,9.88267447889925
24,1,4,4,6,7,1,1447,0.6913521261347348,2083.0,1457.0,0.699471915506481,0.7370174148934439,0.6157375571306147,0.9603787841874641
24,1,4,4,7,8,1,4869,0.8600953895071543,5280.0,5250.0,0.9943181818181818,-4.2530487012987805,0.41150324675322736,4.272909802196589
24,1,5,5,8,9,1,868,0.7715555555555556,968.0,1025.0,0.944390243902439,-2.756523886313289,0.7911902842168956,2.867822519204236
24,1,5,5,9,10,1,375,0.7267441860465116,493.0,398.0,0.8073022312373225,-2.23752127778846,0.2263141264130013,2.248937427402146
24,1,5,5,10,12,1,34895,0.9313529239063709,36961.0,35401.0,0.9577933497470307,-1.316349133481026,-0.10915067117016974,1.320866726900616
24,1,5,5,12,13,1,517,0.6645244215938303,559.0,736.0,0.7595108695652174,-3.180451310570106,3.2028248230535894,4.513685565707403
24,1,6,6,13,14,1,51995,0.9076388646440666,55578.0,53703.0,0.9662636294936846,-4.98884381428843,10.432319619394661,11.563816638314995
24,1,6,6,14,15,1,2083,0.7824943651389933,2609.0,2136.0,0.818704484476811,-2.355144716574614,-0.07411269403087317,2.3563105328937084
24,1,8,8,15,16,1,39530,0.9156609761182275,40882.0,41819.0,0.9775939166407613,1.0760198800364833,2.072588277450393,2.3352603602293502
24,1,10,10,16,17,1,32463,0.9244767193507049,33389.0,34189.0,0.9766006610313258,-0.2960763959649739,2.942677659631329,2.9575349601891308
24,1,12,12,17,19,1,214607,0.9694449589151244,218513.0,217465.0,0.9952039466759415,-1.6725690561011106,2.417393072653681,2.939604822955114
24,1,12,12,18,20,1,336,0.75,398.0,386.0,0.9698492462311558,-2.6069857057304944,0.5088134975394496,2.6561750027363504
24,1,12,12,19,21,1,342,0.782608695652174,364.0,415.0,0.8771084337349397,-0.7883490003973748,-0.023123262279909795,0.7886880445943157
24,1,12,12,20,22,1,331,0.7788235294117647,346.0,410.0,0.8439024390243902,-1.0139433244039537,-0.2928662061186742,1.0553917186474826
24,1,13,13,21,23,1,82682,0.815798561435013,100821.0,83212.0,0.8253439263645471,-10.343228750016351,51.50242672312061,52.530775164141374
24,1,13,13,21,24,1,8636,0.08565675801668303,100821.0,8636.0,0.08565675801668303,73.42892883240529,-315.55989837330844,323.99052000150743
24,1,13,13,22,25,1,421,0.7710622710622711,458.0,509.0,0.899803536345776,-1.1143478521971701,-0.02388020006719671,1.11460369623095
24,1,14,14,23,26,1,79009,0.9592894781574027,80865.0,80506.0,0.9955605020713535,-2.5988972557270245,6.495868455183086,6.996468675901304
24,1,14,14,23,27,1,370,0.004568747298882509,80865.0,490.0,0.006059481852470167,125.85289642475391,-227.33831543376016,259.84930479560586
24,1,15,14,24,26,0,94,0.0007981388082259242,37362.0,80506.0,0.464089633070827,-198.0448949325446,128.0423899785094,235.83179183530643
24,1,15,15,24,28,1,36393,0.9590228734057131,37362.0,36979.0,0.9897489427760826,0.274968932282718,-2.604386716830959,2.6188619827181117
24,1,15,48,24,70,0,25,0.0006405329233922624,37362.0,1693.0,0.04531342005245972,77.38549006633048,43.620598051667,88.8328241540886
24,1,16,16,25,29,1,99047,0.9587451238517457,100909.0,101447.0,0.994696738198271,-2.811881292729595,4.296224685690959,5.13461030209139
24,1,16,16,26,30,1,703,0.7725274725274726,843.0,770.0,0.9134045077105575,-3.2420452619744538,-0.23032613886698527,3.2502165483143397
24,1,16,16,28,31,1,273,0.6842105263157895,362.0,310.0,0.856353591160221,-1.7387987880947549,-1.5510604170381157,2.330066446001539
24,1,16,16,30,32,1,214,0.7753623188405797,271.0,219.0,0.8081180811808119,-0.32302144939285427,0.5289052890527728,0.6197448358444445
24,1,16,16,31,33,1,2784,0.8342822894815702,3027.0,3094.0,0.9783451842275371,3.5818636366648207,1.1119942068464752,3.7505037298637443
24,1,16,16,32,34,1,164,0.623574144486692,165.0,262.0,0.6297709923664122,-1.611913023363286,-0.35382835993527806,1.6502903087586311
24,1,17,17,33,35,1,89193,0.9447110037812589,91310.0,92296.0,0.9893169801508191,-3.486962455612229,5.8714950594358015,6.828862379622853
24,1,17,17,33,38,1,449,0.004913225220493292,91310.0,525.0,0.005749644069652831,152.73075519814756,-111.20657644549442,188.92746287431075
24,1,17,55,33,78,0,72,0.00021320067513547127,91310.0,246472.0,0.3704680450517706,-89.79801941780397,-216.52537029670373,234.40759431700366
24,1,17,17,34,36,1,479,0.611749680715198,479.0,783.0,0.611749680715198,-0.6202283919510592,-0.9288108207551886,1.1168584507152748
24,1,17,17,35,37,1,654,0.7373167981961668,751.0,790.0,0.950632911392405,-4.079364223229732,0.2024524263006242,4.08438483136466
24,1,17,17,37,39,1,478,0.775974025974026,533.0,561.0,0.9500891265597148,-2.3718768080316295,0.3274105139241783,2.3943678157514574
24,1,23,23,38,40,1,37174,0.9451817950673785,38537.0,37967.0,0.9852090199029504,-5.224232970759431,5.16324435181923,7.345182255694074
24,1,23,23,39,41,1,178,0.5836065573770491,301.0,182.0,0.6046511627906976,-2.3751597239968305,0.7531305903403336,2.491704115781623
24,1,23,55,39,74,0,15,0.00032332463949302694,301.0,46107.0,0.006528292883943869,25.742039947955845,92.18736181121994,95.7139608332814
24,1,23,23,40,42,1,363,0.66,530.0,383.0,0.7226415094339622,-0.34872161190196493,1.8172767131386536,1.8504327641726226
24,1,24,24,41,43,1,11173,0.8228752393577846,12616.0,12135.0,0.9618738110336081,3.160944225800449,-3.7137016415149446,4.876796928395931
24,1,24,24,42,44,1,338,0.6640471512770137,355.0,492.0,0.7215447154471545,-2.7624241383259687,0.665802129852409,2.84152768702365
24,1,24,24,43,45,1,194,0.5791044776119403,202.0,327.0,0.617737003058104,-2.289021103945288,0.9268477306445675,2.4695473937764163
24,1,24,24,44,46,1,218,0.5736842105263158,380.0,218.0,0.5736842105263158,-0.7341622404637747,0.5564461612748346,0.9212092735748423
24,1,24,24,45,47,1,175,0.5434782608695652,198.0,299.0,0.6622073578595318,-3.205178879091818,1.5204891726632468,3.547542666573927
24,1,24,24,46,48,1,1987,0.6382910375843238,2288.0,2812.0,0.813655761024182,-16.850990758885473,4.598618930855764,17.46720314266908
24,1,24,24,47,49,1,233,0.512087912087912,233.0,455.0,0.512087912087912,-5.995406310427825,0.5019855680800447,6.016384822937977
24,1,24,24,48,50,1,961,0.26335982460948204,1013.0,3597.0,0.28162357520155684,11.417624811287169,-35.40009018154592,37.19581349013494
24,1,24,24,49,50,1,550,0.1528627015008338,551.0,3597.0,0.1531832082290798,9.678131150832996,50.12779504194623,51.05352150772846
24,1,24,24,50,50,1,760,0.20782061799289034,820.0,3597.0,0.22796775090353072,-23.332211463482054,1.3227133722548388,23.36967399091791
24,1,26,26,51,51,1,2537,0.9034900284900285,2718.0,2627.0,0.9665194996320824,-0.8302967177605751,0.7907041917396782,1.1465625837077895
24,1,26,26,52,52,1,886,0.8218923933209648,963.0,1001.0,0.962037962037962,-2.0118438155818694,0.8664772403089955,2.190501848040423
24,1,29,29,53,53,1,72472,0.9491827326068735,72797.0,76027.0,0.9575150933221093,-1.997682635819956,1.9816332740265352,2.8138241498334065
24,1,29,29,54,54,1,261420,0.9679676825723607,265812.0,265679.0,0.9994996463666049,-2.876324124060602,6.560339179058474,7.163189974511537
24,1,29,29,55,55,1,589,0.6515486725663717,664.0,829.0,0.8009650180940893,-4.081864853866591,0.13352384205097678,4.084048151237615
24,1,29,29,56,56,1,374,0.8130434782608695,445.0,389.0,0.8741573033707866,1.0789116432222272,1.058733138846378,1.5116104634369234
24,1,43,43,57,58,1,467,0.7151607963246555,521.0,599.0,0.8697829716193656,3.583868187221924,0.5354285293149132,3.623643869558057
24,1,43,43,58,59,1,7563,0.8917580474000707,8352.0,7692.0,0.9209770114942529,-2.2245389671907105,0.4173243510199427,2.2633455835342797
24,1,46,46,59,60,1,515,0.12823705179282868,982.0,3549.0,0.2766976613130459,22.619760363924797,-62.56906251093915,66.53225640559018
24,1,46,46,59,61,1,194,0.19477911646586346,982.0,208.0,0.21181262729124237,12.039068619771115,20.21920531098249,23.532008767617356
24,1,46,46,60,60,1,2094,0.5310677149378645,2488.0,3549.0,0.7010425471963934,-13.141513301604391,4.083655873354473,13.761381367734405
24,1,46,46,61,60,1,217,0.05973025048169557,301.0,3549.0,0.08481262327416174,2.280314795520553,64.78681842903688,64.82693635923005
24,1,46,46,62,62,1,399,0.676271186440678,421.0,568.0,0.7411971830985915,-2.8083118664480935,0.4400906627411132,2.8425860287184075
24,1,46,46,63,63,1,380,0.6985294117647058,466.0,458.0,0.9828326180257511,-1.7954438967708484,2.946558089847713,3.4504816132387504
24,1,46,46,64,64,1,236,0.7217125382262997,315.0,248.0,0.7873015873015873,-1.657744495647421,0.035547875063912215,1.6581255876051373
24,1,46,46,65,65,1,287,0.7396907216494846,361.0,314.0,0.8698060941828255,-1.8791308643717457,0.6043280342996695,1.9739162035089044
24,1,46,46,66,66,1,2390,0.7563291139240507,2954.0,2596.0,0.8788083953960731,-7.900524268887239,-2.229002903273795,8.208942542500784
24,1,46,46,67,67,1,152,0.7450980392156863,193.0,163.0,0.844559585492228,-1.3623764264598321,0.5242378969451238,1.4597585074137807
24,1,48,48,68,68,1,1002,0.8682842287694974,1110.0,1046.0,0.9423423423423424,-0.7571856751587802,0.20751726870275888,0.7851073579297999
24,1,48,12,69,20,0,15,0.0011856770215793219,12280.0,386.0,0.031433224755700324,51.437335656782125,0.5811851276771449,51.440618927274805
24,1,48,15,69,28,0,24,0.0004874581090687519,12280.0,36979.0,0.33208036993969553,-71.58160906846251,172.40110791819245,186.67101748329983
24,1,48,48,69,69,1,11387,0.9043761416885077,12280.0,11698.0,0.9526058631921824,-1.3402012677352104,-0.7119698069159313,1.5175771624530245
24,1,48,48,70,70,1,1591,0.7951024487756122,1899.0,1693.0,0.8915218536071616,-1.0649976811869237,-0.5078281322560088,1.179876888850761
24,1,54,54,71,71,1,2754,0.8536887786732796,2888.0,3092.0,0.9340232858990944,-2.569274026797814,0.6057738135764339,2.6397217538961923
24,1,54,3,72,4,0,525,0.00645692920745806,37755.0,44078.0,0.856549752711103,107.24029813415905,-239.0650136585923,262.0163397566767
24,1,54,54,72,72,1,35942,0.9213534991027942,37755.0,37197.0,0.9852205005959476,-2.839926739961925,1.8756236733693186,3.4034024229371087
24,1,55,55,73,73,1,7605,0.816337483898669,8880.0,8041.0,0.905518018018018,-1.1472898047281888,5.145894016140346,5.27223853039506
24,1,55,55,74,74,1,43454,0.9380450738278214,43671.0,46107.0,0.9471663738694776,1.4287698768389419,-3.734194729300725,3.9981987991218846
24,1,55,55,75,75,1,907,0.8484565014031805,1043.0,933.0,0.8945349952061361,-0.5368572600061725,-0.767372746807041,0.9365237050729246
24,1,55,55,76,76,1,5680,0.888471765994056,6002.0,6071.0,0.9886344918464833,0.09193020873567548,2.801524622193938,2.803032531391149
24,1,55,55,77,77,1,66308,0.9150222173157067,66809.0,71965.0,0.9283540610018759,1.4275535300535012,-1.4139268202579842,2.0092531284567077
24,1,55,55,78,78,1,240737,0.9562960049892945,246004.0,246472.0,0.9981012041935798,-5.250188716070625,8.600862592627209,10.076672014688647
24,1,999,999,79,79,1,28725,0.9339033747317771,29790.0,29693.0,0.9967438737831487,-3.4009810769482556,1.9975869287054593,3.944239574809703
25,1,1,1,1,1,1,16197,0.8273906824683286,18857.0,16916.0,0.897067402025773,-1.1137994188893146,3.2015524384573837,3.389762109899542
25,1,2,2,2,2,1,52536,0.9464070184287798,53767.0,54280.0,0.9905490051584377,2.5568796314549047,-0.9822944244303926,2.7390757174667524
25,1,2,2,3,3,1,2423,0.8084751418084751,2855.0,2565.0,0.8984238178633975,1.2800640441344626,1.20249690191622,1.7562923322169297
25,1,3,3,4,4,1,42746,0.9403405341194069,44078.0,44126.0,0.9989122059556724,-3.4752794054805918,4.633985481153104,5.792356030640322
25,1,3,54,4,68,0,15,0.0001828264976537266,44078.0,37982.0,0.86169971414311,-112.9355552927176,241.39850707305095,266.5101852957449
25,1,3,3,5,5,1,566,0.7839335180055401,687.0,601.0,0.8748180494905385,1.2254878453426272,1.4809766352536826,1.922267477030664
25,1,4,4,6,6,1,100480,0.9028339353424264,102839.0,108935.0,0.9440400238674439,8.256154263499639,18.568630141751328,20.321370735357867
25,1,4,4,7,7,1,760,0.5216197666437886,1457.0,760.0,0.5216197666437886,5.467619116425226,-3.092306650290766,6.281498166976654
25,1,4,4,8,6,1,4556,0.0415583467878025,5250.0,108935.0,0.048193877082663976,-194.92085119348144,-173.0626874304687,260.6622949539259
25,1,5,5,9,8,1,933,0.7548543689320388,1025.0,1144.0,0.8959790209790209,-2.085656660412724,-2.373914378304619,3.159973604422252
25,1,5,5,10,10,1,218,0.5422885572139303,398.0,222.0,0.5577889447236181,-1.274027796640894,-0.7961202408438339,1.502316299750121
25,1,5,5,11,9,1,317,0.2084155161078238,324.0,1514.0,0.21400264200792601,19.75866806921408,-7.337239264804225,21.077002725681016
25,1,5,5,12,11,1,33593,0.9384568108168511,35401.0,33988.0,0.9600858732804158,1.3304441538223273,0.027047229463164513,1.3307190533924287
25,1,5,5,13,9,1,693,0.44508670520231214,736.0,1514.0,0.4861294583883752,-17.97606757222445,7.672539989087369,19.544996168976965
25,1,6,6,14,12,1,49295,0.8812907839456512,53703.0,51527.0,0.9594808483697372,-0.598189482504722,18.168451434930944,18.178296350330072
25,1,6,6,14,13,1,2299,0.04270138747004959,53703.0,2435.0,0.04534197344654861,23.33382533128338,-206.43274680451213,207.74731371992914
25,1,6,6,15,14,1,1259,0.5796500920810314,2136.0,1295.0,0.6062734082397003,9.620682038378618,-0.03428665423041366,9.620743134406991
25,1,8,8,16,15,1,37226,0.8579198451291743,41819.0,38798.0,0.9277601090413449,-0.583283566212458,10.552805302286913,10.568912880073727
25,1,10,10,17,16,1,32545,0.923865217021035,34189.0,33583.0,0.9822750007312293,-0.13396268053656968,4.992749865530072,4.994546748157144
25,1,10,10,18,17,1,89,0.5933333333333334,95.0,144.0,0.6597222222222222,1.4020467836253374,-0.7600146198830089,1.594790709124576
25,1,12,12,19,19,1,215909,0.9662606064945759,217465.0,221892.0,0.9800488525949561,-1.5842116674825775,8.904381445737386,9.044210056084507
25,1,12,12,20,20,1,196,0.5064599483204134,386.0,197.0,0.5103626943005182,-0.17076089529473393,0.852778727545342,0.8697073309543342
25,1,12,48,20,64,0,36,0.0028957528957528956,386.0,12082.0,0.03194835292170171,-50.385702449496875,-5.672866671869997,50.704047447970545
25,1,12,12,21,21,1,307,0.6342975206611571,415.0,376.0,0.9060240963855422,0.015874134837304155,-4.178595231991835,4.178625384140307
25,1,12,12,22,22,1,361,0.8514150943396226,410.0,375.0,0.9146341463414634,0.6115772357720743,-0.643349593495941,0.8876516291687883
25,1,13,13,23,23,1,81850,0.9314155012119212,83212.0,86515.0,0.9618216494249552,-1.8371156022194555,7.292959969677668,7.5207884463824035
25,1,13,13,24,24,1,8011,0.8959847891734706,8636.0,8316.0,0.9629458082445577,-1.508672545610807,1.4332177394940118,2.08091468798702
25,1,13,13,25,25,1,434,0.6823899371069182,509.0,561.0,0.9073083778966132,3.10145369096017,-0.7955587307255882,3.2018633155092946
25,1,14,14,26,26,1,78953,0.9522505789270552,80506.0,81359.0,0.9895156036824445,1.4863680825205847,4.275377989864978,4.526383438569673
25,1,14,14,26,27,1,197,0.002446080683412593,80506.0,228.0,0.0028320870494124664,33.04944853189545,-280.7546278560038,282.6931677823601
25,1,14,14,27,28,1,436,0.8416988416988417,490.0,464.0,0.9469387755102041,1.2248856439127849,1.3819229415903465,1.8466336553732996
25,1,15,14,28,26,0,462,0.003919372900335946,36979.0,81359.0,0.45451640261065157,-196.83349578230673,134.92215468520533,238.6365707237301
25,1,15,15,28,29,1,35460,0.9247620289477115,36979.0,36826.0,0.9958625165634549,4.692206660873126,-6.115735559653103,7.708373679573894
25,1,16,16,29,30,1,99411,0.9590472331558231,101447.0,101620.0,0.9982975792166896,-1.0492021149693755,6.386529055835354,6.472138631015673
25,1,16,16,30,31,1,557,0.7215025906735751,770.0,559.0,0.7259740259740259,-1.1907348465488212,-0.93027670004426,1.511047389538423
25,1,16,16,31,32,1,267,0.6013513513513513,310.0,401.0,0.773067331670823,0.6509452176014747,-3.660606548145779,3.7180330790144924
25,1,16,16,33,33,1,2578,0.7292786421499293,3094.0,3019.0,0.975759534583064,8.64776518806866,2.7472204159264493,9.07364660771265
25,1,16,16,34,34,1,261,0.8446601941747572,262.0,308.0,0.8506493506493507,0.5822593437096657,-0.04530583919881792,0.5840193168061479
25,1,17,17,35,35,1,90431,0.9528380414511047,92296.0,93042.0,0.9919821156037059,-1.5772805498163507,8.171083193255072,8.321923724952331
25,1,17,17,36,35,1,777,0.008350528759350013,783.0,93042.0,0.008415554265815438,104.27459493636161,-379.1710313992421,393.24783813964865
25,1,17,17,37,36,1,725,0.8276255707762558,790.0,811.0,0.9741060419235512,-2.370029187282853,-1.1258377686556287,2.6238424171249513
25,1,17,17,39,37,1,531,0.6941176470588235,561.0,735.0,0.763265306122449,-1.7183964494888642,-1.5892757102841415,2.3406588048912846
25,1,23,23,40,38,1,36612,0.9421755577858412,37967.0,37504.0,0.987805199251982,-4.1201762878763475,4.888866391437205,6.393501954054816
25,1,23,23,42,39,1,292,0.7281795511221946,383.0,310.0,0.8093994778067886,2.706055756759042,0.9865577360396856,2.8802836536057526
25,1,24,24,43,40,1,11094,0.8297681376215408,12135.0,12329.0,0.9842647416659908,5.255047530647744,-6.202230189252532,8.12915640579282
25,1,24,24,44,41,1,453,0.8451492537313433,492.0,497.0,0.9899396378269618,0.927414077963931,0.257336703145711,0.9624547006439276
25,1,24,24,45,40,1,300,0.024279702168986728,327.0,12329.0,0.026522832346500123,-17.29172709578347,-60.84246485809672,63.251951400441286
25,1,24,24,47,42,1,289,0.6628440366972477,299.0,426.0,0.7018779342723005,-0.8763405404556579,0.9287923752099232,1.2769604610535932
25,1,24,24,48,43,1,2615,0.6689690457917626,2812.0,3712.0,0.7575431034482759,-6.820008231348311,1.3691062319126104,6.956073903425743
25,1,24,24,49,44,1,454,0.6061415220293725,455.0,748.0,0.6082887700534759,-3.11439149086209,-0.03197684668270995,3.1145556468103055
25,1,24,24,50,45,1,3453,0.7443414528993317,3597.0,4495.0,0.800222469410456,-0.2694665527419602,-3.120043739329276,3.131658531573078
25,1,26,26,51,46,1,2195,0.8270535041446873,2627.0,2222.0,0.8458317472401979,0.04753996526414994,-2.2875131441580834,2.2880070876186807
25,1,26,26,52,47,1,953,0.9234496124031008,1001.0,984.0,0.983016983016983,0.2299661720394397,-0.4585231841329005,0.5129599893459985
25,1,29,29,53,48,1,75876,0.9241562427682302,76027.0,81952.0,0.9277015814135103,1.9066553406264575,3.062136247417584,3.607216792166508
25,1,29,29,54,49,1,259612,0.9619748475214359,265679.0,263807.0,0.992953903018304,0.5431334721947678,7.551966928693673,7.5714726745000736
25,1,29,29,54,50,1,2149,0.008084296376549898,265679.0,2294.0,0.008634479955133827,-139.66256615572888,-185.82184259611518,232.45513453356705
25,1,29,29,55,51,1,632,0.7198177676537585,829.0,681.0,0.8214716525934861,-3.236826209948049,-2.5211912517780775,4.102858667008768
25,1,29,29,56,52,1,348,0.8285714285714286,389.0,379.0,0.974293059125964,-0.03509438313517421,0.8966906552896035,0.8973771487013343
25,1,29,29,57,53,1,210,0.7553956834532374,216.0,272.0,0.7941176470588235,-0.51348039215668,-1.5979030501089255,1.6783790604856774
25,1,43,43,58,54,1,533,0.8569131832797428,599.0,556.0,0.9282136894824707,-0.3068483443630612,-0.254362786899037,0.39856785344204154
25,1,43,43,59,55,1,7535,0.9229544341009309,7692.0,8007.0,0.9606594230048707,1.137071365207703,-1.479919140564789,1.866304356793214
25,1,46,46,60,56,1,2834,0.7145738779626828,3549.0,3251.0,0.9160326852634545,4.321767262542835,-10.635972944233345,11.48048747841531
25,1,46,46,61,57,1,92,0.3865546218487395,208.0,122.0,0.5865384615384616,1.7999684741489546,4.6887610340477295,5.022386538522742
25,1,46,46,62,58,1,440,0.6929133858267716,568.0,507.0,0.8926056338028169,-2.1259341056197627,-3.512216295802318,4.105515695979819
25,1,46,46,63,59,1,412,0.7317939609236235,458.0,517.0,0.8858800773694391,-0.39484175584721015,3.2022079008047513,3.226458654955442
25,1,46,46,65,60,1,249,0.7708978328173375,314.0,258.0,0.821656050955414,-0.1352885992200754,1.1397076976249991,1.147709301654651
25,1,46,46,66,61,1,2365,0.7997970916469395,2596.0,2726.0,0.9523110785033015,0.6913862062183398,-6.0284579131280225,6.06797492550067
25,1,46,46,67,62,1,101,0.5611111111111111,163.0,118.0,0.7239263803680982,1.9923052927106255,0.5658209420817002,2.0710948114127934
25,1,48,14,68,26,0,21,0.00025490386482812194,1046.0,81359.0,0.01285659853243034,-117.2319023607497,-35.95015248494872,122.62027725792915
25,1,48,48,68,63,1,911,0.7674810446503791,1046.0,1052.0,0.9942965779467681,2.67491766570447,-2.369208427542162,3.5732804383975596
25,1,48,15,69,29,0,174,0.00359875904860393,11698.0,36826.0,0.31765600391028076,-65.54920113985418,166.99734216545528,179.4012543445536
25,1,48,48,69,64,1,10978,0.8575222621465396,11698.0,12082.0,0.9682171825856646,2.3918344750204596,-4.379711737276921,4.990265229177465
25,1,48,15,70,29,0,82,0.0021333610843718293,1693.0,36826.0,0.04597295389127247,-72.41831447317463,-52.340720328151065,89.3530261133071
25,1,48,48,70,65,1,644,0.37139561707035756,1693.0,685.0,0.40460720614294154,19.84169767311505,-22.128584424487258,29.721494161346588
25,1,54,54,71,67,1,2838,0.7604501607717041,3092.0,3478.0,0.8890166762507188,3.0903628574213258,-0.36273486197114835,3.111578244334943
25,1,54,3,72,4,0,438,0.005415095505965259,37197.0,44126.0,0.8429723972261252,106.60494546864038,-236.30665185080852,259.24013598845187
25,1,54,54,72,68,1,36151,0.9262836937583273,37197.0,37982.0,0.9793323153072508,-2.8553304185966226,0.45786974108932554,2.891808517030194
25,1,55,55,73,69,1,7283,0.879270795605457,8041.0,7525.0,0.9358288770053476,1.0121285554391761,1.4869074564285256,1.7986934137640413
25,1,55,55,74,70,1,45617,0.9466857593491885,46107.0,47696.0,0.9666848373029184,3.2504854565718233,-3.7096094404464566,4.932226465201532
25,1,55,55,75,71,1,813,0.7265415549597856,933.0,999.0,0.933933933933934,5.790555829140885,-3.1749530881363626,6.603852203241992
25,1,55,55,76,72,1,5563,0.8177274731735998,6071.0,6295.0,0.964416203335981,6.5021293303270795,7.214999655257543,9.712564329448023
25,1,55,55,77,73,1,70901,0.9146273816741702,71965.0,76455.0,0.9412726440389771,3.9784399632242184,-3.7508959793567556,5.467833683364391
25,1,55,55,78,74,1,233342,0.9261881891576499,246472.0,238808.0,0.9689051900418709,-12.678518295987033,37.981742871023584,40.04194822560746
25,1,55,55,78,76,1,532,0.002157873602148139,246472.0,599.0,0.0024302963419779934,181.2992682958943,-740.87539010618,762.7357133041635
25,1,55,55,78,77,1,3648,0.014791867716586518,246472.0,3798.0,0.01540945827517933,240.3957482110768,-808.7683106398763,843.7394716695686
25,1,999,999,79,78,1,28490,0.9256010396361274,29693.0,29577.0,0.9960933553362745,-1.0532627744480578,0.8273011295386823,1.339324318816768
26,1,1,1,1,1,1,13519,0.7431696993018526,16916.0,14794.0,0.8745566327737053,-6.955420924864793,23.24420906579462,24.262545936822374
26,1,2,2,2,2,1,52887,0.9535374296841195,54280.0,54071.0,0.9961495946941783,-0.5092112898122139,-2.2423252366388624,2.299417014058074
26,1,2,2,3,3,1,2004,0.7474822827303245,2565.0,2120.0,0.8265107212475633,2.023315495237057,-0.8071775350326789,2.178380399821805
26,1,3,3,4,4,1,41964,0.9071139837011738,44126.0,44099.0,0.9993881158500657,-7.571806771818842,8.833279512652553,11.634392323555579
26,1,3,54,4,67,0,142,0.0017644792922201374,44126.0,36493.0,0.8270180845759869,-111.16684827100204,237.6415646562391,262.3577355573368
26,1,3,3,5,6,1,399,0.6551724137931034,601.0,407.0,0.6772046589018302,0.936077054213456,0.742574824105759,1.1948462749745845
26,1,4,4,6,7,1,106282,0.9367601822716977,108935.0,110804.0,0.9831323778924949,-5.089322381135844,8.432418854983098,9.84920758462348
26,1,5,5,8,8,1,943,0.7259430331023865,1144.0,1098.0,0.9597902097902098,-5.307849936948287,-2.5012546651890943,5.867669541929925
26,1,5,5,9,9,1,1412,0.761596548004315,1514.0,1752.0,0.8641552511415526,-6.148994468672981,1.004878365091713,6.230562856147133
26,1,5,5,10,10,1,179,0.6654275092936803,222.0,226.0,0.9823008849557522,-2.768396715299332,-0.7152196444232004,2.8592935339081538
26,1,5,5,11,11,1,31117,0.9100400666803147,33988.0,31322.0,0.9215605507826292,2.7894692859028964,-5.074054267751393,5.790264727029477
26,1,6,6,12,12,1,49366,0.9373409789997341,51527.0,50505.0,0.9801657383507676,-2.963749587931261,6.582611442929192,7.219043221130142
26,1,6,6,13,13,1,1861,0.6959611069558713,2435.0,2100.0,0.8624229979466119,-1.6397125256673917,-4.405250806688173,4.700520379347092
26,1,6,6,14,14,1,891,0.6595114729829755,1295.0,947.0,0.7312741312741313,-1.3081847573928371,-1.1910874821118114,1.7691909872928955
26,1,8,8,15,15,1,34745,0.8711076568219426,38798.0,35833.0,0.9235785349760297,-9.166368556462885,3.5636080514495916,9.834714782710671
26,1,8,8,15,16,1,2828,0.07254258157192695,38798.0,3014.0,0.07768441672251147,102.45329432115909,-34.38205548531653,108.06851186471216
26,1,10,10,16,17,1,32738,0.9308766242998094,33583.0,34324.0,0.9784116070388067,-1.7353847074409714,4.597860701819059,4.914456543317077
26,1,10,10,17,18,1,137,0.5524193548387096,144.0,241.0,0.5975103734439834,-0.6990548639923873,-2.2608633010603967,2.366470065087055
26,1,10,10,18,17,1,220,0.006406336449142424,237.0,34324.0,0.006904789651555763,-54.35308861152862,-73.33440133903923,91.28084498605368
26,1,12,12,19,19,1,215772,0.9561267852157768,221892.0,219553.0,0.9894588358300435,-1.8023317183046856,7.750845447484721,7.957638140403329
26,1,12,12,20,20,1,136,0.6415094339622641,197.0,151.0,0.766497461928934,-2.693683396645156,-0.12246613103843629,2.696465871212411
26,1,12,12,21,19,1,348,0.0015848365751135116,376.0,219553.0,0.0017125705410538684,-87.7254840492642,-166.96501862439845,188.6082659798436
26,1,12,12,22,19,1,292,0.0013294723997887413,375.0,219553.0,0.001708015832168087,-122.79841312727831,-81.31222429815739,147.27908231276965
26,1,13,13,23,21,1,80645,0.9089628277090237,86515.0,82852.0,0.957660521296885,-1.4020426284828318,18.6727080962296,18.725270390012568
26,1,13,13,24,22,1,3296,0.39634439634439633,8316.0,3296.0,0.39634439634439633,5.869274839238642,23.03635785735287,23.772298384265312
26,1,13,13,25,23,1,465,0.7622950819672131,561.0,514.0,0.9162210338680927,-1.4858229814744845,0.4689895059545961,1.5580825039044828
26,1,14,14,26,24,1,80072,0.9589116558686515,81359.0,82216.0,0.9895762382018098,-0.5141113807894726,4.915832800811131,4.942643284456999
26,1,14,14,26,25,1,297,0.0036493659687407845,81359.0,322.0,0.003957767425853317,-95.29588762297999,-58.564930113058494,111.85328442651587
26,1,14,14,28,26,1,412,0.8190854870775348,464.0,451.0,0.9719827586206896,-1.0607605703798981,0.2263217753651361,1.0846356686358392
26,1,15,14,29,24,0,27,0.00022686216023190355,36826.0,82216.0,0.44791768025688433,-202.03981382396933,145.95372304566956,249.2440082347341
26,1,15,15,29,28,1,35293,0.9426297374535937,36826.0,35908.0,0.9750719600282409,2.888678307745522,-5.1582853838276606,5.9120529823953385
26,1,16,16,30,29,1,99615,0.9516689913445555,101620.0,102669.0,0.989782699743837,-3.49640116269029,6.348369845279194,7.247525148829233
26,1,16,16,31,30,1,391,0.6649659863945578,559.0,420.0,0.7513416815742398,-3.465542209728028,-1.7169094471419157,3.8675264520222457
26,1,16,16,32,31,1,321,0.6729559748427673,401.0,397.0,0.9900249376558603,-1.3796930846688156,-2.5527679541698944,2.9017541652799776
26,1,16,16,33,32,1,2852,0.8200115008625647,3019.0,3311.0,0.9118091211114467,6.081046356064235,1.7771799443153213,6.335415798436494
26,1,16,16,34,33,1,254,0.4568345323741007,308.0,502.0,0.6135458167330677,-5.017708387230414,-0.1294303306256097,5.019377418541895
26,1,17,17,35,34,1,90840,0.9300992146784482,93042.0,95465.0,0.9746189703032525,-4.69330820640198,15.224825843174813,15.931806673296153
26,1,17,17,36,35,1,653,0.7207505518763797,811.0,748.0,0.9223181257706535,-4.213944954733051,-1.7109150912915538,4.54802842241881
26,1,17,17,37,36,1,571,0.7084367245657568,735.0,642.0,0.8734693877551021,-3.08261809396663,-1.6784538114311545,3.509948932727972
26,1,23,23,38,37,1,34321,0.8988790529568906,37504.0,34999.0,0.9332071245733788,-12.88510874887129,11.192790800544117,17.0676475641778
26,1,23,23,39,38,1,252,0.7753846153846153,310.0,267.0,0.8612903225806452,1.4477467681526832,0.8634046151987604,1.6856566181292851
26,1,24,24,40,39,1,9304,0.720737469982183,12329.0,9884.0,0.8016870792440587,-9.08516751163188,-6.29975244673733,11.055638814857529
26,1,24,24,40,42,1,1791,0.14477406838574083,12329.0,1833.0,0.148673858382675,50.27666680959305,-7.945785215728392,50.90067512496591
26,1,24,24,41,40,1,486,0.6576454668470907,497.0,728.0,0.6826923076923077,1.3550727441570416,1.4675359851414669,1.997469401428325
26,1,24,24,42,43,1,377,0.4648581997533909,426.0,762.0,0.5590551181102362,-4.5028279915718485,4.299545303315881,6.225877427073923
26,1,24,24,43,44,1,3396,0.7905027932960894,3712.0,3980.0,0.9326633165829146,-6.557893725091162,1.7557756454687024,6.788867227071912
26,1,24,24,44,45,1,726,0.1199207135777998,748.0,6032.0,0.1240053050397878,28.92899456020632,-71.18704077362804,76.84062402382368
26,1,24,24,45,45,1,4342,0.7020210185933711,4495.0,6032.0,0.7451923076923077,-8.95596496106782,14.244246812697838,16.825809806512346
26,1,26,26,46,46,1,1792,0.777103209019948,2222.0,1876.0,0.8442844284428442,-1.0573375567832954,-3.5579809580103756,3.7117638942353133
26,1,26,26,47,47,1,906,0.8435754189944135,984.0,996.0,0.9879518072289156,-1.0343936722501894,-0.3608090900186198,1.0955151612968652
26,1,29,29,48,48,1,81415,0.9431437739652236,81952.0,85786.0,0.9553073928146784,-2.043510926815884,2.5521255777921397,3.2694467227402217
26,1,29,29,49,49,1,257168,0.9588665175242357,263807.0,261561.0,0.9914862001387378,-3.5273264230315817,6.388867098737023,7.297921245117763
26,1,29,29,49,51,1,400,0.0015160531073403502,263807.0,436.0,0.0016527233924801086,220.1071748031809,-152.8281059342695,267.96193454163284
26,1,29,29,50,50,1,2152,0.8933167289331673,2294.0,2267.0,0.9882301656495205,-1.951029689849065,-0.13845443263318202,1.9559362158793203
26,1,29,29,51,49,1,529,0.002021298139565096,681.0,261561.0,0.0026035991604252927,-139.55305731615044,-17.267817278057805,140.61732937242536
26,1,29,29,52,52,1,248,0.6475195822454308,379.0,252.0,0.6649076517150396,-2.0165745277881797,-0.23840934790803203,2.030618586365754
26,1,29,29,53,53,1,203,0.5654596100278552,272.0,290.0,0.9379310344827586,-3.990542596349087,-2.919497971602425,4.944481633039725
26,1,43,17,54,34,0,13,0.0001354053828847596,556.0,95465.0,0.005824124024511601,-17.010382463421138,-294.17263131201435,294.66402923428944
26,1,43,43,54,54,1,461,0.8202846975088968,556.0,467.0,0.8399280575539568,-0.17779951627562696,0.8255896353580283,0.8445181549253095
26,1,43,43,55,55,1,7052,0.8772235352655803,8007.0,7084.0,0.8847258648682403,-0.7026439034111718,0.30235119651456444,0.7649344423116774
26,1,46,46,56,56,1,2712,0.7327749256957579,3251.0,3162.0,0.9726238080590588,-1.0678424057136908,-4.1976544559538524,4.331349712852754
26,1,46,46,57,57,1,95,0.5428571428571428,122.0,148.0,0.8243243243243243,-0.9395214887017573,2.8241027913159087,2.9762824468875047
26,1,46,46,58,58,1,429,0.6875,507.0,546.0,0.9285714285714286,-3.485207100592106,-1.7457030149339516,3.897967104833893
26,1,46,46,59,59,1,427,0.7176470588235294,517.0,505.0,0.97678916827853,-2.8401057126989144,0.30410019725377424,2.8563398588534232
26,1,46,46,60,60,1,222,0.8345864661654135,258.0,230.0,0.8914728682170543,-0.027131782945616578,-0.1546343107515895,0.156996508583558
26,1,46,46,61,61,1,2567,0.8562374916611074,2726.0,2839.0,0.9601972525537161,-1.0266839330702169,-2.8285936865640906,3.0091563837884467
26,1,48,14,63,24,0,13,0.000156146777971293,1052.0,82216.0,0.012795562907463268,-120.42093140724364,-28.665111256595424,123.78565879915601
26,1,48,48,63,62,1,892,0.8057813911472448,1052.0,947.0,0.9001901140684411,0.02442674686153623,-1.725068356748011,1.7252412878828052
26,1,48,15,64,28,0,14,0.0002918125729531432,12082.0,35908.0,0.3364709813969032,-65.05235730712911,166.21876851890454,178.49506491540757
26,1,48,48,64,63,1,11458,0.9296551724137931,12082.0,11701.0,0.9684654858467141,-0.8355591405625091,-1.6612460849777335,1.859542317945845
26,1,48,48,65,64,1,497,0.6752717391304348,685.0,548.0,0.8,-0.9080291970803955,-2.343065693430731,2.5128616886893114
26,1,54,54,66,65,1,719,0.49011588275391954,729.0,1457.0,0.5003431708991077,14.036093670120977,7.293126319842941,15.817762706324684
26,1,54,54,67,66,1,3314,0.8889484978540773,3478.0,3564.0,0.9758698092031426,-0.45714879934740793,0.8270183465219816,0.944957337782362
26,1,54,3,68,4,0,709,0.00871307083517672,37982.0,44099.0,0.8612893716410803,101.88846911541816,-227.9312420792453,249.6676015314583
26,1,54,54,68,67,1,35764,0.9238717677146031,37982.0,36493.0,0.9607972197356642,-1.7065723837650353,0.877043064341251,1.9187479870317952
26,1,55,55,69,68,1,5259,0.6806004917820629,7525.0,5461.0,0.7257142857142858,-18.075242106364612,-0.4080037669709782,18.079846356580543
26,1,55,55,69,70,1,1153,0.14977916341906988,7525.0,1326.0,0.17621262458471762,67.83766369517389,0.6448818668791318,67.84072883041384
26,1,55,55,70,69,1,47527,0.3564079490063742,47696.0,133181.0,0.3581291625682342,119.53402337013836,-307.3047102182868,329.7340862959091
26,1,55,55,72,71,1,5520,0.7861008259755056,6295.0,6247.0,0.992374900714853,7.223189628241698,16.236275827011696,17.770512686367347
26,1,55,55,73,69,1,75895,0.567477437734128,76455.0,133181.0,0.5740683731162853,-73.25286134454723,190.57037326446243,204.16426930616433
26,1,55,55,74,72,1,222406,0.914611177365629,238808.0,226768.0,0.9495829285451074,-20.086781233065267,47.94850231454711,51.98593708411106
26,1,55,55,74,73,1,383,0.001603543705986284,238808.0,421.0,0.0017629225151586212,131.3605742149589,-80.94872664677962,154.29937395796125
26,1,55,55,74,76,1,201,0.0008415816711048585,238808.0,229.0,0.0009589293491005326,243.51688742223178,-793.1727098848592,829.7128552492741
26,1,55,55,74,77,1,8454,0.03536764951972957,238808.0,8678.0,0.036338816120062976,326.5844693515396,-806.5152470037694,870.1288750933265
26,1,55,55,75,72,1,113,0.0004983022445649777,115.0,226768.0,0.0005071262259225287,-164.6950679338238,180.62818011282934,244.44018665636702
26,1,55,55,76,74,1,515,0.7947530864197531,599.0,564.0,0.9415692821368948,-2.0241714914927798,1.0569803099728574,2.283523068121367
26,1,55,55,77,75,1,3428,0.8516770186335404,3798.0,3655.0,0.9623486045286993,-2.9596216310837917,-2.707355804660665,4.011126481701727
26,1,999,999,78,78,1,28035,0.9273593331348615,29577.0,28689.0,0.9699766710619738,-0.6393487431736844,1.4387439635593182,1.5744049695285347
27,1,1,1,1,1,1,12129,0.6775220645737906,14794.0,15237.0,0.9709260353087878,4.259961532131026,3.530445880419393,5.53274980184414
27,1,2,2,2,2,1,50443,0.8680755132595639,54071.0,54481.0,0.9924744406306786,6.243993881938309,0.6817227336225642,6.281099066502681
27,1,2,2,3,3,1,1454,0.48161642928121895,2120.0,2353.0,0.9009774755631109,10.673648854533326,2.3139865607133743,10.921598494407432
27,1,3,3,4,4,1,40265,0.8275103785605655,44099.0,44824.0,0.9838256291272532,4.7715225058231,3.3246115365532205,5.815536853340293
27,1,3,54,4,52,0,210,0.002411852532445159,44099.0,43181.0,0.9791832014331391,-124.11321069107925,263.1936944573081,290.9897074986245
27,1,3,3,5,4,1,222,0.004924906271491004,475.0,44824.0,0.010597001606282349,25.499306809322093,135.94781569084216,138.31855710231773
27,1,3,3,6,4,1,15,0.0003317409766454352,407.0,44824.0,0.009079957165804033,-6.0372921820137435,157.1317598263654,157.2476990070811
27,1,4,4,7,5,1,106880,0.9090599802674106,110804.0,113648.0,0.9749753625228776,5.295031525315608,5.668648833994666,7.756992874641257
27,1,5,5,8,6,1,905,0.6057563587684069,1098.0,1301.0,0.8439661798616449,6.679036302465988,-1.3161719512382888,6.807483715359512
27,1,5,5,9,7,1,1410,0.6476802939825448,1752.0,1835.0,0.9547683923705722,5.978712378535079,0.6436906672638827,6.013263621393228
27,1,5,5,10,8,1,103,0.33881578947368424,226.0,181.0,0.8008849557522124,7.699286168288268,1.1616633256734872,7.78642852554429
27,1,5,5,11,9,1,26272,0.7949167927382753,31322.0,28000.0,0.8939403614073176,8.345307463033805,-0.39444573645178593,8.35462411431973
27,1,6,6,12,10,1,47579,0.884631117060836,50505.0,50858.0,0.9930591057454088,4.931504312246943,8.419361840900365,9.757324868513878
27,1,6,6,13,11,1,1669,0.7355663287791979,2100.0,1838.0,0.8752380952380953,6.219129488574481,-0.8095445359863334,6.271597400296197
27,1,6,6,14,12,1,485,0.4011579818031431,947.0,747.0,0.7888067581837381,7.7048737010698005,-1.678990513267422,7.885688802703227
27,1,8,8,15,13,1,30866,0.7990783648743107,35833.0,33660.0,0.9393575754193062,4.104601573294985,11.895996299032845,12.58421559025825
27,1,8,8,15,14,1,1497,0.04146814404432133,35833.0,1764.0,0.049228364915022464,116.3629703753611,-89.35041378015035,146.71004504552934
27,1,8,8,16,15,1,2432,0.6753679533462927,3014.0,3019.0,0.9983438224577674,6.91026671821669,-1.1501384836974466,7.005326876640027
27,1,10,10,17,16,1,29895,0.7638551754094591,34324.0,34708.0,0.9889362682954939,2.9485932897382554,14.959776317947018,15.247593576407324
27,1,10,10,17,17,1,431,0.012497462812074115,34324.0,594.0,0.01730567532921571,137.81899237490052,-152.1947935635734,205.32250204761192
27,1,10,10,18,16,1,183,0.005263763447045965,241.0,34708.0,0.006943644116630171,30.657780357954834,-175.08730250765487,177.75112656712938
27,1,12,12,19,18,1,208408,0.8980664733283634,219553.0,220918.0,0.9938212368390081,4.811258991656359,14.442799347119717,15.223096467734674
27,1,12,48,20,50,0,53,0.004663850756775783,151.0,11266.0,0.013403159950292917,-38.018967578707816,-10.273544145603637,39.38257996960716
27,1,13,13,21,19,1,78631,0.8981678203458753,82852.0,83325.0,0.9943234323432343,7.358812741603288,5.3692856975553696,9.109410182221215
27,1,13,13,22,20,1,2351,0.6451701427003294,3296.0,2699.0,0.818871359223301,9.30173246024242,1.475352027180179,9.41800883233989
27,1,13,13,23,21,1,207,0.25274725274725274,514.0,512.0,0.9961089494163424,10.96808122568109,-0.501778331712103,10.979553145156398
27,1,14,14,24,22,1,77494,0.8672501007207126,82216.0,84634.0,0.9714299217808445,10.164806757431961,5.11717343962448,11.380191581301816
27,1,14,14,25,23,1,194,0.44803695150115475,322.0,305.0,0.9472049689440993,6.402698299561962,-1.1855819163017713,6.511539756115708
27,1,14,14,26,24,1,232,0.39658119658119656,451.0,366.0,0.811529933481153,8.940647983230974,2.359001853803875,9.24662511981005
27,1,14,14,27,22,1,776,0.009143718995604887,1009.0,84634.0,0.01192192263156651,-152.10656291078612,-0.6242933924569343,152.10784405405528
27,1,15,14,28,22,0,582,0.004851617205735245,35908.0,84634.0,0.4242739324621311,-194.7636853742829,156.2291818691217,249.68069690720537
27,1,15,15,28,25,1,33408,0.8541405670748856,35908.0,36613.0,0.9807445442875481,9.891525561758499,-4.866732920229879,11.023945176558664
27,1,16,16,29,26,1,97031,0.8958554532780604,102669.0,102673.0,0.9999610413643314,6.473406361358229,6.472923032124527,9.154437311985996
27,1,16,16,30,27,1,226,0.4718162839248434,420.0,285.0,0.6785714285714286,7.088220551378527,-0.16992481203010357,7.090257049411423
27,1,16,16,31,28,1,261,0.4423728813559322,397.0,454.0,0.8744493392070485,6.965112795303867,-1.793162374194253,7.192233835988066
27,1,16,16,32,30,1,2594,0.5270215359609914,3311.0,4205.0,0.7873959571938168,32.14081652661389,7.164336153297199,32.92961887898033
27,1,16,16,33,30,1,378,0.08731808731808732,502.0,4205.0,0.11938168846611177,-73.13436243136857,-26.473071329426602,77.77826479072212
27,1,17,17,34,31,1,89282,0.8679109555749975,95465.0,96687.0,0.9873612791792071,8.163348910890363,5.223799127645407,9.691663570663387
27,1,17,55,34,58,0,37,0.00011556685542586386,95465.0,224733.0,0.4247929765544001,-113.38163286399185,-140.49357138280948,180.53763671545505
27,1,17,17,35,31,1,618,0.006383176508257847,748.0,96687.0,0.007736303743005782,-60.267348637361465,-139.73663082246367,152.1791027223869
27,1,17,17,36,31,1,559,0.005776583651958251,642.0,96687.0,0.006639982624344534,-177.6485979085228,263.88181171172926,318.10789819042304
27,1,23,23,37,32,1,32058,0.8497813121272366,34999.0,34784.0,0.9938569673419241,2.866174613958492,5.35624595598938,6.07489322200421
27,1,24,24,39,34,1,6732,0.49870360767464256,9884.0,10347.0,0.9552527302599787,23.04108304833221,-49.51506934386907,54.61349283984961
27,1,24,24,40,34,1,474,0.044712762946891804,728.0,10347.0,0.07035855803614574,-4.430280927635067,140.7873230229709,140.85701158647416
27,1,24,24,41,34,1,512,0.04775228502145122,887.0,10347.0,0.08572533101382043,-25.641659881263422,103.43010892928555,106.56116625952565
27,1,24,24,42,35,1,1227,0.5823445657332701,1833.0,1501.0,0.8188761593016912,7.432388591275412,1.9961705834953136,7.695784376535827
27,1,24,24,43,36,1,445,0.0739202657807309,762.0,5703.0,0.13361388742766964,49.229103759452755,-88.5340648173842,101.30047033478054
27,1,24,24,44,36,1,2978,0.44414615958240117,3980.0,5703.0,0.6978783096615816,-8.494066554057099,27.29132921313567,28.58261389104404
27,1,24,24,45,37,1,4758,0.5689345928494559,6032.0,7089.0,0.8508957539850472,5.604867120502604,5.020229837350371,7.524443039741485
27,1,26,26,46,38,1,922,0.4704081632653061,1876.0,1006.0,0.5362473347547975,8.366306425837138,-6.447176217746801,10.562251861875087
27,1,26,26,47,39,1,663,0.5068807339449541,996.0,975.0,0.9789156626506024,8.080231696014835,-0.09788384306443731,8.080824556195726
27,1,29,29,48,40,1,83002,0.8962918169449063,85786.0,89822.0,0.9550666874485093,8.15731694283761,-0.2602520474488301,8.161467443671318
27,1,29,29,49,41,1,250195,0.916092724203712,261561.0,261745.0,0.9992970257311505,6.90023014403846,9.606951102834728,11.82821565296112
27,1,29,29,50,42,1,1879,0.7199233716475095,2267.0,2222.0,0.9801499779444199,6.658069225537474,1.7049096396185632,6.872888962533404
27,1,29,29,53,41,1,247,0.0009435115436918423,290.0,261745.0,0.0011079485759040288,-263.6667924361759,385.22031768218733,466.81352871221156
27,1,43,17,54,31,0,119,0.0012263616220951202,467.0,96687.0,0.004830018513347192,-8.669234036255148,-289.77442181972697,289.9040723407183
27,1,43,43,54,43,1,268,0.5234375,467.0,313.0,0.6702355460385439,5.875330947999373,0.7924143639982049,5.928527158813552
27,1,43,43,55,44,1,6043,0.7861324313776505,7084.0,6646.0,0.9381705251270469,8.525890084218645,0.4290725302644205,8.536679973174895
27,1,46,46,56,45,1,2378,0.606323304436512,3162.0,3138.0,0.9924098671726755,8.244604608018562,-3.643073278160955,9.013627907375106
27,1,46,46,57,46,1,28,0.02938090241343127,148.0,833.0,0.17767106842737096,19.09170695305147,22.288358586677987,29.34730316178194
27,1,46,46,58,46,1,303,0.2815985130111524,546.0,833.0,0.6554621848739496,1.8592052205499385,-12.00349370517415,12.146625258987601
27,1,46,46,59,47,1,409,0.5595075239398085,505.0,635.0,0.7952755905511811,4.727231620800012,3.0836516722538363,5.644078882553413
27,1,46,46,61,48,1,2104,0.5850945494994438,2839.0,2861.0,0.9923103809856694,8.314905399021427,-0.6136087715185568,8.33751566830073
27,1,48,14,62,22,0,196,0.0022954851554722725,947.0,84634.0,0.011189356523383038,-110.28055139667322,-21.822869460222933,112.41902707207626
27,1,48,48,62,49,1,657,0.4866666666666667,947.0,1060.0,0.8933962264150943,10.32112530134873,-1.3547329202446008,10.409655554884386
27,1,48,15,63,25,0,893,0.01883131945762426,11701.0,36613.0,0.31958593942042446,-54.325272604808106,163.0132816836524,171.82713769617567
27,1,48,48,63,50,1,9233,0.6722731906218145,11701.0,11266.0,0.9628236902828818,10.337849719411679,-2.2091187922490008,10.571250761353067
27,1,48,15,64,25,0,187,0.005057608048899227,548.0,36613.0,0.014967361319749815,-78.57177907970527,-37.894088514290615,87.23237020784717
27,1,48,48,64,51,1,241,0.33612273361227335,548.0,410.0,0.7481751824817519,8.765390777995435,-1.0635392558305057,8.829676734720243
27,1,54,54,65,52,1,1269,0.02926053171620282,1457.0,43181.0,0.03374169194784743,157.76052889183308,-200.61811782448285,255.21758104736628
27,1,54,54,66,52,1,3059,0.07002243281600513,3564.0,43181.0,0.0825363006878025,123.18784964762557,-141.2705271075829,187.43694441080797
27,1,54,3,67,4,0,1081,0.013472755371653622,36493.0,44824.0,0.8141397465643405,108.3665640050063,-225.48367360703332,250.17233911360836
27,1,54,54,67,52,1,33092,0.7104031600188914,36493.0,43181.0,0.8451170653759755,-20.51816919189605,34.38540931372154,40.04187359077295
27,1,55,55,68,53,1,3535,0.6214838255977496,5461.0,3762.0,0.6888848196301044,3.7517142239382792,11.517072633640964,12.112733864271204
27,1,55,55,68,54,1,604,0.10951949229374433,5461.0,658.0,0.1204907526094122,13.733679937706938,-48.270222005277446,50.185937244113966
27,1,55,55,69,55,1,126813,0.8708846676830525,133181.0,139246.0,0.9564439912098014,9.06932702973154,-0.5369652135782417,9.08520910121568
27,1,55,55,70,56,1,1055,0.6560945273631841,1326.0,1337.0,0.9917726252804787,9.594799820854632,1.2774350175027394,9.679464025772
27,1,55,55,71,57,1,5238,0.6591995972816511,6247.0,6937.0,0.9005333717745423,11.625800929350135,8.68691476738013,14.512812801955569
27,1,55,55,72,58,1,211358,0.8801339202058773,226768.0,224733.0,0.9910260706978057,-0.575865128966143,19.368957824189238,19.377516555069192
27,1,55,55,73,59,1,170,0.2560240963855422,421.0,413.0,0.9809976247030879,8.560713854364622,2.984534689112138,9.066050353203652
27,1,55,55,74,60,1,365,0.503448275862069,564.0,526.0,0.9326241134751773,7.050885850659142,2.2491572957959534,7.400925605642679
27,1,55,55,75,61,1,3153,0.760308656860381,3655.0,3645.0,0.9972640218878249,6.943143822750699,0.45217536531311,6.957852305445785
27,1,999,999,78,62,1,25266,0.7663097873889175,28689.0,29548.0,0.9709286584540409,2.437080133101176,12.82016571255599,13.049751280103107
28,1,2,2,2,1,1,49287,0.8592273630626547,54481.0,52168.0,0.957544832143316,-3.484984592420574,3.5758695440154042,4.993191424853019
28,1,2,2,3,2,1,1404,0.48480662983425415,2353.0,1947.0,0.8274543136421589,-7.872324853409225,1.0229812950105952,7.938513042600996
28,1,3,3,4,3,1,39109,0.7644299368659722,44824.0,45446.0,0.9863134269242617,-12.0156413370554,1.3666288436775176,12.093110068841918
28,1,3,54,4,49,0,789,0.009000273772586238,44824.0,43629.0,0.9733401749063002,-146.71066376528205,267.20630116286793,304.83311211807506
28,1,4,4,5,4,1,104364,0.854483080475204,113648.0,112853.0,0.9930047163170491,-17.62389225111349,0.570277676191381,17.633116420724395
28,1,5,5,6,5,1,957,0.5775497887748944,1301.0,1313.0,0.9908606245239908,-11.546452930635724,-3.3680957819663035,12.027661637903083
28,1,5,5,7,6,1,1241,0.5162229617304492,1835.0,1810.0,0.9863760217983651,-10.53172204073644,-3.397401658963986,11.066142380055705
28,1,5,5,8,7,1,54,0.18620689655172415,181.0,163.0,0.9005524861878453,-10.869843744703985,-2.813408805884137,11.228035097171132
28,1,5,5,9,8,1,21984,0.7029481358316813,28000.0,25258.0,0.9020714285714285,-10.809366099001181,-1.757072217571789,10.951241858346416
28,1,6,6,10,9,1,46282,0.8248146564014828,50858.0,51536.0,0.9868441477801925,-12.464886618126116,4.582889152719872,13.280672851510836
28,1,6,6,11,10,1,928,0.4020797227036395,1838.0,1398.0,0.7606093579978237,-13.58754150574191,-3.927385772617754,14.143749261678089
28,1,6,6,12,11,1,137,0.15930232558139534,747.0,250.0,0.33467202141900937,-10.719576974564916,3.9150200803212556,11.41213007036552
28,1,8,8,13,12,1,29831,0.8141204082746575,33660.0,32813.0,0.9748366013071895,-11.252893291735063,-0.1886600122022628,11.254474667232591
28,1,8,8,14,13,1,20,0.00436871996505024,1764.0,2834.0,0.6224417784050812,-9.271687174046292,46.543653194046385,47.45814825402524
28,1,8,8,14,14,1,1118,0.6149614961496149,1764.0,1172.0,0.6643990929705216,-2.076822765511224,-3.394770650011992,3.9796558350601794
28,1,8,8,15,13,1,2072,0.5480031737635546,3019.0,2834.0,0.9387214309373965,-11.438646394523857,-3.7109585656403965,12.02554966788851
28,1,10,10,16,15,1,29806,0.7488568413647555,34708.0,34900.0,0.9944985673352436,-14.489648766805203,10.07203957503171,17.646413306572658
28,1,12,12,18,16,1,205757,0.8606126768221781,220918.0,223921.0,0.986589020234815,-9.921891381919067,-4.545490440253616,10.91354259335789
28,1,13,13,19,17,1,79054,0.8764204387977961,83325.0,85930.0,0.9696846270219946,-10.921177612699012,3.30745044922287,11.411018750408862
28,1,13,13,20,18,1,1366,0.47812390619530976,2699.0,1524.0,0.5646535753982956,-0.6101115023648163,-11.141469232796226,11.15816170839367
28,1,13,13,21,19,1,263,0.33588761174968074,512.0,534.0,0.9588014981273408,-8.871781367041422,-4.233979985955102,9.830314905741917
28,1,14,14,22,20,1,78990,0.8596241116999859,84634.0,86245.0,0.9813206562699287,-10.331539009314838,0.45343117559843904,10.341484329243979
28,1,14,14,22,22,1,66,0.000773757884123895,84634.0,730.0,0.008625375144740884,-34.673639921259564,-253.6794985078377,256.038179318197
28,1,14,15,22,24,0,316,0.002617432431313106,84634.0,36411.0,0.4302171704043292,195.329077758141,-167.96400209944386,257.6147406867625
28,1,14,48,22,46,0,244,0.0028536342903923745,84634.0,1115.0,0.013174374364912447,113.05085175513341,13.529986104239242,113.85761110502037
28,1,14,14,23,21,1,71,0.12956204379562045,305.0,314.0,0.9713375796178344,-10.704949357836085,-1.1952385924611235,10.771468611417092
28,1,14,14,24,23,1,215,0.3758741258741259,366.0,421.0,0.8693586698337292,-9.522922264190129,-1.9991628051866428,9.730503603177473
28,1,14,15,24,24,0,39,0.0010615711252653928,366.0,36411.0,0.010051907390623713,68.90957448005929,76.21131944904062,102.74577688249067
28,1,15,15,25,24,1,33119,0.8299461220398446,36613.0,36411.0,0.9944828339660776,-9.326133177900374,-6.868087310092278,11.582201144470973
28,1,15,48,25,48,0,128,0.003479679217072176,36613.0,300.0,0.008193810941468878,78.54822676827007,31.631850071468193,84.67820184311557
28,1,16,16,26,25,1,94422,0.8405619057792971,102673.0,104081.0,0.9864720746341792,-12.77407485100548,5.402669501518176,13.869600788837628
28,1,16,16,28,26,1,131,0.17489986648865152,454.0,426.0,0.9383259911894273,-10.961913921118594,-5.199127215569433,12.132373247542642
28,1,16,16,29,25,1,74,0.0007105477939411398,138.0,104081.0,0.001325890412275055,-77.29538748318782,-214.87595433266938,228.35554006100128
28,1,16,16,30,27,1,4038,0.7557551937113981,4205.0,5176.0,0.8124034003091191,3.8691466330474213,1.4680273630972351,4.138284669621512
28,1,17,17,31,28,1,87519,0.8354318006090169,96687.0,95591.0,0.9886644533391252,-11.97464613962893,2.831343285884941,12.304822427481666
28,1,17,43,31,40,0,120,0.001239759073486719,96687.0,226.0,0.002337439366202282,6.236032088215325,285.9553261042772,286.0233148252232
28,1,23,23,32,29,1,30491,0.8039603438274535,34784.0,33633.0,0.9669100735970562,-15.699405780681445,3.957666618669009,16.19056722079313
28,1,23,23,33,30,1,97,0.19094488188976377,198.0,407.0,0.4864864864864865,-11.113022113021998,-2.5343980343982366,11.39835224413062
28,1,24,24,34,32,1,7359,0.5208436548941893,10347.0,11141.0,0.928731711695539,-6.455057333870172,-16.47623591870979,17.695595927589828
28,1,24,24,35,33,1,866,0.4579587519830777,1501.0,1256.0,0.8367754830113258,-10.062902332627345,-2.8084848954199515,10.447468150887032
28,1,24,24,36,34,1,2877,0.16699558857673555,5703.0,14402.0,0.39598666851826136,35.498839027729446,-119.1638859630009,124.33904973949146
28,1,24,24,37,34,1,5383,0.3341817730320338,7089.0,14402.0,0.49222330231912237,-55.909874147783285,87.67059847469886,103.98099761077904
28,1,26,26,38,35,1,587,0.4696,1006.0,831.0,0.8260437375745527,-8.89277093157034,-4.569052591789841,9.997880596802698
28,1,26,26,39,36,1,558,0.41797752808988764,975.0,918.0,0.9415384615384615,-10.257811295458396,-3.5576336517513028,10.85723029935845
28,1,29,29,40,37,1,84454,0.8588833519780331,89822.0,92962.0,0.9662227576859362,-10.185962445883433,-1.6316168188868687,10.315813317069193
28,1,29,29,41,38,1,246198,0.8905568376655791,261745.0,260907.0,0.9967984106668705,-13.072348806251057,9.357422794238119,16.07630755684963
28,1,29,29,42,39,1,1531,0.5438721136767318,2222.0,2124.0,0.9558955895589559,-12.148298728177906,-2.80189417246811,12.467227957439443
28,1,43,43,43,40,1,90,0.20044543429844097,313.0,226.0,0.7220447284345048,-8.308532896039196,-4.611510079447953,9.50251251498337
28,1,43,43,44,41,1,5098,0.6639749934878875,6646.0,6130.0,0.9223593138730063,-14.308554692466714,-2.0851968017657327,14.459695124358786
28,1,46,46,45,42,1,2116,0.5039295070254822,3138.0,3177.0,0.987724268177526,-10.538389873198412,-5.128219618662115,11.719910305832627
28,1,46,46,46,43,1,279,0.22055335968379447,833.0,711.0,0.8535414165666266,-11.53928744493578,-2.9821092994161518,11.918394632269768
28,1,46,46,47,44,1,289,0.2913306451612903,635.0,646.0,0.9829721362229102,-10.607754564735387,0.6495794836791902,10.627624871592024
28,1,46,46,48,45,1,1663,0.44560557341907825,2861.0,2534.0,0.8857042991960853,-8.030249908479618,-13.609590588617266,15.802084342972499
28,1,48,48,49,46,1,602,0.38270820089001906,1060.0,1115.0,0.9506726457399103,-7.550824942888539,-6.9381504357390895,10.25440826118671
28,1,48,15,50,24,0,11,0.00023077245835606092,11266.0,36411.0,0.3094119908818764,-73.98925550212016,158.35431316580912,174.78700875057382
28,1,48,48,50,47,1,9235,0.7065799540933435,11266.0,11039.0,0.9798508787502219,-9.789414383138137,-7.071839980153982,12.076570484607627
28,1,48,48,51,48,1,75,0.11811023622047244,410.0,300.0,0.7317073170731707,-8.788943089430632,-5.198699186991917,10.211365915786235
28,1,54,3,52,3,0,1306,0.014956310624019423,43181.0,45446.0,0.9501606301984773,116.86909185984695,-258.50245407707735,283.6933263156129
28,1,54,54,52,49,1,36619,0.7295929549122353,43181.0,43629.0,0.9897316005409246,-17.825930568379704,7.337218242113067,19.276892181082786
28,1,55,55,53,50,1,2100,0.4791238877481177,3762.0,2721.0,0.7232854864433812,-10.98337198949389,-8.284199272361548,13.75726781900369
28,1,55,55,55,51,1,131344,0.8196500336986097,139246.0,152342.0,0.9140355253311627,-5.997985374179507,-2.750577247293677,6.598598619570745
28,1,55,55,56,52,1,1014,0.5728813559322034,1337.0,1447.0,0.9239806496199032,-8.73735616825661,-2.8570916848052548,9.1926256154787
28,1,55,55,57,53,1,5540,0.6284741917186614,6937.0,7418.0,0.9351577244540308,-7.257238168591357,2.3919719955429173,7.641271874702588
28,1,55,17,58,28,0,23,7.180745611159502e-05,224733.0,95591.0,0.4253536418772499,109.57033563525329,148.54871379633983,184.58704944217766
28,1,55,55,58,54,1,204347,0.8415609981097031,224733.0,222433.0,0.9897656329955993,-20.127117586169334,16.65048988798935,26.12163233485845
28,1,55,55,58,58,1,1176,0.005228386224802824,224733.0,1369.0,0.006091673230010724,270.22401211128636,-312.8590428501574,413.40270610463745
28,1,55,55,59,55,1,138,0.20909090909090908,413.0,385.0,0.9322033898305084,-9.46048866387855,-2.130618534008363,9.697441987288942
28,1,55,55,60,56,1,254,0.3163138231631382,526.0,531.0,0.9905838041431262,-11.004385870693568,-0.32602951601472796,11.00921448771133
28,1,55,55,61,57,1,2876,0.6464374016632951,3645.0,3680.0,0.9904891304347826,-10.88944765014594,-4.64183515238264,11.837512564181889
28,1,999,999,62,59,1,25059,0.735860691842368,29548.0,29565.0,0.9994249957720277,-23.554680245675,7.295377088078567,24.65857839238211
